month,class,geometry
Jan,presence,"c(-68.65083, 43.09529)"
Jan,presence,"c(-67.0988, 45.0853)"
Jan,background,"c(-71.0252923293846, 40.9362917663131)"
Jan,background,"c(-68.3928515532197, 42.0879846058852)"
Jan,background,"c(-68.3105877789646, 42.2525121543955)"
Jan,background,"c(-68.4751153274749, 43.7332600909883)"
Jan,background,"c(-69.2154892957712, 41.6766657346095)"
Jan,background,"c(-72.0124576204464, 40.3604453465271)"
Jan,background,"c(-69.2977530700264, 41.8411932831198)"
Jan,background,"c(-71.8479300719361, 39.7023351524859)"
Jan,background,"c(-70.5317096838536, 42.6638310256713)"
Jan,background,"c(-67.5702138106682, 43.0751498969471)"
Jan,background,"c(-66.5007847453512, 44.8849529305604)"
Jan,background,"c(-71.6834025234258, 40.4427091207822)"
Jan,background,"c(-69.2154892957712, 41.7589295088646)"
Jan,background,"c(-68.4751153274749, 42.3347759286507)"
Jan,background,"c(-67.6524775849234, 43.1574136712022)"
Jan,background,"c(-69.4622806185367, 42.8283585741816)"
Jan,background,"c(-68.3105877789646, 41.5944019603543)"
Jan,background,"c(-69.4622806185367, 41.6766657346095)"
Jan,background,"c(-67.7347413591785, 43.9800514137537)"
Jan,background,"c(-68.8041704244955, 42.1702483801404)"
Jan,background,"c(-69.2154892957712, 41.3476106375889)"
Jan,background,"c(-71.7656662976809, 39.4555438297204)"
Jan,background,"c(-68.6396428759852, 41.9234570573749)"
Jan,background,"c(-69.626808167047, 41.7589295088646)"
Jan,background,"c(-72.0947213947015, 40.854027992058)"
Jan,background,"c(-68.3928515532197, 42.2525121543955)"
Jan,background,"c(-68.7219066502403, 43.6509963167331)"
Jan,background,"c(-69.5445443927918, 42.9928861226919)"
Jan,background,"c(-69.626808167047, 42.9928861226919)"
Jan,background,"c(-66.8298398423719, 44.9672167048155)"
Jan,background,"c(-68.4751153274749, 40.7717642178028)"
Jan,background,"c(-68.6396428759852, 42.1702483801404)"
Jan,background,"c(-71.8479300719361, 40.6895004435477)"
Jan,background,"c(-71.3543474264052, 39.8668627009962)"
Jan,background,"c(-68.4751153274749, 43.0751498969471)"
Jan,background,"c(-68.3928515532197, 42.0057208316301)"
Jan,background,"c(-68.2283240047094, 42.3347759286507)"
Jan,background,"c(-70.0381270383227, 43.0751498969471)"
Jan,background,"c(-67.8992689076888, 42.7460947999264)"
Jan,background,"c(-68.9686979730058, 41.1830830890786)"
Jan,background,"c(-69.5445443927918, 41.7589295088646)"
Jan,background,"c(-71.7656662976809, 40.6895004435477)"
Jan,background,"c(-68.1460602304543, 42.1702483801404)"
Jan,background,"c(-69.2154892957712, 41.8411932831198)"
Jan,background,"c(-69.5445443927918, 42.0879846058852)"
Jan,background,"c(-72.917359137253, 39.3732800554653)"
Jan,background,"c(-71.6834025234258, 40.854027992058)"
Jan,background,"c(-67.5702138106682, 42.6638310256713)"
Jan,background,"c(-70.4494459095985, 42.4170397029058)"
Jan,background,"c(-70.202654586833, 41.9234570573749)"
Jan,background,"c(-70.0381270383227, 42.6638310256713)"
Jan,background,"c(-68.8041704244955, 41.5944019603543)"
Jan,background,"c(-69.2154892957712, 42.9928861226919)"
Jan,background,"c(-72.0124576204464, 40.2781815722719)"
Jan,background,"c(-68.3105877789646, 43.6509963167331)"
Jan,background,"c(-70.5317096838536, 40.4427091207822)"
Jan,background,"c(-69.0509617472609, 42.1702483801404)"
Jan,background,"c(-70.6139734581088, 40.7717642178028)"
Jan,background,"c(-68.8041704244955, 41.9234570573749)"
Jan,background,"c(-67.8170051334337, 43.4864687682228)"
Jan,background,"c(-70.0381270383227, 42.2525121543955)"
Jan,background,"c(-69.626808167047, 43.1574136712022)"
Jan,background,"c(-69.9558632640676, 42.0057208316301)"
Jan,background,"c(-68.0637964561991, 42.3347759286507)"
Jan,background,"c(-68.9686979730058, 40.854027992058)"
Jan,background,"c(-69.7913357155573, 43.6509963167331)"
Jan,background,"c(-71.0252923293846, 40.5249728950374)"
Jan,background,"c(-67.8170051334337, 42.7460947999264)"
Jan,background,"c(-67.7347413591785, 43.1574136712022)"
Jan,background,"c(-69.0509617472609, 41.2653468633337)"
Jan,background,"c(-71.4366112006603, 40.4427091207822)"
Jan,background,"c(-69.1332255215161, 41.5121381860992)"
Jan,background,"c(-68.7219066502403, 42.3347759286507)"
Jan,background,"c(-67.8170051334337, 44.0623151880089)"
Jan,background,"c(-67.7347413591785, 42.5815672514161)"
Jan,background,"c(-69.3800168442815, 41.7589295088646)"
Jan,background,"c(-71.1075561036397, 40.5249728950374)"
Jan,background,"c(-68.8864341987506, 43.4864687682228)"
Jan,background,"c(-69.3800168442815, 42.9928861226919)"
Jan,background,"c(-68.8864341987506, 42.0057208316301)"
Jan,background,"c(-69.2154892957712, 42.499303477161)"
Jan,background,"c(-68.3105877789646, 42.8283585741816)"
Jan,background,"c(-69.2977530700264, 42.1702483801404)"
Jan,background,"c(-68.9686979730058, 41.3476106375889)"
Jan,background,"c(-72.0947213947015, 39.9491264752513)"
Jan,background,"c(-68.3928515532197, 43.8155238652434)"
Jan,background,"c(-70.1203908125779, 42.0057208316301)"
Jan,background,"c(-67.8992689076888, 43.4864687682228)"
Jan,background,"c(-65.5958832285446, 41.8411932831198)"
Jan,background,"c(-69.0509617472609, 42.2525121543955)"
Jan,background,"c(-69.4622806185367, 42.0057208316301)"
Jan,background,"c(-69.2977530700264, 41.7589295088646)"
Jan,background,"c(-69.4622806185367, 43.0751498969471)"
Jan,background,"c(-69.2977530700264, 41.1830830890786)"
Jan,background,"c(-69.5445443927918, 43.1574136712022)"
Jan,background,"c(-69.9558632640676, 42.2525121543955)"
Jan,background,"c(-72.0947213947015, 40.1136540237616)"
Jan,background,"c(-68.55737910173, 41.5944019603543)"
Jan,background,"c(-68.7219066502403, 41.9234570573749)"
Jan,background,"c(-70.3671821353433, 41.9234570573749)"
Jan,background,"c(-69.3800168442815, 42.5815672514161)"
Jan,background,"c(-69.5445443927918, 42.6638310256713)"
Jan,background,"c(-69.1332255215161, 41.429874411844)"
Jan,background,"c(-68.6396428759852, 41.5944019603543)"
Jan,background,"c(-69.7090719413021, 41.6766657346095)"
Jan,background,"c(-72.2592489432118, 40.4427091207822)"
Jan,background,"c(-67.8170051334337, 42.0057208316301)"
Jan,background,"c(-69.3800168442815, 42.4170397029058)"
Jan,background,"c(-68.6396428759852, 43.2396774454574)"
Jan,background,"c(-68.8041704244955, 41.429874411844)"
Jan,background,"c(-69.7913357155573, 42.5815672514161)"
Jan,background,"c(-68.0637964561991, 42.1702483801404)"
Jan,background,"c(-72.5060402659773, 39.8668627009962)"
Jan,background,"c(-71.27208365215, 40.7717642178028)"
Jan,background,"c(-67.0766311651373, 42.3347759286507)"
Jan,background,"c(-68.9686979730058, 42.4170397029058)"
Jan,background,"c(-68.8041704244955, 41.6766657346095)"
Jan,background,"c(-72.5060402659773, 40.0313902495065)"
Jan,background,"c(-68.3928515532197, 40.7717642178028)"
Jan,background,"c(-72.5883040402324, 40.1136540237616)"
Jan,background,"c(-67.2411587136476, 44.3913702850295)"
Jan,background,"c(-70.0381270383227, 42.499303477161)"
Jan,background,"c(-69.0509617472609, 42.7460947999264)"
Jan,background,"c(-70.1203908125779, 42.5815672514161)"
Jan,background,"c(-68.4751153274749, 41.7589295088646)"
Jan,background,"c(-67.8170051334337, 43.1574136712022)"
Jan,background,"c(-69.626808167047, 43.0751498969471)"
Jan,background,"c(-69.9558632640676, 43.0751498969471)"
Jan,background,"c(-68.3105877789646, 41.8411932831198)"
Jan,background,"c(-73.1641504600185, 40.5249728950374)"
Jan,background,"c(-72.2592489432118, 39.4555438297204)"
Jan,background,"c(-68.7219066502403, 42.499303477161)"
Jan,background,"c(-68.3928515532197, 42.5815672514161)"
Jan,background,"c(-72.341512717467, 39.2910162812101)"
Jan,background,"c(-72.917359137253, 39.0442249584447)"
Jan,background,"c(-69.2977530700264, 42.9928861226919)"
Jan,background,"c(-69.7090719413021, 41.5121381860992)"
Jan,background,"c(-69.1332255215161, 42.5815672514161)"
Jan,background,"c(-69.1332255215161, 41.2653468633337)"
Jan,background,"c(-68.8864341987506, 42.5815672514161)"
Jan,background,"c(-69.8735994898124, 41.9234570573749)"
Jan,background,"c(-69.1332255215161, 41.3476106375889)"
Jan,background,"c(-68.3105877789646, 42.4170397029058)"
Jan,background,"c(-68.3928515532197, 42.4170397029058)"
Jan,background,"c(-67.5702138106682, 43.9800514137537)"
Jan,background,"c(-68.3105877789646, 43.7332600909883)"
Jan,background,"c(-69.2154892957712, 42.7460947999264)"
Jan,background,"c(-68.9686979730058, 42.0057208316301)"
Jan,background,"c(-70.6962372323639, 40.6895004435477)"
Jan,background,"c(-68.8864341987506, 41.5121381860992)"
Jan,background,"c(-69.626808167047, 43.4864687682228)"
Jan,background,"c(-72.0947213947015, 40.1959177980168)"
Jan,background,"c(-71.0252923293846, 41.0185555405683)"
Jan,background,"c(-67.4879500364131, 42.0057208316301)"
Jan,background,"c(-69.3800168442815, 41.5121381860992)"
Jan,background,"c(-68.4751153274749, 42.2525121543955)"
Jan,background,"c(-65.3490919057791, 43.3219412197125)"
Jan,background,"c(-67.2411587136476, 42.3347759286507)"
Jan,background,"c(-71.0252923293846, 40.6895004435477)"
Jan,background,"c(-70.1203908125779, 41.1830830890786)"
Jan,background,"c(-66.5007847453512, 44.7204253820501)"
Jan,background,"c(-69.626808167047, 41.5944019603543)"
Jan,background,"c(-68.8864341987506, 42.1702483801404)"
Jan,background,"c(-72.2592489432118, 39.784598926741)"
Jan,background,"c(-67.981532681944, 42.0057208316301)"
Jan,background,"c(-69.8735994898124, 42.2525121543955)"
Jan,background,"c(-69.0509617472609, 42.9106223484367)"
Jan,background,"c(-69.7913357155573, 42.499303477161)"
Jan,background,"c(-69.7913357155573, 42.4170397029058)"
Jan,background,"c(-68.4751153274749, 42.0057208316301)"
Jan,background,"c(-69.0509617472609, 42.5815672514161)"
Jan,background,"c(-69.1332255215161, 42.1702483801404)"
Jan,background,"c(-73.2464142342736, 39.8668627009962)"
Jan,background,"c(-67.7347413591785, 42.8283585741816)"
Jan,background,"c(-67.981532681944, 42.7460947999264)"
Jan,background,"c(-72.2592489432118, 39.8668627009962)"
Jan,background,"c(-72.4237764917221, 39.6200713782307)"
Jan,background,"c(-67.5702138106682, 44.144578962264)"
Jan,background,"c(-69.5445443927918, 42.2525121543955)"
Jan,background,"c(-71.8479300719361, 39.9491264752513)"
Jan,background,"c(-71.5188749749155, 39.7023351524859)"
Jan,background,"c(-69.4622806185367, 41.7589295088646)"
Jan,background,"c(-66.5007847453512, 42.3347759286507)"
Jan,background,"c(-69.7090719413021, 43.4864687682228)"
Jan,background,"c(-68.8864341987506, 43.0751498969471)"
Jan,background,"c(-68.6396428759852, 43.4864687682228)"
Jan,background,"c(-68.2283240047094, 43.4864687682228)"
Jan,background,"c(-67.2411587136476, 43.4042049939677)"
Jan,background,"c(-67.8992689076888, 43.9800514137537)"
Jan,background,"c(-70.1203908125779, 40.6895004435477)"
Jan,background,"c(-68.8864341987506, 41.3476106375889)"
Jan,background,"c(-70.202654586833, 42.5815672514161)"
Jan,background,"c(-68.0637964561991, 41.9234570573749)"
Jan,background,"c(-72.2592489432118, 39.7023351524859)"
Jan,background,"c(-68.8864341987506, 42.4170397029058)"
Jan,background,"c(-67.981532681944, 41.9234570573749)"
Jan,background,"c(-67.4056862621579, 42.0879846058852)"
Jan,background,"c(-69.2154892957712, 41.429874411844)"
Jan,background,"c(-67.3234224879028, 42.4170397029058)"
Jan,background,"c(-69.626808167047, 42.6638310256713)"
Jan,background,"c(-66.7475760681167, 42.2525121543955)"
Jan,background,"c(-68.3928515532197, 41.5944019603543)"
Jan,background,"c(-69.7913357155573, 41.8411932831198)"
Jan,background,"c(-72.5060402659773, 39.3732800554653)"
Jan,background,"c(-72.4237764917221, 39.5378076039756)"
Jan,background,"c(-66.1717296483306, 42.1702483801404)"
Jan,background,"c(-72.5883040402324, 40.6072366692925)"
Jan,background,"c(-70.2849183610882, 41.9234570573749)"
Jan,background,"c(-68.8864341987506, 40.6072366692925)"
Jan,background,"c(-65.4313556800343, 41.9234570573749)"
Jan,background,"c(-68.2283240047094, 43.568732542478)"
Jan,background,"c(-72.2592489432118, 39.3732800554653)"
Jan,background,"c(-72.5060402659773, 39.6200713782307)"
Jan,background,"c(-69.626808167047, 42.499303477161)"
Jan,background,"c(-69.5445443927918, 43.2396774454574)"
Jan,background,"c(-71.6834025234258, 40.2781815722719)"
Jan,background,"c(-72.341512717467, 39.784598926741)"
Jan,background,"c(-68.8041704244955, 42.3347759286507)"
Jan,background,"c(-70.8607647808742, 39.7023351524859)"
Jan,background,"c(-68.6396428759852, 43.3219412197125)"
Jan,background,"c(-68.8864341987506, 41.9234570573749)"
Jan,background,"c(-69.0509617472609, 41.1830830890786)"
Jan,background,"c(-71.9301938461912, 39.6200713782307)"
Jan,background,"c(-71.0252923293846, 39.6200713782307)"
Jan,background,"c(-69.5445443927918, 42.0057208316301)"
Jan,background,"c(-66.1717296483306, 44.8849529305604)"
Jan,background,"c(-69.5445443927918, 41.9234570573749)"
Jan,background,"c(-69.9558632640676, 42.3347759286507)"
Jan,background,"c(-68.2283240047094, 42.0057208316301)"
Jan,background,"c(-72.0947213947015, 39.2910162812101)"
Jan,background,"c(-67.6524775849234, 42.9928861226919)"
Jan,background,"c(-69.1332255215161, 42.8283585741816)"
Jan,background,"c(-68.55737910173, 41.9234570573749)"
Jan,background,"c(-67.8992689076888, 43.0751498969471)"
Jan,background,"c(-72.5883040402324, 39.4555438297204)"
Jan,background,"c(-69.9558632640676, 42.1702483801404)"
Jan,background,"c(-69.1332255215161, 41.5944019603543)"
Jan,background,"c(-67.4056862621579, 42.1702483801404)"
Jan,background,"c(-68.55737910173, 43.2396774454574)"
Jan,background,"c(-66.5830485196064, 44.8026891563052)"
Jan,background,"c(-70.5317096838536, 40.7717642178028)"
Jan,background,"c(-69.5445443927918, 41.8411932831198)"
Jan,background,"c(-67.8992689076888, 42.9928861226919)"
Jan,background,"c(-67.8992689076888, 43.8155238652434)"
Jan,background,"c(-69.4622806185367, 41.9234570573749)"
Jan,background,"c(-70.6139734581088, 40.9362917663131)"
Jan,background,"c(-68.8864341987506, 41.1830830890786)"
Jan,background,"c(-68.4751153274749, 41.9234570573749)"
Jan,background,"c(-68.3105877789646, 41.7589295088646)"
Jan,background,"c(-67.6524775849234, 43.0751498969471)"
Jan,background,"c(-72.0947213947015, 39.8668627009962)"
Jan,background,"c(-70.4494459095985, 42.8283585741816)"
Jan,background,"c(-65.4313556800343, 41.7589295088646)"
Jan,background,"c(-72.6705678144876, 38.9619611841895)"
Jan,background,"c(-68.8864341987506, 41.429874411844)"
Jan,background,"c(-69.626808167047, 41.6766657346095)"
Jan,background,"c(-68.4751153274749, 40.9362917663131)"
Jan,background,"c(-68.7219066502403, 41.3476106375889)"
Jan,background,"c(-68.3928515532197, 42.499303477161)"
Jan,background,"c(-71.7656662976809, 39.7023351524859)"
Jan,background,"c(-70.5317096838536, 42.3347759286507)"
Jan,background,"c(-69.7090719413021, 43.2396774454574)"
Jan,background,"c(-66.5007847453512, 44.5558978335398)"
Jan,background,"c(-70.1203908125779, 42.3347759286507)"
Jan,background,"c(-69.626808167047, 42.8283585741816)"
Jan,background,"c(-68.0637964561991, 42.0057208316301)"
Jan,background,"c(-67.4056862621579, 44.2268427365192)"
Jan,background,"c(-69.2977530700264, 41.5121381860992)"
Jan,background,"c(-69.0509617472609, 42.4170397029058)"
Jan,background,"c(-70.2849183610882, 43.4864687682228)"
Jan,background,"c(-68.8041704244955, 42.2525121543955)"
Jan,background,"c(-69.4622806185367, 42.6638310256713)"
Jan,background,"c(-72.4237764917221, 39.4555438297204)"
Jan,background,"c(-68.9686979730058, 41.2653468633337)"
Jan,background,"c(-70.3671821353433, 43.0751498969471)"
Jan,background,"c(-69.3800168442815, 41.1008193148234)"
Jan,background,"c(-69.5445443927918, 43.0751498969471)"
Jan,background,"c(-69.2977530700264, 42.6638310256713)"
Jan,background,"c(-66.4185209710961, 42.2525121543955)"
Jan,background,"c(-69.2154892957712, 42.8283585741816)"
Jan,background,"c(-68.2283240047094, 41.6766657346095)"
Jan,background,"c(-71.5188749749155, 39.784598926741)"
Jan,background,"c(-68.7219066502403, 41.5121381860992)"
Jan,background,"c(-68.2283240047094, 42.6638310256713)"
Jan,background,"c(-69.1332255215161, 41.8411932831198)"
Jan,background,"c(-71.7656662976809, 40.0313902495065)"
Jan,background,"c(-69.0509617472609, 41.8411932831198)"
Jan,background,"c(-69.626808167047, 40.6072366692925)"
Jan,background,"c(-71.1898198778948, 40.1136540237616)"
Jan,background,"c(-71.6011387491706, 39.784598926741)"
Jan,background,"c(-68.6396428759852, 42.3347759286507)"
Jan,background,"c(-69.1332255215161, 43.4864687682228)"
Jan,background,"c(-72.341512717467, 39.6200713782307)"
Jan,background,"c(-68.0637964561991, 43.9800514137537)"
Jan,background,"c(-69.2154892957712, 41.9234570573749)"
Jan,background,"c(-68.3105877789646, 42.0879846058852)"
Jan,background,"c(-69.3800168442815, 42.7460947999264)"
Jan,background,"c(-72.341512717467, 39.4555438297204)"
Jan,background,"c(-69.7090719413021, 41.7589295088646)"
Jan,background,"c(-70.7785010066191, 40.9362917663131)"
Jan,background,"c(-68.4751153274749, 41.6766657346095)"
Jan,background,"c(-68.2283240047094, 43.4042049939677)"
Jan,background,"c(-69.2977530700264, 41.5944019603543)"
Jan,background,"c(-67.0766311651373, 43.4042049939677)"
Jan,background,"c(-66.3362571968409, 42.1702483801404)"
Jan,background,"c(-70.202654586833, 40.6072366692925)"
Jan,background,"c(-67.8170051334337, 42.3347759286507)"
Jan,background,"c(-69.4622806185367, 42.0879846058852)"
Jan,background,"c(-67.8992689076888, 42.1702483801404)"
Jan,background,"c(-68.7219066502403, 41.5944019603543)"
Jan,background,"c(-70.8607647808742, 41.1830830890786)"
Jan,background,"c(-68.3105877789646, 42.3347759286507)"
Jan,background,"c(-67.981532681944, 43.4864687682228)"
Jan,background,"c(-69.7913357155573, 42.9106223484367)"
Jan,background,"c(-70.2849183610882, 42.1702483801404)"
Jan,background,"c(-68.8041704244955, 41.8411932831198)"
Jan,background,"c(-70.3671821353433, 40.854027992058)"
Jan,background,"c(-72.0124576204464, 39.3732800554653)"
Jan,background,"c(-67.5702138106682, 42.1702483801404)"
Jan,background,"c(-67.8170051334337, 42.5815672514161)"
Jan,background,"c(-67.4056862621579, 42.2525121543955)"
Jan,background,"c(-67.981532681944, 42.2525121543955)"
Jan,background,"c(-68.1460602304543, 43.6509963167331)"
Jan,background,"c(-66.2539934225858, 40.854027992058)"
Jan,background,"c(-65.1845643572688, 42.5815672514161)"
Jan,background,"c(-69.4622806185367, 41.5121381860992)"
Jan,background,"c(-72.0124576204464, 40.4427091207822)"
Jan,background,"c(-69.7090719413021, 42.8283585741816)"
Jan,background,"c(-67.8170051334337, 43.6509963167331)"
Jan,background,"c(-68.3928515532197, 41.9234570573749)"
Jan,background,"c(-68.9686979730058, 41.7589295088646)"
Jan,background,"c(-68.55737910173, 42.4170397029058)"
Jan,background,"c(-69.5445443927918, 41.5944019603543)"
Jan,background,"c(-68.1460602304543, 43.8977876394986)"
Jan,background,"c(-69.5445443927918, 41.2653468633337)"
Jan,background,"c(-69.2977530700264, 43.0751498969471)"
Jan,background,"c(-69.8735994898124, 42.0057208316301)"
Jan,background,"c(-68.4751153274749, 42.4170397029058)"
Jan,background,"c(-66.9943673908821, 42.2525121543955)"
Jan,background,"c(-67.5702138106682, 42.7460947999264)"
Jan,background,"c(-69.7913357155573, 41.9234570573749)"
Jan,background,"c(-69.2977530700264, 43.1574136712022)"
Jan,background,"c(-71.8479300719361, 40.2781815722719)"
Jan,background,"c(-68.9686979730058, 42.8283585741816)"
Jan,background,"c(-68.55737910173, 41.6766657346095)"
Jan,background,"c(-72.6705678144876, 39.0442249584447)"
Jan,background,"c(-69.626808167047, 42.1702483801404)"
Jan,background,"c(-70.0381270383227, 42.8283585741816)"
Jan,background,"c(-69.7913357155573, 41.5944019603543)"
Jan,background,"c(-65.266828131524, 43.0751498969471)"
Jan,background,"c(-69.4622806185367, 42.1702483801404)"
Jan,background,"c(-68.8041704244955, 42.0057208316301)"
Jan,background,"c(-69.9558632640676, 43.1574136712022)"
Jan,background,"c(-68.8864341987506, 42.2525121543955)"
Jan,background,"c(-68.55737910173, 43.3219412197125)"
Jan,background,"c(-67.5702138106682, 43.4042049939677)"
Jan,background,"c(-71.9301938461912, 40.7717642178028)"
Jan,background,"c(-70.2849183610882, 41.1830830890786)"
Jan,background,"c(-69.5445443927918, 42.7460947999264)"
Jan,background,"c(-72.7528315887427, 39.208752506955)"
Jan,background,"c(-66.5830485196064, 42.4170397029058)"
Jan,background,"c(-68.4751153274749, 42.1702483801404)"
Jan,background,"c(-69.3800168442815, 41.429874411844)"
Jan,background,"c(-68.1460602304543, 43.8155238652434)"
Jan,background,"c(-69.8735994898124, 42.7460947999264)"
Jan,background,"c(-69.9558632640676, 42.5815672514161)"
Jan,background,"c(-68.8041704244955, 40.6072366692925)"
Jan,background,"c(-69.626808167047, 43.3219412197125)"
Jan,background,"c(-70.3671821353433, 41.1008193148234)"
Jan,background,"c(-67.8170051334337, 43.9800514137537)"
Jan,background,"c(-67.981532681944, 42.9106223484367)"
Jan,background,"c(-68.7219066502403, 41.429874411844)"
Jan,background,"c(-70.1203908125779, 42.9928861226919)"
Jan,background,"c(-69.2977530700264, 41.0185555405683)"
Jan,background,"c(-70.202654586833, 41.1008193148234)"
Jan,background,"c(-68.3928515532197, 42.1702483801404)"
Jan,background,"c(-71.1898198778948, 40.6072366692925)"
Jan,background,"c(-68.1460602304543, 44.0623151880089)"
Jan,background,"c(-69.2154892957712, 42.1702483801404)"
Jan,background,"c(-71.9301938461912, 40.6895004435477)"
Jan,background,"c(-69.1332255215161, 43.0751498969471)"
Jan,background,"c(-68.2283240047094, 42.0879846058852)"
Jan,background,"c(-70.0381270383227, 42.0879846058852)"
Jan,background,"c(-71.6011387491706, 39.6200713782307)"
Jan,background,"c(-72.0124576204464, 40.7717642178028)"
Jan,background,"c(-70.2849183610882, 42.0057208316301)"
Jan,background,"c(-67.6524775849234, 42.2525121543955)"
Jan,background,"c(-69.9558632640676, 42.9928861226919)"
Jan,background,"c(-68.1460602304543, 40.7717642178028)"
Jan,background,"c(-69.7090719413021, 42.0057208316301)"
Jan,background,"c(-70.2849183610882, 42.0879846058852)"
Jan,background,"c(-70.1203908125779, 43.3219412197125)"
Jan,background,"c(-68.6396428759852, 42.2525121543955)"
Jan,background,"c(-69.3800168442815, 41.0185555405683)"
Jan,background,"c(-67.981532681944, 43.8977876394986)"
Jan,background,"c(-71.6834025234258, 39.784598926741)"
Jan,background,"c(-66.7475760681167, 42.1702483801404)"
Jan,background,"c(-68.55737910173, 41.7589295088646)"
Jan,background,"c(-67.5702138106682, 44.2268427365192)"
Jan,background,"c(-69.0509617472609, 41.7589295088646)"
Jan,background,"c(-66.912103616627, 42.1702483801404)"
Jan,background,"c(-71.6011387491706, 39.7023351524859)"
Jan,background,"c(-69.9558632640676, 42.6638310256713)"
Jan,background,"c(-69.0509617472609, 41.5121381860992)"
Jan,background,"c(-67.5702138106682, 42.499303477161)"
Jan,background,"c(-69.3800168442815, 41.8411932831198)"
Jan,background,"c(-70.4494459095985, 40.7717642178028)"
Jan,background,"c(-66.5830485196064, 44.7204253820501)"
Jan,background,"c(-68.55737910173, 42.0879846058852)"
Jan,background,"c(-68.55737910173, 42.499303477161)"
Jan,background,"c(-68.8041704244955, 41.5121381860992)"
Jan,background,"c(-70.3671821353433, 40.9362917663131)"
Jan,background,"c(-68.1460602304543, 43.4864687682228)"
Jan,background,"c(-69.5445443927918, 41.5121381860992)"
Jan,background,"c(-70.0381270383227, 43.1574136712022)"
Jan,background,"c(-72.2592489432118, 40.3604453465271)"
Jan,background,"c(-68.3105877789646, 43.3219412197125)"
Jan,background,"c(-68.6396428759852, 41.5121381860992)"
Jan,background,"c(-69.4622806185367, 41.429874411844)"
Jan,background,"c(-67.1588949393925, 42.2525121543955)"
Jan,background,"c(-68.8864341987506, 42.3347759286507)"
Jan,background,"c(-69.1332255215161, 42.7460947999264)"
Jan,background,"c(-73.5754693312942, 40.1959177980168)"
Jan,background,"c(-69.7913357155573, 42.7460947999264)"
Jan,background,"c(-66.6653122938615, 42.3347759286507)"
Jan,background,"c(-69.2977530700264, 41.2653468633337)"
Jan,background,"c(-69.0509617472609, 42.0057208316301)"
Jan,background,"c(-65.4313556800343, 42.8283585741816)"
Jan,background,"c(-69.2977530700264, 41.429874411844)"
Jan,background,"c(-71.5188749749155, 41.1008193148234)"
Jan,background,"c(-69.7090719413021, 41.9234570573749)"
Jan,background,"c(-70.3671821353433, 42.0879846058852)"
Jan,background,"c(-70.4494459095985, 42.6638310256713)"
Jan,background,"c(-69.5445443927918, 43.4864687682228)"
Jan,background,"c(-67.1588949393925, 43.9800514137537)"
Jan,background,"c(-72.9996229115082, 38.8796974099344)"
Jan,background,"c(-69.8735994898124, 41.8411932831198)"
Jan,background,"c(-68.0637964561991, 42.0879846058852)"
Jan,background,"c(-70.1203908125779, 42.0879846058852)"
Jan,background,"c(-69.626808167047, 40.6895004435477)"
Jan,background,"c(-69.3800168442815, 42.0057208316301)"
Jan,background,"c(-68.8864341987506, 41.2653468633337)"
Jan,background,"c(-69.9558632640676, 40.6072366692925)"
Jan,background,"c(-69.2977530700264, 41.9234570573749)"
Jan,background,"c(-69.0509617472609, 41.3476106375889)"
Jan,background,"c(-68.9686979730058, 42.2525121543955)"
Jan,background,"c(-69.5445443927918, 42.1702483801404)"
Jan,background,"c(-70.1203908125779, 40.6072366692925)"
Jan,background,"c(-73.2464142342736, 39.0442249584447)"
Jan,background,"c(-70.202654586833, 42.0057208316301)"
Jan,background,"c(-65.5958832285446, 42.0057208316301)"
Jan,background,"c(-67.981532681944, 43.9800514137537)"
Jan,background,"c(-68.7219066502403, 41.8411932831198)"
Jan,background,"c(-70.6962372323639, 41.2653468633337)"
Jan,background,"c(-72.0947213947015, 40.6072366692925)"
Jan,background,"c(-69.2154892957712, 42.5815672514161)"
Jan,background,"c(-69.1332255215161, 43.3219412197125)"
Jan,background,"c(-70.202654586833, 42.3347759286507)"
Jan,background,"c(-69.7913357155573, 41.7589295088646)"
Jan,background,"c(-69.2977530700264, 41.3476106375889)"
Jan,background,"c(-68.8041704244955, 42.499303477161)"
Jan,background,"c(-68.4751153274749, 42.499303477161)"
Jan,background,"c(-68.3928515532197, 40.5249728950374)"
Jan,background,"c(-66.5830485196064, 43.0751498969471)"
Jan,background,"c(-68.3928515532197, 43.4042049939677)"
Jan,background,"c(-66.6653122938615, 44.8849529305604)"
Jan,background,"c(-68.55737910173, 43.4042049939677)"
Jan,background,"c(-72.5060402659773, 40.6072366692925)"
Jan,background,"c(-69.2154892957712, 42.6638310256713)"
Jan,background,"c(-69.7913357155573, 41.6766657346095)"
Jan,background,"c(-68.7219066502403, 41.2653468633337)"
Jan,background,"c(-69.8735994898124, 42.0879846058852)"
Jan,background,"c(-69.2977530700264, 42.3347759286507)"
Jan,background,"c(-72.0124576204464, 39.5378076039756)"
Jan,background,"c(-72.341512717467, 39.7023351524859)"
Jan,background,"c(-66.9943673908821, 41.9234570573749)"
Jan,background,"c(-69.1332255215161, 43.1574136712022)"
Jan,background,"c(-67.981532681944, 42.499303477161)"
Jan,background,"c(-69.5445443927918, 42.8283585741816)"
Jan,background,"c(-66.1717296483306, 44.8026891563052)"
Jan,background,"c(-69.0509617472609, 42.0879846058852)"
Jan,background,"c(-69.3800168442815, 41.5944019603543)"
Jan,background,"c(-68.2283240047094, 42.2525121543955)"
Jan,background,"c(-67.1588949393925, 42.0879846058852)"
Jan,background,"c(-69.8735994898124, 42.4170397029058)"
Jan,background,"c(-69.0509617472609, 40.5249728950374)"
Jan,background,"c(-71.0252923293846, 40.854027992058)"
Jan,background,"c(-71.8479300719361, 39.6200713782307)"
Jan,background,"c(-69.2154892957712, 41.5121381860992)"
Jan,background,"c(-69.7913357155573, 41.1008193148234)"
Jan,background,"c(-72.0124576204464, 40.6895004435477)"
Jan,background,"c(-70.0381270383227, 40.6895004435477)"
Jan,background,"c(-70.3671821353433, 42.2525121543955)"
Jan,background,"c(-67.981532681944, 43.0751498969471)"
Jan,background,"c(-69.2154892957712, 42.4170397029058)"
Jan,background,"c(-68.0637964561991, 44.0623151880089)"
Jan,background,"c(-72.1769851689567, 39.5378076039756)"
Jan,background,"c(-68.1460602304543, 43.2396774454574)"
Jan,background,"c(-71.8479300719361, 40.6072366692925)"
Jan,background,"c(-70.6962372323639, 41.0185555405683)"
Jan,background,"c(-68.8864341987506, 42.7460947999264)"
Jan,background,"c(-70.3671821353433, 42.9928861226919)"
Jan,background,"c(-69.9558632640676, 42.7460947999264)"
Jan,background,"c(-69.4622806185367, 42.7460947999264)"
Jan,background,"c(-69.4622806185367, 41.1008193148234)"
Jan,background,"c(-72.4237764917221, 40.4427091207822)"
Jan,background,"c(-69.7090719413021, 41.5944019603543)"
Jan,background,"c(-69.2977530700264, 41.1008193148234)"
Jan,background,"c(-69.8735994898124, 42.9928861226919)"
Jan,background,"c(-66.0072020998203, 41.1830830890786)"
Jan,background,"c(-68.4751153274749, 42.5815672514161)"
Jan,background,"c(-69.7913357155573, 43.3219412197125)"
Jan,background,"c(-67.2411587136476, 42.2525121543955)"
Jan,background,"c(-68.8864341987506, 42.9106223484367)"
Jan,background,"c(-68.8864341987506, 42.8283585741816)"
Jan,background,"c(-72.1769851689567, 40.0313902495065)"
Jan,background,"c(-69.1332255215161, 42.0057208316301)"
Jan,background,"c(-69.8735994898124, 43.2396774454574)"
Jan,background,"c(-69.0509617472609, 43.4864687682228)"
Jan,background,"c(-72.5060402659773, 39.4555438297204)"
Jan,background,"c(-69.626808167047, 41.8411932831198)"
Jan,background,"c(-69.1332255215161, 41.1008193148234)"
Jan,background,"c(-68.8041704244955, 41.7589295088646)"
Jan,background,"c(-69.626808167047, 42.9106223484367)"
Jan,background,"c(-67.981532681944, 42.0879846058852)"
Jan,background,"c(-67.981532681944, 43.1574136712022)"
Jan,background,"c(-69.9558632640676, 42.499303477161)"
Jan,background,"c(-70.3671821353433, 42.4170397029058)"
Jan,background,"c(-70.4494459095985, 40.6072366692925)"
Jan,background,"c(-69.2154892957712, 41.1830830890786)"
Jan,background,"c(-66.5830485196064, 42.2525121543955)"
Jan,background,"c(-67.5702138106682, 43.8155238652434)"
Jan,background,"c(-68.7219066502403, 43.4864687682228)"
Jan,background,"c(-72.1769851689567, 39.3732800554653)"
Jan,background,"c(-68.55737910173, 41.8411932831198)"
Jan,background,"c(-69.7090719413021, 43.568732542478)"
Jan,background,"c(-69.2154892957712, 43.0751498969471)"
Jan,background,"c(-67.8992689076888, 42.0879846058852)"
Jan,background,"c(-69.626808167047, 43.2396774454574)"
Jan,background,"c(-69.2977530700264, 41.6766657346095)"
Jan,background,"c(-68.6396428759852, 42.5815672514161)"
Jan,background,"c(-73.0818866857633, 39.0442249584447)"
Jan,background,"c(-71.7656662976809, 39.6200713782307)"
Jan,background,"c(-69.3800168442815, 41.3476106375889)"
Jan,background,"c(-67.4879500364131, 43.9800514137537)"
Jan,background,"c(-69.1332255215161, 41.1830830890786)"
Jan,background,"c(-72.1769851689567, 39.4555438297204)"
Jan,background,"c(-68.8041704244955, 43.8155238652434)"
Jan,background,"c(-69.0509617472609, 42.499303477161)"
Jan,background,"c(-70.0381270383227, 42.7460947999264)"
Jan,background,"c(-66.3362571968409, 44.7204253820501)"
Jan,background,"c(-71.1075561036397, 41.1008193148234)"
Jan,background,"c(-68.8864341987506, 41.8411932831198)"
Jan,background,"c(-72.4237764917221, 39.9491264752513)"
Jan,background,"c(-69.3800168442815, 42.8283585741816)"
Jan,background,"c(-73.1641504600185, 40.2781815722719)"
Jan,background,"c(-68.8864341987506, 41.7589295088646)"
Jan,background,"c(-69.1332255215161, 42.499303477161)"
Jan,background,"c(-71.8479300719361, 39.5378076039756)"
Jan,background,"c(-69.0509617472609, 42.6638310256713)"
Jan,background,"c(-70.9430285551294, 40.5249728950374)"
Jan,background,"c(-69.7090719413021, 43.1574136712022)"
Jan,background,"c(-71.1898198778948, 41.1008193148234)"
Jan,background,"c(-68.8041704244955, 40.1136540237616)"
Jan,background,"c(-69.1332255215161, 41.9234570573749)"
Jan,background,"c(-71.27208365215, 40.4427091207822)"
Jan,background,"c(-68.9686979730058, 41.429874411844)"
Jan,background,"c(-73.0818866857633, 38.9619611841895)"
Jan,background,"c(-69.9558632640676, 40.6895004435477)"
Jan,background,"c(-71.27208365215, 40.2781815722719)"
Jan,background,"c(-68.9686979730058, 43.0751498969471)"
Jan,background,"c(-68.55737910173, 41.1830830890786)"
Jan,background,"c(-69.5445443927918, 41.1830830890786)"
Jan,background,"c(-72.341512717467, 39.3732800554653)"
Jan,background,"c(-71.5188749749155, 40.854027992058)"
Jan,background,"c(-72.4237764917221, 39.8668627009962)"
Jan,background,"c(-70.202654586833, 43.0751498969471)"
Jan,background,"c(-68.8864341987506, 42.499303477161)"
Jan,background,"c(-71.4366112006603, 40.3604453465271)"
Jan,background,"c(-67.8170051334337, 43.8977876394986)"
Jan,background,"c(-66.0894658740755, 42.5815672514161)"
Jan,background,"c(-67.8992689076888, 42.8283585741816)"
Jan,background,"c(-68.3928515532197, 43.1574136712022)"
Jan,background,"c(-66.2539934225858, 41.1008193148234)"
Jan,background,"c(-67.1588949393925, 42.5815672514161)"
Jan,background,"c(-68.3928515532197, 41.8411932831198)"
Jan,background,"c(-67.6524775849234, 40.2781815722719)"
Jan,background,"c(-68.2283240047094, 43.8977876394986)"
Jan,background,"c(-67.7347413591785, 41.9234570573749)"
Jan,background,"c(-67.1588949393925, 44.3913702850295)"
Jan,background,"c(-70.1203908125779, 43.0751498969471)"
Jan,background,"c(-68.1460602304543, 43.9800514137537)"
Jan,background,"c(-69.4622806185367, 41.8411932831198)"
Jan,background,"c(-68.3105877789646, 41.9234570573749)"
Jan,background,"c(-72.2592489432118, 39.9491264752513)"
Jan,background,"c(-69.2154892957712, 43.2396774454574)"
Jan,background,"c(-67.8170051334337, 41.0185555405683)"
Jan,background,"c(-68.6396428759852, 41.429874411844)"
Jan,background,"c(-66.8298398423719, 43.9800514137537)"
Jan,background,"c(-67.8170051334337, 42.4170397029058)"
Jan,background,"c(-68.6396428759852, 43.568732542478)"
Jan,background,"c(-69.8735994898124, 42.9106223484367)"
Jan,background,"c(-71.6834025234258, 39.6200713782307)"
Jan,background,"c(-67.0766311651373, 45.0494804790707)"
Jan,background,"c(-66.7475760681167, 41.1830830890786)"
Jan,background,"c(-71.6011387491706, 40.1136540237616)"
Jan,background,"c(-69.9558632640676, 42.8283585741816)"
Jan,background,"c(-68.4751153274749, 41.429874411844)"
Jan,background,"c(-68.8864341987506, 42.0879846058852)"
Jan,background,"c(-67.3234224879028, 42.1702483801404)"
Jan,background,"c(-70.6962372323639, 39.9491264752513)"
Jan,background,"c(-68.1460602304543, 42.0879846058852)"
Jan,background,"c(-69.2977530700264, 42.0879846058852)"
Jan,background,"c(-69.3800168442815, 43.2396774454574)"
Jan,background,"c(-71.1075561036397, 41.0185555405683)"
Jan,background,"c(-69.1332255215161, 40.2781815722719)"
Jan,background,"c(-68.3928515532197, 41.7589295088646)"
Jan,background,"c(-71.8479300719361, 40.4427091207822)"
Jan,background,"c(-68.8864341987506, 43.3219412197125)"
Jan,background,"c(-69.2977530700264, 42.4170397029058)"
Jan,background,"c(-66.5830485196064, 44.6381616077949)"
Jan,background,"c(-67.4056862621579, 44.0623151880089)"
Jan,background,"c(-71.1075561036397, 40.4427091207822)"
Jan,background,"c(-69.2154892957712, 43.1574136712022)"
Jan,background,"c(-69.4622806185367, 42.9928861226919)"
Jan,background,"c(-67.7347413591785, 42.3347759286507)"
Jan,background,"c(-69.3800168442815, 41.6766657346095)"
Jan,background,"c(-69.0509617472609, 41.6766657346095)"
Jan,background,"c(-68.8864341987506, 42.9928861226919)"
Jan,background,"c(-70.1203908125779, 43.4042049939677)"
Jan,background,"c(-70.1203908125779, 42.7460947999264)"
Jan,background,"c(-70.1203908125779, 41.0185555405683)"
Jan,background,"c(-71.0252923293846, 39.9491264752513)"
Jan,background,"c(-71.5188749749155, 39.9491264752513)"
Jan,background,"c(-69.626808167047, 40.7717642178028)"
Jan,background,"c(-70.0381270383227, 40.4427091207822)"
Jan,background,"c(-69.7090719413021, 41.8411932831198)"
Jan,background,"c(-70.7785010066191, 41.1008193148234)"
Jan,background,"c(-69.4622806185367, 42.3347759286507)"
Jan,background,"c(-69.0509617472609, 41.429874411844)"
Jan,background,"c(-68.3105877789646, 42.499303477161)"
Jan,background,"c(-66.4185209710961, 44.8849529305604)"
Feb,presence,"c(-71.4201, 39.7315)"
Feb,presence,"c(-72.5107, 39.1351)"
Feb,presence,"c(-72.2895, 39.192)"
Feb,presence,"c(-72.251416, 40.476111)"
Feb,presence,"c(-72.7154, 39.0654)"
Feb,presence,"c(-71.8057, 39.4739)"
Feb,presence,"c(-71.6047, 39.5838)"
Feb,presence,"c(-72.6565, 38.9007)"
Feb,background,"c(-68.7219066502403, 42.0057208316301)"
Feb,background,"c(-68.8041704244955, 43.2396774454574)"
Feb,background,"c(-71.1075561036397, 41.1008193148234)"
Feb,background,"c(-67.981532681944, 42.499303477161)"
Feb,background,"c(-69.0509617472609, 41.1830830890786)"
Feb,background,"c(-71.8479300719361, 40.6895004435477)"
Feb,background,"c(-68.8864341987506, 42.2525121543955)"
Feb,background,"c(-69.626808167047, 43.568732542478)"
Feb,background,"c(-69.5445443927918, 43.1574136712022)"
Feb,background,"c(-70.0381270383227, 42.6638310256713)"
Feb,background,"c(-69.0509617472609, 41.7589295088646)"
Feb,background,"c(-69.4622806185367, 42.9106223484367)"
Feb,background,"c(-70.1203908125779, 42.0057208316301)"
Feb,background,"c(-69.5445443927918, 41.429874411844)"
Feb,background,"c(-69.7090719413021, 41.8411932831198)"
Feb,background,"c(-70.0381270383227, 43.2396774454574)"
Feb,background,"c(-68.6396428759852, 42.3347759286507)"
Feb,background,"c(-68.6396428759852, 41.5944019603543)"
Feb,background,"c(-69.2154892957712, 42.0057208316301)"
Feb,background,"c(-69.2977530700264, 41.1830830890786)"
Feb,background,"c(-69.7090719413021, 43.568732542478)"
Feb,background,"c(-67.2411587136476, 44.2268427365192)"
Feb,background,"c(-69.5445443927918, 41.3476106375889)"
Feb,background,"c(-68.6396428759852, 42.1702483801404)"
Feb,background,"c(-68.55737910173, 43.4864687682228)"
Feb,background,"c(-69.1332255215161, 41.429874411844)"
Feb,background,"c(-68.9686979730058, 41.7589295088646)"
Feb,background,"c(-70.7785010066191, 41.1008193148234)"
Feb,background,"c(-72.0947213947015, 40.6895004435477)"
Feb,background,"c(-69.1332255215161, 42.0879846058852)"
Feb,background,"c(-68.9686979730058, 43.3219412197125)"
Feb,background,"c(-70.0381270383227, 42.3347759286507)"
Feb,background,"c(-71.1075561036397, 40.4427091207822)"
Feb,background,"c(-72.9996229115082, 39.1264887326998)"
Feb,background,"c(-72.2592489432118, 39.2910162812101)"
Feb,background,"c(-67.4879500364131, 42.1702483801404)"
Feb,background,"c(-65.5958832285446, 42.9106223484367)"
Feb,background,"c(-65.5136194542894, 42.0057208316301)"
Feb,background,"c(-69.5445443927918, 41.7589295088646)"
Feb,background,"c(-67.4056862621579, 42.4170397029058)"
Feb,background,"c(-70.1203908125779, 40.4427091207822)"
Feb,background,"c(-71.4366112006603, 39.6200713782307)"
Feb,background,"c(-68.9686979730058, 41.2653468633337)"
Feb,background,"c(-70.6962372323639, 39.9491264752513)"
Feb,background,"c(-69.7090719413021, 42.5815672514161)"
Feb,background,"c(-69.9558632640676, 43.0751498969471)"
Feb,background,"c(-71.6011387491706, 39.6200713782307)"
Feb,background,"c(-68.3928515532197, 41.7589295088646)"
Feb,background,"c(-71.4366112006603, 39.784598926741)"
Feb,background,"c(-70.1203908125779, 42.0879846058852)"
Feb,background,"c(-69.0509617472609, 41.429874411844)"
Feb,background,"c(-69.4622806185367, 39.9491264752513)"
Feb,background,"c(-70.1203908125779, 43.3219412197125)"
Feb,background,"c(-69.5445443927918, 41.5944019603543)"
Feb,background,"c(-69.1332255215161, 42.7460947999264)"
Feb,background,"c(-68.2283240047094, 43.2396774454574)"
Feb,background,"c(-67.5702138106682, 42.7460947999264)"
Feb,background,"c(-69.1332255215161, 41.3476106375889)"
Feb,background,"c(-68.2283240047094, 43.4864687682228)"
Feb,background,"c(-69.626808167047, 41.8411932831198)"
Feb,background,"c(-69.2977530700264, 41.2653468633337)"
Feb,background,"c(-68.7219066502403, 42.3347759286507)"
Feb,background,"c(-70.0381270383227, 43.0751498969471)"
Feb,background,"c(-71.6834025234258, 39.5378076039756)"
Feb,background,"c(-68.0637964561991, 43.9800514137537)"
Feb,background,"c(-69.2977530700264, 41.429874411844)"
Feb,background,"c(-69.5445443927918, 42.7460947999264)"
Feb,background,"c(-66.8298398423719, 43.9800514137537)"
Feb,background,"c(-70.202654586833, 42.0057208316301)"
Feb,background,"c(-68.55737910173, 42.4170397029058)"
Feb,background,"c(-69.1332255215161, 42.499303477161)"
Feb,background,"c(-68.3928515532197, 41.9234570573749)"
Feb,background,"c(-68.55737910173, 41.6766657346095)"
Feb,background,"c(-66.912103616627, 42.4170397029058)"
Feb,background,"c(-69.626808167047, 43.3219412197125)"
Feb,background,"c(-67.6524775849234, 43.8155238652434)"
Feb,background,"c(-69.7090719413021, 42.0879846058852)"
Feb,background,"c(-68.8864341987506, 41.3476106375889)"
Feb,background,"c(-71.3543474264052, 40.1136540237616)"
Feb,background,"c(-69.5445443927918, 42.8283585741816)"
Feb,background,"c(-71.3543474264052, 39.9491264752513)"
Feb,background,"c(-69.626808167047, 42.8283585741816)"
Feb,background,"c(-72.5060402659773, 40.6072366692925)"
Feb,background,"c(-71.1075561036397, 40.9362917663131)"
Feb,background,"c(-70.1203908125779, 43.0751498969471)"
Feb,background,"c(-69.2977530700264, 41.0185555405683)"
Feb,background,"c(-71.9301938461912, 39.784598926741)"
Feb,background,"c(-72.0947213947015, 39.208752506955)"
Feb,background,"c(-71.7656662976809, 40.7717642178028)"
Feb,background,"c(-71.9301938461912, 40.1959177980168)"
Feb,background,"c(-71.7656662976809, 39.4555438297204)"
Feb,background,"c(-69.4622806185367, 42.4170397029058)"
Feb,background,"c(-72.5060402659773, 39.7023351524859)"
Feb,background,"c(-70.4494459095985, 41.2653468633337)"
Feb,background,"c(-68.6396428759852, 43.7332600909883)"
Feb,background,"c(-69.2977530700264, 43.3219412197125)"
Feb,background,"c(-69.3800168442815, 41.5944019603543)"
Feb,background,"c(-69.7913357155573, 42.8283585741816)"
Feb,background,"c(-69.626808167047, 41.5944019603543)"
Feb,background,"c(-68.6396428759852, 42.0057208316301)"
Feb,background,"c(-71.4366112006603, 39.8668627009962)"
Feb,background,"c(-69.3800168442815, 42.7460947999264)"
Feb,background,"c(-70.202654586833, 41.1830830890786)"
Feb,background,"c(-68.4751153274749, 41.5121381860992)"
Feb,background,"c(-68.3105877789646, 41.8411932831198)"
Feb,background,"c(-72.2592489432118, 40.3604453465271)"
Feb,background,"c(-71.7656662976809, 40.6895004435477)"
Feb,background,"c(-71.27208365215, 41.1008193148234)"
Feb,background,"c(-70.1203908125779, 40.9362917663131)"
Feb,background,"c(-69.2977530700264, 43.2396774454574)"
Feb,background,"c(-67.7347413591785, 42.5815672514161)"
Feb,background,"c(-68.8864341987506, 42.1702483801404)"
Feb,background,"c(-68.2283240047094, 42.4170397029058)"
Feb,background,"c(-69.1332255215161, 41.5121381860992)"
Feb,background,"c(-68.3928515532197, 43.9800514137537)"
Feb,background,"c(-67.8992689076888, 43.8155238652434)"
Feb,background,"c(-69.626808167047, 42.9106223484367)"
Feb,background,"c(-69.2977530700264, 41.5121381860992)"
Feb,background,"c(-69.0509617472609, 41.5944019603543)"
Feb,background,"c(-69.2977530700264, 42.5815672514161)"
Feb,background,"c(-68.8041704244955, 42.3347759286507)"
Feb,background,"c(-67.6524775849234, 42.0879846058852)"
Feb,background,"c(-68.6396428759852, 43.4864687682228)"
Feb,background,"c(-69.7090719413021, 43.4042049939677)"
Feb,background,"c(-69.5445443927918, 42.0879846058852)"
Feb,background,"c(-70.8607647808742, 41.1008193148234)"
Feb,background,"c(-68.8864341987506, 41.7589295088646)"
Feb,background,"c(-68.6396428759852, 41.2653468633337)"
Feb,background,"c(-69.626808167047, 41.7589295088646)"
Feb,background,"c(-69.5445443927918, 43.0751498969471)"
Feb,background,"c(-69.7913357155573, 41.6766657346095)"
Feb,background,"c(-69.4622806185367, 41.6766657346095)"
Feb,background,"c(-68.7219066502403, 42.1702483801404)"
Feb,background,"c(-68.3928515532197, 43.4042049939677)"
Feb,background,"c(-68.8864341987506, 41.9234570573749)"
Feb,background,"c(-72.341512717467, 39.4555438297204)"
Feb,background,"c(-68.2283240047094, 41.8411932831198)"
Feb,background,"c(-68.55737910173, 41.9234570573749)"
Feb,background,"c(-72.8350953629979, 38.8796974099344)"
Feb,background,"c(-72.0947213947015, 40.1959177980168)"
Feb,background,"c(-67.981532681944, 42.2525121543955)"
Feb,background,"c(-67.7347413591785, 42.1702483801404)"
Feb,background,"c(-69.4622806185367, 41.9234570573749)"
Feb,background,"c(-68.8864341987506, 43.3219412197125)"
Feb,background,"c(-69.2154892957712, 41.429874411844)"
Feb,background,"c(-71.3543474264052, 41.1008193148234)"
Feb,background,"c(-67.8992689076888, 43.9800514137537)"
Feb,background,"c(-68.7219066502403, 41.9234570573749)"
Feb,background,"c(-69.8735994898124, 42.3347759286507)"
Feb,background,"c(-69.7090719413021, 41.7589295088646)"
Feb,background,"c(-70.3671821353433, 42.2525121543955)"
Feb,background,"c(-67.8170051334337, 43.3219412197125)"
Feb,background,"c(-72.2592489432118, 39.784598926741)"
Feb,background,"c(-68.3105877789646, 41.5121381860992)"
Feb,background,"c(-72.341512717467, 39.7023351524859)"
Feb,background,"c(-69.0509617472609, 42.2525121543955)"
Feb,background,"c(-72.4237764917221, 40.2781815722719)"
Feb,background,"c(-72.0947213947015, 40.6072366692925)"
Feb,background,"c(-69.2977530700264, 42.1702483801404)"
Feb,background,"c(-69.2154892957712, 41.5121381860992)"
Feb,background,"c(-69.3800168442815, 41.8411932831198)"
Feb,background,"c(-68.4751153274749, 42.0057208316301)"
Feb,background,"c(-69.3800168442815, 41.7589295088646)"
Feb,background,"c(-67.4879500364131, 43.0751498969471)"
Feb,background,"c(-69.626808167047, 42.0057208316301)"
Feb,background,"c(-66.912103616627, 42.3347759286507)"
Feb,background,"c(-66.4185209710961, 44.6381616077949)"
Feb,background,"c(-68.55737910173, 43.3219412197125)"
Feb,background,"c(-67.5702138106682, 42.5815672514161)"
Feb,background,"c(-68.3105877789646, 43.568732542478)"
Feb,background,"c(-68.3928515532197, 41.8411932831198)"
Feb,background,"c(-68.8041704244955, 41.429874411844)"
Feb,background,"c(-69.1332255215161, 41.6766657346095)"
Feb,background,"c(-72.2592489432118, 39.3732800554653)"
Feb,background,"c(-69.3800168442815, 42.5815672514161)"
Feb,background,"c(-68.3928515532197, 42.1702483801404)"
Feb,background,"c(-68.55737910173, 42.0057208316301)"
Feb,background,"c(-70.202654586833, 42.8283585741816)"
Feb,background,"c(-68.8864341987506, 43.0751498969471)"
Feb,background,"c(-67.7347413591785, 42.9928861226919)"
Feb,background,"c(-68.9686979730058, 42.3347759286507)"
Feb,background,"c(-70.5317096838536, 42.9928861226919)"
Feb,background,"c(-70.2849183610882, 43.1574136712022)"
Feb,background,"c(-67.8170051334337, 43.1574136712022)"
Feb,background,"c(-66.5830485196064, 43.0751498969471)"
Feb,background,"c(-67.4879500364131, 42.499303477161)"
Feb,background,"c(-69.8735994898124, 43.2396774454574)"
Feb,background,"c(-67.7347413591785, 42.4170397029058)"
Feb,background,"c(-72.1769851689567, 39.4555438297204)"
Feb,background,"c(-69.0509617472609, 42.499303477161)"
Feb,background,"c(-69.4622806185367, 42.499303477161)"
Feb,background,"c(-69.8735994898124, 42.2525121543955)"
Feb,background,"c(-68.7219066502403, 41.8411932831198)"
Feb,background,"c(-69.5445443927918, 42.0057208316301)"
Feb,background,"c(-69.2154892957712, 43.1574136712022)"
Feb,background,"c(-72.341512717467, 40.7717642178028)"
Feb,background,"c(-69.5445443927918, 42.2525121543955)"
Feb,background,"c(-70.202654586833, 42.3347759286507)"
Feb,background,"c(-68.1460602304543, 42.1702483801404)"
Feb,background,"c(-72.917359137253, 39.3732800554653)"
Feb,background,"c(-68.8864341987506, 41.6766657346095)"
Feb,background,"c(-68.2283240047094, 42.3347759286507)"
Feb,background,"c(-68.8041704244955, 43.3219412197125)"
Feb,background,"c(-68.6396428759852, 42.2525121543955)"
Feb,background,"c(-66.7475760681167, 40.6072366692925)"
Feb,background,"c(-69.2977530700264, 41.7589295088646)"
Feb,background,"c(-71.7656662976809, 39.7023351524859)"
Feb,background,"c(-67.6524775849234, 43.4042049939677)"
Feb,background,"c(-72.4237764917221, 39.6200713782307)"
Feb,background,"c(-70.1203908125779, 42.3347759286507)"
Feb,background,"c(-71.0252923293846, 41.1008193148234)"
Feb,background,"c(-69.5445443927918, 41.5121381860992)"
Feb,background,"c(-67.6524775849234, 42.6638310256713)"
Feb,background,"c(-69.2154892957712, 42.499303477161)"
Feb,background,"c(-67.6524775849234, 42.2525121543955)"
Feb,background,"c(-72.917359137253, 39.0442249584447)"
Feb,background,"c(-69.3800168442815, 42.9106223484367)"
Feb,background,"c(-69.3800168442815, 41.6766657346095)"
Feb,background,"c(-70.3671821353433, 40.9362917663131)"
Feb,background,"c(-68.8864341987506, 42.3347759286507)"
Feb,background,"c(-71.1075561036397, 40.0313902495065)"
Feb,background,"c(-68.8864341987506, 42.0057208316301)"
Feb,background,"c(-68.8041704244955, 42.0057208316301)"
Feb,background,"c(-70.0381270383227, 42.2525121543955)"
Feb,background,"c(-72.1769851689567, 40.1136540237616)"
Feb,background,"c(-68.1460602304543, 43.8977876394986)"
Feb,background,"c(-69.0509617472609, 41.5121381860992)"
Feb,background,"c(-68.8864341987506, 42.499303477161)"
Feb,background,"c(-68.8864341987506, 41.429874411844)"
Feb,background,"c(-69.3800168442815, 42.499303477161)"
Feb,background,"c(-70.0381270383227, 42.499303477161)"
Feb,background,"c(-67.5702138106682, 44.144578962264)"
Feb,background,"c(-69.2154892957712, 41.3476106375889)"
Feb,background,"c(-68.9686979730058, 41.9234570573749)"
Feb,background,"c(-69.626808167047, 42.9928861226919)"
Feb,background,"c(-67.8170051334337, 43.7332600909883)"
Feb,background,"c(-68.4751153274749, 40.4427091207822)"
Feb,background,"c(-67.8992689076888, 42.8283585741816)"
Feb,background,"c(-69.4622806185367, 42.9928861226919)"
Feb,background,"c(-68.55737910173, 42.0879846058852)"
Feb,background,"c(-72.341512717467, 39.784598926741)"
Feb,background,"c(-69.2154892957712, 42.0879846058852)"
Feb,background,"c(-69.9558632640676, 42.5815672514161)"
Feb,background,"c(-68.7219066502403, 42.4170397029058)"
Feb,background,"c(-70.0381270383227, 42.7460947999264)"
Feb,background,"c(-67.981532681944, 43.568732542478)"
Feb,background,"c(-67.5702138106682, 43.1574136712022)"
Feb,background,"c(-69.7913357155573, 42.0057208316301)"
Feb,background,"c(-71.8479300719361, 40.4427091207822)"
Feb,background,"c(-69.7090719413021, 41.9234570573749)"
Feb,background,"c(-68.55737910173, 42.3347759286507)"
Feb,background,"c(-69.7090719413021, 43.3219412197125)"
Feb,background,"c(-69.0509617472609, 42.4170397029058)"
Feb,background,"c(-69.7090719413021, 41.6766657346095)"
Feb,background,"c(-70.7785010066191, 40.3604453465271)"
Feb,background,"c(-71.6011387491706, 40.9362917663131)"
Feb,background,"c(-66.912103616627, 40.5249728950374)"
Feb,background,"c(-70.1203908125779, 40.6072366692925)"
Feb,background,"c(-69.2977530700264, 42.0879846058852)"
Feb,background,"c(-69.7913357155573, 42.9106223484367)"
Feb,background,"c(-66.6653122938615, 44.8026891563052)"
Feb,background,"c(-68.8864341987506, 42.5815672514161)"
Feb,background,"c(-71.7656662976809, 40.0313902495065)"
Feb,background,"c(-72.7528315887427, 39.1264887326998)"
Feb,background,"c(-71.6011387491706, 41.0185555405683)"
Feb,background,"c(-70.1203908125779, 42.6638310256713)"
Feb,background,"c(-68.55737910173, 41.8411932831198)"
Feb,background,"c(-72.8350953629979, 40.2781815722719)"
Feb,background,"c(-71.3543474264052, 41.0185555405683)"
Feb,background,"c(-69.1332255215161, 42.4170397029058)"
Feb,background,"c(-68.1460602304543, 43.4864687682228)"
Feb,background,"c(-68.7219066502403, 42.499303477161)"
Feb,background,"c(-68.7219066502403, 42.2525121543955)"
Feb,background,"c(-69.7913357155573, 42.6638310256713)"
Feb,background,"c(-69.9558632640676, 43.1574136712022)"
Feb,background,"c(-68.8864341987506, 41.2653468633337)"
Feb,background,"c(-69.626808167047, 43.6509963167331)"
Feb,background,"c(-69.3800168442815, 41.5121381860992)"
Feb,background,"c(-67.981532681944, 43.8977876394986)"
Feb,background,"c(-72.4237764917221, 40.6895004435477)"
Feb,background,"c(-67.2411587136476, 42.2525121543955)"
Feb,background,"c(-68.8041704244955, 41.7589295088646)"
Feb,background,"c(-69.7090719413021, 42.4170397029058)"
Feb,background,"c(-69.9558632640676, 40.6895004435477)"
Feb,background,"c(-72.5060402659773, 39.8668627009962)"
Feb,background,"c(-69.1332255215161, 40.6072366692925)"
Feb,background,"c(-67.0766311651373, 40.6072366692925)"
Feb,background,"c(-70.6962372323639, 40.6895004435477)"
Feb,background,"c(-72.5060402659773, 40.0313902495065)"
Feb,background,"c(-68.1460602304543, 42.0057208316301)"
Feb,background,"c(-69.4622806185367, 41.7589295088646)"
Feb,background,"c(-68.3928515532197, 43.2396774454574)"
Feb,background,"c(-69.4622806185367, 41.5121381860992)"
Feb,background,"c(-69.2977530700264, 42.499303477161)"
Feb,background,"c(-68.3105877789646, 42.1702483801404)"
Feb,background,"c(-69.7913357155573, 42.7460947999264)"
Feb,background,"c(-70.1203908125779, 42.9928861226919)"
Feb,background,"c(-68.9686979730058, 42.5815672514161)"
Feb,background,"c(-69.0509617472609, 42.1702483801404)"
Feb,background,"c(-67.6524775849234, 42.3347759286507)"
Feb,background,"c(-69.7090719413021, 43.1574136712022)"
Feb,background,"c(-68.55737910173, 41.7589295088646)"
Feb,background,"c(-68.8864341987506, 42.9106223484367)"
Feb,background,"c(-71.6011387491706, 39.8668627009962)"
Feb,background,"c(-69.8735994898124, 41.5121381860992)"
Feb,background,"c(-69.7090719413021, 41.5944019603543)"
Feb,background,"c(-71.5188749749155, 39.784598926741)"
Feb,background,"c(-73.1641504600185, 38.9619611841895)"
Feb,background,"c(-69.626808167047, 42.2525121543955)"
Feb,background,"c(-69.8735994898124, 42.8283585741816)"
Feb,background,"c(-72.5060402659773, 39.3732800554653)"
Feb,background,"c(-68.8041704244955, 41.2653468633337)"
Feb,background,"c(-69.0509617472609, 41.3476106375889)"
Feb,background,"c(-68.0637964561991, 42.1702483801404)"
Feb,background,"c(-66.4185209710961, 42.4170397029058)"
Feb,background,"c(-68.8041704244955, 42.2525121543955)"
Feb,background,"c(-71.9301938461912, 40.1136540237616)"
Feb,background,"c(-69.9558632640676, 42.6638310256713)"
Feb,background,"c(-73.0818866857633, 38.8796974099344)"
Feb,background,"c(-69.3800168442815, 42.6638310256713)"
Feb,background,"c(-69.2154892957712, 41.2653468633337)"
Feb,background,"c(-70.0381270383227, 39.8668627009962)"
Feb,background,"c(-68.7219066502403, 41.6766657346095)"
Feb,background,"c(-70.4494459095985, 42.4170397029058)"
Feb,background,"c(-69.4622806185367, 42.0057208316301)"
Feb,background,"c(-72.341512717467, 40.3604453465271)"
Feb,background,"c(-72.8350953629979, 39.208752506955)"
Feb,background,"c(-69.626808167047, 41.9234570573749)"
Feb,background,"c(-69.2977530700264, 42.6638310256713)"
Feb,background,"c(-70.8607647808742, 41.3476106375889)"
Feb,background,"c(-72.5060402659773, 39.5378076039756)"
Feb,background,"c(-66.7475760681167, 42.3347759286507)"
Feb,background,"c(-70.3671821353433, 40.854027992058)"
Feb,background,"c(-69.3800168442815, 41.3476106375889)"
Feb,background,"c(-69.7090719413021, 43.0751498969471)"
Feb,background,"c(-71.3543474264052, 40.0313902495065)"
Feb,background,"c(-66.2539934225858, 41.3476106375889)"
Feb,background,"c(-72.341512717467, 39.3732800554653)"
Feb,background,"c(-69.2977530700264, 43.0751498969471)"
Feb,background,"c(-72.0124576204464, 40.4427091207822)"
Feb,background,"c(-69.8735994898124, 42.0057208316301)"
Feb,background,"c(-68.6396428759852, 43.2396774454574)"
Feb,background,"c(-71.6011387491706, 39.7023351524859)"
Feb,background,"c(-69.2977530700264, 42.9928861226919)"
Feb,background,"c(-69.1332255215161, 41.9234570573749)"
Feb,background,"c(-67.6524775849234, 40.2781815722719)"
Feb,background,"c(-66.1717296483306, 41.6766657346095)"
Feb,background,"c(-70.2849183610882, 40.6072366692925)"
Feb,background,"c(-68.55737910173, 42.499303477161)"
Feb,background,"c(-68.8864341987506, 41.5121381860992)"
Feb,background,"c(-66.1717296483306, 44.8026891563052)"
Feb,background,"c(-67.0766311651373, 45.0494804790707)"
Feb,background,"c(-69.1332255215161, 42.5815672514161)"
Feb,background,"c(-69.7090719413021, 42.2525121543955)"
Feb,background,"c(-70.1203908125779, 41.0185555405683)"
Feb,background,"c(-72.2592489432118, 39.4555438297204)"
Feb,background,"c(-68.6396428759852, 42.9928861226919)"
Feb,background,"c(-70.202654586833, 42.5815672514161)"
Feb,background,"c(-67.981532681944, 42.0057208316301)"
Feb,background,"c(-70.5317096838536, 41.1008193148234)"
Feb,background,"c(-69.5445443927918, 43.568732542478)"
Feb,background,"c(-70.2849183610882, 41.9234570573749)"
Feb,background,"c(-72.0124576204464, 39.5378076039756)"
Feb,background,"c(-69.4622806185367, 41.3476106375889)"
Feb,background,"c(-70.8607647808742, 41.2653468633337)"
Feb,background,"c(-68.4751153274749, 41.7589295088646)"
Feb,background,"c(-72.8350953629979, 38.9619611841895)"
Feb,background,"c(-68.9686979730058, 41.3476106375889)"
Feb,background,"c(-70.0381270383227, 42.9928861226919)"
Feb,background,"c(-69.0509617472609, 42.3347759286507)"
Feb,background,"c(-69.0509617472609, 41.2653468633337)"
Feb,background,"c(-71.5188749749155, 40.854027992058)"
Feb,background,"c(-68.55737910173, 42.1702483801404)"
Feb,background,"c(-67.3234224879028, 42.1702483801404)"
Feb,background,"c(-68.9686979730058, 41.5121381860992)"
Feb,background,"c(-68.55737910173, 43.4042049939677)"
Feb,background,"c(-72.0124576204464, 40.854027992058)"
Feb,background,"c(-68.8041704244955, 41.3476106375889)"
Feb,background,"c(-68.7219066502403, 41.7589295088646)"
Feb,background,"c(-67.8992689076888, 43.1574136712022)"
Feb,background,"c(-72.2592489432118, 40.4427091207822)"
Feb,background,"c(-69.8735994898124, 42.1702483801404)"
Feb,background,"c(-72.0124576204464, 39.1264887326998)"
Feb,background,"c(-71.8479300719361, 39.7023351524859)"
Feb,background,"c(-67.4879500364131, 43.3219412197125)"
Feb,background,"c(-68.4751153274749, 41.8411932831198)"
Feb,background,"c(-68.0637964561991, 42.0057208316301)"
Feb,background,"c(-69.2154892957712, 41.8411932831198)"
Feb,background,"c(-69.2154892957712, 41.7589295088646)"
Feb,background,"c(-69.0509617472609, 42.6638310256713)"
Feb,background,"c(-69.9558632640676, 40.7717642178028)"
Feb,background,"c(-67.5702138106682, 43.9800514137537)"
Feb,background,"c(-68.6396428759852, 43.8977876394986)"
Feb,background,"c(-70.9430285551294, 40.4427091207822)"
Feb,background,"c(-71.9301938461912, 40.7717642178028)"
Feb,background,"c(-71.4366112006603, 39.9491264752513)"
Feb,background,"c(-69.0509617472609, 42.5815672514161)"
Feb,background,"c(-67.8170051334337, 43.568732542478)"
Feb,background,"c(-68.3928515532197, 42.2525121543955)"
Feb,background,"c(-68.3105877789646, 41.9234570573749)"
Feb,background,"c(-70.3671821353433, 41.1008193148234)"
Feb,background,"c(-67.5702138106682, 43.8155238652434)"
Feb,background,"c(-71.9301938461912, 39.9491264752513)"
Feb,background,"c(-72.341512717467, 39.5378076039756)"
Feb,background,"c(-72.6705678144876, 38.9619611841895)"
Feb,background,"c(-72.2592489432118, 40.7717642178028)"
Feb,background,"c(-70.1203908125779, 42.2525121543955)"
Feb,background,"c(-68.8041704244955, 42.1702483801404)"
Feb,background,"c(-69.1332255215161, 42.6638310256713)"
Feb,background,"c(-68.3928515532197, 41.5944019603543)"
Feb,background,"c(-68.7219066502403, 41.5121381860992)"
Feb,background,"c(-71.4366112006603, 40.3604453465271)"
Feb,background,"c(-69.0509617472609, 41.8411932831198)"
Feb,background,"c(-70.4494459095985, 40.6072366692925)"
Feb,background,"c(-70.8607647808742, 40.1959177980168)"
Feb,background,"c(-66.5830485196064, 40.9362917663131)"
Feb,background,"c(-69.7913357155573, 41.9234570573749)"
Feb,background,"c(-68.7219066502403, 41.5944019603543)"
Feb,background,"c(-69.4622806185367, 41.8411932831198)"
Feb,background,"c(-69.5445443927918, 43.2396774454574)"
Feb,background,"c(-69.8735994898124, 42.4170397029058)"
Feb,background,"c(-68.1460602304543, 43.2396774454574)"
Feb,background,"c(-67.981532681944, 42.9106223484367)"
Feb,background,"c(-70.0381270383227, 42.1702483801404)"
Feb,background,"c(-69.7913357155573, 42.4170397029058)"
Feb,background,"c(-66.4185209710961, 42.2525121543955)"
Feb,background,"c(-69.1332255215161, 41.7589295088646)"
Feb,background,"c(-68.2283240047094, 43.568732542478)"
Feb,background,"c(-69.0509617472609, 42.0879846058852)"
Feb,background,"c(-68.3105877789646, 42.0057208316301)"
Feb,background,"c(-70.1203908125779, 42.9106223484367)"
Feb,background,"c(-69.0509617472609, 41.9234570573749)"
Feb,background,"c(-69.4622806185367, 42.8283585741816)"
Feb,background,"c(-71.9301938461912, 40.6072366692925)"
Feb,background,"c(-68.55737910173, 43.0751498969471)"
Feb,background,"c(-67.6524775849234, 42.1702483801404)"
Feb,background,"c(-72.917359137253, 38.8796974099344)"
Feb,background,"c(-72.0947213947015, 40.4427091207822)"
Feb,background,"c(-69.9558632640676, 42.1702483801404)"
Feb,background,"c(-68.1460602304543, 41.5944019603543)"
Feb,background,"c(-69.626808167047, 40.1136540237616)"
Feb,background,"c(-72.7528315887427, 38.8796974099344)"
Feb,background,"c(-70.2849183610882, 42.0057208316301)"
Feb,background,"c(-67.8992689076888, 42.0057208316301)"
Feb,background,"c(-69.0509617472609, 42.8283585741816)"
Feb,background,"c(-70.3671821353433, 42.9106223484367)"
Feb,background,"c(-68.9686979730058, 39.8668627009962)"
Feb,background,"c(-68.4751153274749, 42.1702483801404)"
Feb,background,"c(-69.1332255215161, 42.9928861226919)"
Feb,background,"c(-71.9301938461912, 39.6200713782307)"
Feb,background,"c(-68.4751153274749, 41.9234570573749)"
Feb,background,"c(-68.9686979730058, 41.5944019603543)"
Feb,background,"c(-71.4366112006603, 40.4427091207822)"
Feb,background,"c(-69.0509617472609, 42.9928861226919)"
Feb,background,"c(-70.202654586833, 41.9234570573749)"
Feb,background,"c(-69.4622806185367, 43.1574136712022)"
Feb,background,"c(-72.0124576204464, 40.1959177980168)"
Feb,background,"c(-68.2283240047094, 43.8155238652434)"
Feb,background,"c(-71.9301938461912, 39.5378076039756)"
Feb,background,"c(-68.3105877789646, 42.4170397029058)"
Feb,background,"c(-68.4751153274749, 42.4170397029058)"
Feb,background,"c(-69.1332255215161, 42.0057208316301)"
Feb,background,"c(-70.8607647808742, 41.0185555405683)"
Feb,background,"c(-68.55737910173, 41.5121381860992)"
Feb,background,"c(-70.202654586833, 42.9928861226919)"
Feb,background,"c(-72.1769851689567, 39.5378076039756)"
Feb,background,"c(-68.1460602304543, 40.7717642178028)"
Feb,background,"c(-68.3105877789646, 43.3219412197125)"
Feb,background,"c(-72.0124576204464, 40.1136540237616)"
Feb,background,"c(-69.8735994898124, 42.499303477161)"
Feb,background,"c(-68.3928515532197, 42.4170397029058)"
Feb,background,"c(-71.1898198778948, 41.0185555405683)"
Feb,background,"c(-70.202654586833, 41.1008193148234)"
Feb,background,"c(-68.6396428759852, 41.9234570573749)"
Feb,background,"c(-69.3800168442815, 42.0057208316301)"
Feb,background,"c(-69.7913357155573, 41.7589295088646)"
Feb,background,"c(-68.0637964561991, 42.0879846058852)"
Feb,background,"c(-70.3671821353433, 42.0057208316301)"
Feb,background,"c(-69.3800168442815, 43.8155238652434)"
Feb,background,"c(-66.5830485196064, 44.9672167048155)"
Feb,background,"c(-69.626808167047, 41.3476106375889)"
Feb,background,"c(-68.9686979730058, 42.9928861226919)"
Feb,background,"c(-70.9430285551294, 40.5249728950374)"
Feb,background,"c(-68.6396428759852, 41.6766657346095)"
Feb,background,"c(-69.3800168442815, 41.9234570573749)"
Feb,background,"c(-69.0509617472609, 41.6766657346095)"
Feb,background,"c(-69.1332255215161, 41.5944019603543)"
Feb,background,"c(-67.981532681944, 42.1702483801404)"
Feb,background,"c(-69.7090719413021, 40.9362917663131)"
Feb,background,"c(-67.2411587136476, 44.3091065107743)"
Feb,background,"c(-66.5007847453512, 44.7204253820501)"
Feb,background,"c(-69.9558632640676, 42.7460947999264)"
Feb,background,"c(-69.2154892957712, 41.1830830890786)"
Feb,background,"c(-68.0637964561991, 43.7332600909883)"
Feb,background,"c(-69.1332255215161, 43.4864687682228)"
Feb,background,"c(-67.8170051334337, 42.0879846058852)"
Feb,background,"c(-65.1023005830137, 43.2396774454574)"
Feb,background,"c(-71.8479300719361, 40.7717642178028)"
Feb,background,"c(-67.8992689076888, 44.0623151880089)"
Feb,background,"c(-71.27208365215, 39.9491264752513)"
Feb,background,"c(-69.3800168442815, 43.0751498969471)"
Feb,background,"c(-69.3800168442815, 42.0879846058852)"
Feb,background,"c(-72.2592489432118, 39.8668627009962)"
Feb,background,"c(-70.7785010066191, 41.1830830890786)"
Feb,background,"c(-68.1460602304543, 41.9234570573749)"
Feb,background,"c(-67.7347413591785, 42.7460947999264)"
Feb,background,"c(-69.2977530700264, 41.3476106375889)"
Feb,background,"c(-69.4622806185367, 41.429874411844)"
Feb,background,"c(-68.3105877789646, 43.4042049939677)"
Feb,background,"c(-73.4932055570391, 40.2781815722719)"
Feb,background,"c(-68.8041704244955, 41.5944019603543)"
Feb,background,"c(-67.5702138106682, 43.0751498969471)"
Feb,background,"c(-66.6653122938615, 41.429874411844)"
Feb,background,"c(-68.3928515532197, 42.0879846058852)"
Feb,background,"c(-68.0637964561991, 43.3219412197125)"
Feb,background,"c(-67.0766311651373, 44.3913702850295)"
Feb,background,"c(-68.8041704244955, 41.5121381860992)"
Feb,background,"c(-69.7913357155573, 41.8411932831198)"
Feb,background,"c(-68.7219066502403, 43.0751498969471)"
Feb,background,"c(-71.1075561036397, 39.8668627009962)"
Feb,background,"c(-68.7219066502403, 43.1574136712022)"
Feb,background,"c(-69.8735994898124, 41.7589295088646)"
Feb,background,"c(-71.7656662976809, 39.9491264752513)"
Feb,background,"c(-67.8992689076888, 43.6509963167331)"
Feb,background,"c(-69.7913357155573, 40.9362917663131)"
Feb,background,"c(-68.6396428759852, 42.0879846058852)"
Feb,background,"c(-71.7656662976809, 40.5249728950374)"
Feb,background,"c(-69.1332255215161, 42.2525121543955)"
Feb,background,"c(-67.7347413591785, 43.1574136712022)"
Feb,background,"c(-72.0947213947015, 39.8668627009962)"
Feb,background,"c(-67.8170051334337, 42.5815672514161)"
Feb,background,"c(-68.9686979730058, 41.6766657346095)"
Feb,background,"c(-66.8298398423719, 44.9672167048155)"
Feb,background,"c(-68.6396428759852, 41.5121381860992)"
Feb,background,"c(-69.7090719413021, 42.0057208316301)"
Feb,background,"c(-68.9686979730058, 41.1830830890786)"
Feb,background,"c(-68.4751153274749, 43.4042049939677)"
Feb,background,"c(-69.2154892957712, 41.9234570573749)"
Feb,background,"c(-69.7913357155573, 42.2525121543955)"
Feb,background,"c(-69.5445443927918, 42.5815672514161)"
Feb,background,"c(-69.5445443927918, 42.1702483801404)"
Feb,background,"c(-69.4622806185367, 42.0879846058852)"
Feb,background,"c(-72.9996229115082, 39.0442249584447)"
Feb,background,"c(-68.55737910173, 40.9362917663131)"
Feb,background,"c(-69.0509617472609, 42.0057208316301)"
Feb,background,"c(-67.7347413591785, 44.144578962264)"
Feb,background,"c(-71.0252923293846, 40.6072366692925)"
Feb,background,"c(-69.0509617472609, 40.2781815722719)"
Feb,background,"c(-65.5136194542894, 42.9928861226919)"
Feb,background,"c(-66.912103616627, 42.1702483801404)"
Feb,background,"c(-69.5445443927918, 42.499303477161)"
Feb,background,"c(-68.3105877789646, 43.2396774454574)"
Feb,background,"c(-71.5188749749155, 40.6895004435477)"
Feb,background,"c(-70.9430285551294, 40.7717642178028)"
Feb,background,"c(-67.3234224879028, 42.4170397029058)"
Feb,background,"c(-69.2154892957712, 42.3347759286507)"
Feb,background,"c(-70.3671821353433, 42.0879846058852)"
Feb,background,"c(-68.1460602304543, 43.8155238652434)"
Feb,background,"c(-66.3362571968409, 42.1702483801404)"
Feb,background,"c(-69.2977530700264, 41.6766657346095)"
Feb,background,"c(-72.5883040402324, 39.208752506955)"
Feb,background,"c(-67.3234224879028, 44.2268427365192)"
Feb,background,"c(-67.1588949393925, 43.9800514137537)"
Feb,background,"c(-69.3800168442815, 42.9928861226919)"
Feb,background,"c(-72.4237764917221, 40.5249728950374)"
Feb,background,"c(-70.5317096838536, 40.9362917663131)"
Feb,background,"c(-68.3105877789646, 42.499303477161)"
Feb,background,"c(-67.7347413591785, 43.568732542478)"
Feb,background,"c(-67.8992689076888, 42.2525121543955)"
Feb,background,"c(-69.4622806185367, 42.6638310256713)"
Feb,background,"c(-71.27208365215, 40.0313902495065)"
Feb,background,"c(-70.0381270383227, 40.4427091207822)"
Feb,background,"c(-67.8992689076888, 43.4864687682228)"
Feb,background,"c(-69.5445443927918, 43.6509963167331)"
Feb,background,"c(-71.8479300719361, 40.0313902495065)"
Feb,background,"c(-69.7090719413021, 42.6638310256713)"
Feb,background,"c(-71.8479300719361, 39.5378076039756)"
Feb,background,"c(-67.4879500364131, 42.9106223484367)"
Feb,background,"c(-69.2977530700264, 42.4170397029058)"
Feb,background,"c(-71.8479300719361, 39.9491264752513)"
Feb,background,"c(-70.2849183610882, 40.9362917663131)"
Feb,background,"c(-68.9686979730058, 41.429874411844)"
Feb,background,"c(-68.9686979730058, 42.4170397029058)"
Feb,background,"c(-70.202654586833, 41.2653468633337)"
Feb,background,"c(-68.8864341987506, 42.0879846058852)"
Feb,background,"c(-69.2977530700264, 41.5944019603543)"
Feb,background,"c(-67.1588949393925, 44.3913702850295)"
Feb,background,"c(-69.626808167047, 42.7460947999264)"
Feb,background,"c(-70.202654586833, 40.854027992058)"
Feb,background,"c(-72.4237764917221, 40.4427091207822)"
Feb,background,"c(-68.8041704244955, 41.9234570573749)"
Feb,background,"c(-65.1023005830137, 42.9928861226919)"
Feb,background,"c(-69.1332255215161, 41.2653468633337)"
Feb,background,"c(-68.8864341987506, 41.5944019603543)"
Feb,background,"c(-69.5445443927918, 41.1008193148234)"
Feb,background,"c(-66.5830485196064, 44.7204253820501)"
Feb,background,"c(-70.0381270383227, 40.6895004435477)"
Feb,background,"c(-68.9686979730058, 42.0879846058852)"
Feb,background,"c(-68.9686979730058, 41.1008193148234)"
Feb,background,"c(-69.2977530700264, 41.8411932831198)"
Feb,background,"c(-70.9430285551294, 39.6200713782307)"
Feb,background,"c(-70.202654586833, 40.4427091207822)"
Feb,background,"c(-70.5317096838536, 42.6638310256713)"
Feb,background,"c(-68.8041704244955, 41.6766657346095)"
Feb,background,"c(-67.5702138106682, 42.2525121543955)"
Feb,background,"c(-70.1203908125779, 42.8283585741816)"
Feb,background,"c(-68.2283240047094, 43.3219412197125)"
Feb,background,"c(-70.6139734581088, 40.7717642178028)"
Feb,background,"c(-69.2154892957712, 42.8283585741816)"
Feb,background,"c(-70.6139734581088, 42.4170397029058)"
Feb,background,"c(-69.2154892957712, 42.9106223484367)"
Feb,background,"c(-69.1332255215161, 42.8283585741816)"
Feb,background,"c(-70.4494459095985, 42.2525121543955)"
Feb,background,"c(-68.8864341987506, 41.8411932831198)"
Feb,background,"c(-67.7347413591785, 43.7332600909883)"
Feb,background,"c(-68.0637964561991, 42.3347759286507)"
Feb,background,"c(-69.2154892957712, 42.7460947999264)"
Feb,background,"c(-70.3671821353433, 42.9928861226919)"
Feb,background,"c(-69.3800168442815, 41.429874411844)"
Feb,background,"c(-69.1332255215161, 41.1008193148234)"
Feb,background,"c(-68.1460602304543, 43.7332600909883)"
Feb,background,"c(-67.4879500364131, 43.1574136712022)"
Feb,background,"c(-68.9686979730058, 42.499303477161)"
Feb,background,"c(-70.202654586833, 43.0751498969471)"
Feb,background,"c(-69.7090719413021, 42.499303477161)"
Feb,background,"c(-71.0252923293846, 40.5249728950374)"
Feb,background,"c(-67.6524775849234, 42.4170397029058)"
Feb,background,"c(-70.8607647808742, 40.0313902495065)"
Feb,background,"c(-69.1332255215161, 41.8411932831198)"
Feb,background,"c(-73.0818866857633, 40.6072366692925)"
Feb,background,"c(-69.2977530700264, 42.9106223484367)"
Feb,background,"c(-71.9301938461912, 40.6895004435477)"
Feb,background,"c(-66.9943673908821, 44.2268427365192)"
Feb,background,"c(-68.9686979730058, 41.0185555405683)"
Feb,background,"c(-70.3671821353433, 43.2396774454574)"
Feb,background,"c(-67.5702138106682, 43.4042049939677)"
Feb,background,"c(-70.6962372323639, 42.4170397029058)"
Feb,background,"c(-67.5702138106682, 44.2268427365192)"
Feb,background,"c(-67.8170051334337, 44.0623151880089)"
Feb,background,"c(-70.8607647808742, 40.6072366692925)"
Feb,background,"c(-68.8041704244955, 43.4864687682228)"
Feb,background,"c(-70.202654586833, 42.7460947999264)"
Mar,presence,"c(-67.09731, 45.07958)"
Mar,presence,"c(-71.4933, 39.8448)"
Mar,presence,"c(-71.7295, 39.9463)"
Mar,presence,"c(-69.91194, 42.1335)"
Mar,presence,"c(-68.33408, 41.62774)"
Mar,presence,"c(-73.0217, 39.8904)"
Mar,presence,"c(-71.4252, 39.9299)"
Mar,presence,"c(-66.8464, 44.942933)"
Mar,presence,"c(-72.6289, 38.8414)"
Mar,presence,"c(-71.4184, 39.638)"
Mar,presence,"c(-68.86716, 41.76996)"
Mar,presence,"c(-71.4841, 39.8235)"
Mar,background,"c(-70.202654586833, 41.9234570573749)"
Mar,background,"c(-69.7090719413021, 42.2525121543955)"
Mar,background,"c(-69.7913357155573, 42.9106223484367)"
Mar,background,"c(-70.5317096838536, 42.2525121543955)"
Mar,background,"c(-71.3543474264052, 40.2781815722719)"
Mar,background,"c(-66.7475760681167, 43.8977876394986)"
Mar,background,"c(-70.5317096838536, 42.9928861226919)"
Mar,background,"c(-67.5702138106682, 43.1574136712022)"
Mar,background,"c(-68.3105877789646, 43.2396774454574)"
Mar,background,"c(-69.0509617472609, 40.2781815722719)"
Mar,background,"c(-67.7347413591785, 43.8977876394986)"
Mar,background,"c(-69.1332255215161, 43.4042049939677)"
Mar,background,"c(-72.7528315887427, 38.8796974099344)"
Mar,background,"c(-69.1332255215161, 41.9234570573749)"
Mar,background,"c(-70.2849183610882, 42.0879846058852)"
Mar,background,"c(-72.341512717467, 39.208752506955)"
Mar,background,"c(-70.3671821353433, 43.2396774454574)"
Mar,background,"c(-68.2283240047094, 41.9234570573749)"
Mar,background,"c(-69.0509617472609, 42.0057208316301)"
Mar,background,"c(-68.0637964561991, 41.9234570573749)"
Mar,background,"c(-72.5060402659773, 39.5378076039756)"
Mar,background,"c(-70.3671821353433, 42.5815672514161)"
Mar,background,"c(-72.4237764917221, 39.3732800554653)"
Mar,background,"c(-68.1460602304543, 43.568732542478)"
Mar,background,"c(-69.626808167047, 39.6200713782307)"
Mar,background,"c(-68.3928515532197, 43.568732542478)"
Mar,background,"c(-68.2283240047094, 42.0057208316301)"
Mar,background,"c(-71.9301938461912, 39.6200713782307)"
Mar,background,"c(-69.9558632640676, 42.8283585741816)"
Mar,background,"c(-68.6396428759852, 42.0879846058852)"
Mar,background,"c(-69.9558632640676, 42.3347759286507)"
Mar,background,"c(-69.5445443927918, 43.4864687682228)"
Mar,background,"c(-71.27208365215, 40.1136540237616)"
Mar,background,"c(-67.3234224879028, 44.0623151880089)"
Mar,background,"c(-68.3928515532197, 43.1574136712022)"
Mar,background,"c(-68.55737910173, 42.0879846058852)"
Mar,background,"c(-68.1460602304543, 43.8155238652434)"
Mar,background,"c(-67.6524775849234, 42.9928861226919)"
Mar,background,"c(-68.55737910173, 41.8411932831198)"
Mar,background,"c(-68.9686979730058, 42.2525121543955)"
Mar,background,"c(-68.7219066502403, 43.4042049939677)"
Mar,background,"c(-69.0509617472609, 43.0751498969471)"
Mar,background,"c(-68.55737910173, 41.9234570573749)"
Mar,background,"c(-69.4622806185367, 41.9234570573749)"
Mar,background,"c(-69.0509617472609, 41.2653468633337)"
Mar,background,"c(-68.9686979730058, 41.1008193148234)"
Mar,background,"c(-69.0509617472609, 41.1830830890786)"
Mar,background,"c(-69.2154892957712, 43.0751498969471)"
Mar,background,"c(-68.9686979730058, 41.3476106375889)"
Mar,background,"c(-70.2849183610882, 40.9362917663131)"
Mar,background,"c(-68.55737910173, 42.1702483801404)"
Mar,background,"c(-72.4237764917221, 39.6200713782307)"
Mar,background,"c(-67.6524775849234, 43.2396774454574)"
Mar,background,"c(-72.4237764917221, 40.1959177980168)"
Mar,background,"c(-69.5445443927918, 41.429874411844)"
Mar,background,"c(-69.2977530700264, 41.9234570573749)"
Mar,background,"c(-69.7090719413021, 41.8411932831198)"
Mar,background,"c(-69.1332255215161, 41.2653468633337)"
Mar,background,"c(-67.6524775849234, 44.0623151880089)"
Mar,background,"c(-68.3105877789646, 42.4170397029058)"
Mar,background,"c(-68.6396428759852, 42.2525121543955)"
Mar,background,"c(-66.5007847453512, 42.3347759286507)"
Mar,background,"c(-69.1332255215161, 42.0879846058852)"
Mar,background,"c(-66.4185209710961, 44.8026891563052)"
Mar,background,"c(-68.55737910173, 42.9928861226919)"
Mar,background,"c(-68.3928515532197, 42.4170397029058)"
Mar,background,"c(-68.0637964561991, 42.1702483801404)"
Mar,background,"c(-69.2977530700264, 42.1702483801404)"
Mar,background,"c(-69.0509617472609, 42.7460947999264)"
Mar,background,"c(-68.8864341987506, 41.5121381860992)"
Mar,background,"c(-72.4237764917221, 40.4427091207822)"
Mar,background,"c(-70.0381270383227, 42.5815672514161)"
Mar,background,"c(-72.0947213947015, 40.6072366692925)"
Mar,background,"c(-71.6011387491706, 40.6072366692925)"
Mar,background,"c(-67.3234224879028, 40.3604453465271)"
Mar,background,"c(-71.1898198778948, 41.0185555405683)"
Mar,background,"c(-69.0509617472609, 41.429874411844)"
Mar,background,"c(-70.3671821353433, 40.4427091207822)"
Mar,background,"c(-68.9686979730058, 42.6638310256713)"
Mar,background,"c(-68.6396428759852, 42.1702483801404)"
Mar,background,"c(-69.8735994898124, 42.1702483801404)"
Mar,background,"c(-68.8864341987506, 42.0057208316301)"
Mar,background,"c(-68.2283240047094, 42.3347759286507)"
Mar,background,"c(-70.2849183610882, 42.0057208316301)"
Mar,background,"c(-67.4879500364131, 43.9800514137537)"
Mar,background,"c(-67.5702138106682, 42.5815672514161)"
Mar,background,"c(-69.1332255215161, 41.1830830890786)"
Mar,background,"c(-67.6524775849234, 42.3347759286507)"
Mar,background,"c(-72.0947213947015, 40.6895004435477)"
Mar,background,"c(-68.3105877789646, 42.1702483801404)"
Mar,background,"c(-68.4751153274749, 43.4042049939677)"
Mar,background,"c(-67.0766311651373, 44.4736340592846)"
Mar,background,"c(-70.0381270383227, 41.1008193148234)"
Mar,background,"c(-68.7219066502403, 41.8411932831198)"
Mar,background,"c(-67.8170051334337, 42.0879846058852)"
Mar,background,"c(-68.0637964561991, 42.0057208316301)"
Mar,background,"c(-67.1588949393925, 43.9800514137537)"
Mar,background,"c(-69.1332255215161, 41.6766657346095)"
Mar,background,"c(-67.7347413591785, 42.1702483801404)"
Mar,background,"c(-68.3928515532197, 42.499303477161)"
Mar,background,"c(-69.2977530700264, 41.5121381860992)"
Mar,background,"c(-69.4622806185367, 42.1702483801404)"
Mar,background,"c(-68.1460602304543, 43.0751498969471)"
Mar,background,"c(-66.5830485196064, 42.2525121543955)"
Mar,background,"c(-69.4622806185367, 43.3219412197125)"
Mar,background,"c(-72.2592489432118, 39.784598926741)"
Mar,background,"c(-68.55737910173, 41.6766657346095)"
Mar,background,"c(-69.2977530700264, 43.1574136712022)"
Mar,background,"c(-69.5445443927918, 41.9234570573749)"
Mar,background,"c(-72.0124576204464, 39.7023351524859)"
Mar,background,"c(-69.8735994898124, 42.8283585741816)"
Mar,background,"c(-67.981532681944, 43.8155238652434)"
Mar,background,"c(-67.8992689076888, 43.4042049939677)"
Mar,background,"c(-68.1460602304543, 42.0879846058852)"
Mar,background,"c(-71.8479300719361, 39.7023351524859)"
Mar,background,"c(-71.0252923293846, 39.7023351524859)"
Mar,background,"c(-69.1332255215161, 42.9928861226919)"
Mar,background,"c(-70.202654586833, 40.6072366692925)"
Mar,background,"c(-71.8479300719361, 39.5378076039756)"
Mar,background,"c(-68.6396428759852, 42.3347759286507)"
Mar,background,"c(-68.55737910173, 43.2396774454574)"
Mar,background,"c(-69.2154892957712, 41.9234570573749)"
Mar,background,"c(-68.8864341987506, 41.5944019603543)"
Mar,background,"c(-68.9686979730058, 42.4170397029058)"
Mar,background,"c(-68.2283240047094, 42.2525121543955)"
Mar,background,"c(-69.2977530700264, 41.2653468633337)"
Mar,background,"c(-66.5007847453512, 43.0751498969471)"
Mar,background,"c(-70.4494459095985, 42.5815672514161)"
Mar,background,"c(-69.9558632640676, 43.0751498969471)"
Mar,background,"c(-71.5188749749155, 41.1008193148234)"
Mar,background,"c(-68.1460602304543, 43.6509963167331)"
Mar,background,"c(-67.2411587136476, 42.2525121543955)"
Mar,background,"c(-68.8864341987506, 41.1830830890786)"
Mar,background,"c(-69.3800168442815, 41.8411932831198)"
Mar,background,"c(-68.6396428759852, 41.5121381860992)"
Mar,background,"c(-68.8041704244955, 42.4170397029058)"
Mar,background,"c(-68.8041704244955, 41.3476106375889)"
Mar,background,"c(-69.8735994898124, 42.3347759286507)"
Mar,background,"c(-71.3543474264052, 39.9491264752513)"
Mar,background,"c(-67.2411587136476, 42.3347759286507)"
Mar,background,"c(-69.9558632640676, 42.1702483801404)"
Mar,background,"c(-69.5445443927918, 43.568732542478)"
Mar,background,"c(-69.8735994898124, 42.0879846058852)"
Mar,background,"c(-67.4879500364131, 43.0751498969471)"
Mar,background,"c(-72.2592489432118, 40.3604453465271)"
Mar,background,"c(-72.0124576204464, 39.5378076039756)"
Mar,background,"c(-68.7219066502403, 41.5121381860992)"
Mar,background,"c(-68.9686979730058, 42.3347759286507)"
Mar,background,"c(-69.5445443927918, 41.8411932831198)"
Mar,background,"c(-68.8041704244955, 41.2653468633337)"
Mar,background,"c(-69.4622806185367, 43.0751498969471)"
Mar,background,"c(-68.8041704244955, 42.2525121543955)"
Mar,background,"c(-69.2154892957712, 41.5121381860992)"
Mar,background,"c(-71.4366112006603, 40.2781815722719)"
Mar,background,"c(-67.7347413591785, 42.4170397029058)"
Mar,background,"c(-70.202654586833, 41.2653468633337)"
Mar,background,"c(-68.6396428759852, 41.7589295088646)"
Mar,background,"c(-69.9558632640676, 40.6895004435477)"
Mar,background,"c(-72.2592489432118, 40.6895004435477)"
Mar,background,"c(-66.5007847453512, 44.7204253820501)"
Mar,background,"c(-69.2977530700264, 41.7589295088646)"
Mar,background,"c(-68.55737910173, 42.2525121543955)"
Mar,background,"c(-68.8041704244955, 42.0057208316301)"
Mar,background,"c(-69.5445443927918, 41.1008193148234)"
Mar,background,"c(-70.0381270383227, 42.9928861226919)"
Mar,background,"c(-69.626808167047, 41.7589295088646)"
Mar,background,"c(-69.3800168442815, 42.5815672514161)"
Mar,background,"c(-67.8992689076888, 43.8977876394986)"
Mar,background,"c(-69.626808167047, 41.8411932831198)"
Mar,background,"c(-73.0818866857633, 40.1136540237616)"
Mar,background,"c(-66.5007847453512, 44.6381616077949)"
Mar,background,"c(-66.3362571968409, 44.7204253820501)"
Mar,background,"c(-69.2154892957712, 41.3476106375889)"
Mar,background,"c(-68.8864341987506, 42.9106223484367)"
Mar,background,"c(-68.8041704244955, 42.3347759286507)"
Mar,background,"c(-68.4751153274749, 41.9234570573749)"
Mar,background,"c(-67.981532681944, 42.0057208316301)"
Mar,background,"c(-67.8170051334337, 42.1702483801404)"
Mar,background,"c(-72.0124576204464, 40.4427091207822)"
Mar,background,"c(-69.3800168442815, 41.5121381860992)"
Mar,background,"c(-67.6524775849234, 42.1702483801404)"
Mar,background,"c(-69.7090719413021, 42.0057208316301)"
Mar,background,"c(-68.3105877789646, 42.3347759286507)"
Mar,background,"c(-68.8041704244955, 41.6766657346095)"
Mar,background,"c(-68.7219066502403, 42.3347759286507)"
Mar,background,"c(-72.2592489432118, 39.4555438297204)"
Mar,background,"c(-72.5883040402324, 39.4555438297204)"
Mar,background,"c(-71.27208365215, 39.9491264752513)"
Mar,background,"c(-68.9686979730058, 41.9234570573749)"
Mar,background,"c(-68.6396428759852, 41.9234570573749)"
Mar,background,"c(-70.8607647808742, 40.7717642178028)"
Mar,background,"c(-68.8864341987506, 41.2653468633337)"
Mar,background,"c(-72.0947213947015, 39.9491264752513)"
Mar,background,"c(-67.8992689076888, 42.9928861226919)"
Mar,background,"c(-68.6396428759852, 42.4170397029058)"
Mar,background,"c(-68.7219066502403, 43.3219412197125)"
Mar,background,"c(-68.8041704244955, 41.429874411844)"
Mar,background,"c(-70.0381270383227, 42.6638310256713)"
Mar,background,"c(-68.8041704244955, 43.2396774454574)"
Mar,background,"c(-69.7090719413021, 41.7589295088646)"
Mar,background,"c(-70.202654586833, 42.9106223484367)"
Mar,background,"c(-69.7913357155573, 42.499303477161)"
Mar,background,"c(-72.341512717467, 39.784598926741)"
Mar,background,"c(-68.9686979730058, 43.2396774454574)"
Mar,background,"c(-68.7219066502403, 43.6509963167331)"
Mar,background,"c(-69.2977530700264, 42.9928861226919)"
Mar,background,"c(-67.7347413591785, 40.3604453465271)"
Mar,background,"c(-71.3543474264052, 40.0313902495065)"
Mar,background,"c(-70.0381270383227, 42.3347759286507)"
Mar,background,"c(-68.8041704244955, 41.7589295088646)"
Mar,background,"c(-70.1203908125779, 43.0751498969471)"
Mar,background,"c(-69.626808167047, 42.7460947999264)"
Mar,background,"c(-67.7347413591785, 43.9800514137537)"
Mar,background,"c(-68.55737910173, 43.4042049939677)"
Mar,background,"c(-69.1332255215161, 42.0057208316301)"
Mar,background,"c(-67.6524775849234, 43.1574136712022)"
Mar,background,"c(-69.2977530700264, 42.8283585741816)"
Mar,background,"c(-72.2592489432118, 39.8668627009962)"
Mar,background,"c(-68.8864341987506, 42.3347759286507)"
Mar,background,"c(-72.2592489432118, 40.7717642178028)"
Mar,background,"c(-69.5445443927918, 41.7589295088646)"
Mar,background,"c(-69.626808167047, 42.4170397029058)"
Mar,background,"c(-68.6396428759852, 42.8283585741816)"
Mar,background,"c(-69.2977530700264, 43.0751498969471)"
Mar,background,"c(-69.1332255215161, 42.1702483801404)"
Mar,background,"c(-65.5136194542894, 42.0057208316301)"
Mar,background,"c(-69.626808167047, 41.5121381860992)"
Mar,background,"c(-68.3928515532197, 41.8411932831198)"
Mar,background,"c(-72.0947213947015, 40.7717642178028)"
Mar,background,"c(-68.4751153274749, 42.4170397029058)"
Mar,background,"c(-66.9943673908821, 44.9672167048155)"
Mar,background,"c(-72.341512717467, 39.7023351524859)"
Mar,background,"c(-72.0947213947015, 39.5378076039756)"
Mar,background,"c(-66.5007847453512, 43.1574136712022)"
Mar,background,"c(-72.0947213947015, 40.3604453465271)"
Mar,background,"c(-69.626808167047, 41.9234570573749)"
Mar,background,"c(-67.0766311651373, 45.0494804790707)"
Mar,background,"c(-67.5702138106682, 42.9928861226919)"
Mar,background,"c(-68.4751153274749, 42.3347759286507)"
Mar,background,"c(-67.981532681944, 40.2781815722719)"
Mar,background,"c(-68.4751153274749, 43.8155238652434)"
Mar,background,"c(-70.6139734581088, 40.7717642178028)"
Mar,background,"c(-69.8735994898124, 43.4864687682228)"
Mar,background,"c(-69.4622806185367, 42.9106223484367)"
Mar,background,"c(-69.2977530700264, 41.429874411844)"
Mar,background,"c(-69.626808167047, 43.2396774454574)"
Mar,background,"c(-68.2283240047094, 42.0879846058852)"
Mar,background,"c(-68.8864341987506, 42.0879846058852)"
Mar,background,"c(-71.27208365215, 40.0313902495065)"
Mar,background,"c(-69.7913357155573, 42.0057208316301)"
Mar,background,"c(-70.3671821353433, 42.9928861226919)"
Mar,background,"c(-72.2592489432118, 40.4427091207822)"
Mar,background,"c(-70.2849183610882, 43.1574136712022)"
Mar,background,"c(-67.5702138106682, 43.8155238652434)"
Mar,background,"c(-67.5702138106682, 44.0623151880089)"
Mar,background,"c(-69.3800168442815, 41.6766657346095)"
Mar,background,"c(-65.3490919057791, 43.3219412197125)"
Mar,background,"c(-71.8479300719361, 39.9491264752513)"
Mar,background,"c(-68.3105877789646, 43.3219412197125)"
Mar,background,"c(-69.1332255215161, 41.5944019603543)"
Mar,background,"c(-69.4622806185367, 41.5944019603543)"
Mar,background,"c(-67.6524775849234, 42.0879846058852)"
Mar,background,"c(-69.8735994898124, 42.4170397029058)"
Mar,background,"c(-69.9558632640676, 43.1574136712022)"
Mar,background,"c(-72.4237764917221, 39.4555438297204)"
Mar,background,"c(-69.7913357155573, 43.568732542478)"
Mar,background,"c(-67.7347413591785, 43.568732542478)"
Mar,background,"c(-69.5445443927918, 43.2396774454574)"
Mar,background,"c(-68.3928515532197, 41.9234570573749)"
Mar,background,"c(-71.6011387491706, 39.784598926741)"
Mar,background,"c(-66.7475760681167, 41.1830830890786)"
Mar,background,"c(-72.5060402659773, 39.208752506955)"
Mar,background,"c(-65.1023005830137, 43.2396774454574)"
Mar,background,"c(-69.7913357155573, 41.8411932831198)"
Mar,background,"c(-69.4622806185367, 42.0879846058852)"
Mar,background,"c(-70.9430285551294, 40.5249728950374)"
Mar,background,"c(-68.6396428759852, 41.5944019603543)"
Mar,background,"c(-72.0124576204464, 40.7717642178028)"
Mar,background,"c(-70.0381270383227, 42.8283585741816)"
Mar,background,"c(-70.8607647808742, 40.9362917663131)"
Mar,background,"c(-71.7656662976809, 39.7023351524859)"
Mar,background,"c(-69.0509617472609, 42.2525121543955)"
Mar,background,"c(-66.6653122938615, 41.429874411844)"
Mar,background,"c(-69.7090719413021, 41.5121381860992)"
Mar,background,"c(-69.7913357155573, 43.1574136712022)"
Mar,background,"c(-70.202654586833, 42.3347759286507)"
Mar,background,"c(-67.981532681944, 42.499303477161)"
Mar,background,"c(-69.8735994898124, 41.5121381860992)"
Mar,background,"c(-68.3105877789646, 42.2525121543955)"
Mar,background,"c(-66.6653122938615, 44.8026891563052)"
Mar,background,"c(-69.5445443927918, 43.7332600909883)"
Mar,background,"c(-69.7913357155573, 42.6638310256713)"
Mar,background,"c(-68.7219066502403, 41.6766657346095)"
Mar,background,"c(-68.4751153274749, 42.499303477161)"
Mar,background,"c(-72.0124576204464, 39.4555438297204)"
Mar,background,"c(-67.4879500364131, 44.2268427365192)"
Mar,background,"c(-68.7219066502403, 41.7589295088646)"
Mar,background,"c(-68.8041704244955, 42.1702483801404)"
Mar,background,"c(-68.8041704244955, 41.9234570573749)"
Mar,background,"c(-68.7219066502403, 41.9234570573749)"
Mar,background,"c(-71.7656662976809, 40.6895004435477)"
Mar,background,"c(-70.8607647808742, 41.2653468633337)"
Mar,background,"c(-68.8041704244955, 42.0879846058852)"
Mar,background,"c(-69.2977530700264, 42.5815672514161)"
Mar,background,"c(-71.1898198778948, 40.9362917663131)"
Mar,background,"c(-69.2977530700264, 41.3476106375889)"
Mar,background,"c(-68.8864341987506, 42.2525121543955)"
Mar,background,"c(-69.7913357155573, 41.7589295088646)"
Mar,background,"c(-70.8607647808742, 40.4427091207822)"
Mar,background,"c(-69.2977530700264, 41.6766657346095)"
Mar,background,"c(-70.3671821353433, 42.2525121543955)"
Mar,background,"c(-67.8170051334337, 42.4170397029058)"
Mar,background,"c(-68.9686979730058, 41.2653468633337)"
Mar,background,"c(-69.1332255215161, 41.5121381860992)"
Mar,background,"c(-68.8041704244955, 42.5815672514161)"
Mar,background,"c(-72.0124576204464, 40.854027992058)"
Mar,background,"c(-68.3105877789646, 42.0057208316301)"
Mar,background,"c(-68.7219066502403, 41.429874411844)"
Mar,background,"c(-69.4622806185367, 43.4864687682228)"
Mar,background,"c(-68.9686979730058, 42.0879846058852)"
Mar,background,"c(-69.2154892957712, 41.1830830890786)"
Mar,background,"c(-69.1332255215161, 40.2781815722719)"
Mar,background,"c(-70.0381270383227, 42.1702483801404)"
Mar,background,"c(-70.1203908125779, 42.4170397029058)"
Mar,background,"c(-70.1203908125779, 41.429874411844)"
Mar,background,"c(-70.1203908125779, 42.7460947999264)"
Mar,background,"c(-69.1332255215161, 41.7589295088646)"
Mar,background,"c(-68.7219066502403, 42.0057208316301)"
Mar,background,"c(-69.2977530700264, 42.6638310256713)"
Mar,background,"c(-70.5317096838536, 41.1008193148234)"
Mar,background,"c(-68.7219066502403, 41.3476106375889)"
Mar,background,"c(-72.2592489432118, 39.3732800554653)"
Mar,background,"c(-69.9558632640676, 42.9928861226919)"
Mar,background,"c(-69.2154892957712, 41.5944019603543)"
Mar,background,"c(-67.6524775849234, 42.6638310256713)"
Mar,background,"c(-68.8864341987506, 42.9928861226919)"
Mar,background,"c(-72.5060402659773, 39.4555438297204)"
Mar,background,"c(-69.4622806185367, 42.9928861226919)"
Mar,background,"c(-69.0509617472609, 41.6766657346095)"
Mar,background,"c(-69.0509617472609, 41.3476106375889)"
Mar,background,"c(-70.4494459095985, 41.8411932831198)"
Mar,background,"c(-67.5702138106682, 42.0879846058852)"
Mar,background,"c(-69.9558632640676, 42.499303477161)"
Mar,background,"c(-71.3543474264052, 40.7717642178028)"
Mar,background,"c(-69.626808167047, 42.499303477161)"
Mar,background,"c(-69.8735994898124, 42.2525121543955)"
Mar,background,"c(-68.1460602304543, 44.0623151880089)"
Mar,background,"c(-66.8298398423719, 44.9672167048155)"
Mar,background,"c(-68.9686979730058, 43.4042049939677)"
Mar,background,"c(-67.5702138106682, 43.7332600909883)"
Mar,background,"c(-69.7090719413021, 41.6766657346095)"
Mar,background,"c(-69.7913357155573, 43.4042049939677)"
Mar,background,"c(-72.341512717467, 40.1959177980168)"
Mar,background,"c(-66.5007847453512, 42.1702483801404)"
Mar,background,"c(-72.9996229115082, 39.8668627009962)"
Mar,background,"c(-67.5702138106682, 44.2268427365192)"
Mar,background,"c(-69.2154892957712, 41.429874411844)"
Mar,background,"c(-69.5445443927918, 43.1574136712022)"
Mar,background,"c(-69.7913357155573, 43.6509963167331)"
Mar,background,"c(-68.1460602304543, 43.1574136712022)"
Mar,background,"c(-68.1460602304543, 43.8977876394986)"
Mar,background,"c(-68.7219066502403, 42.4170397029058)"
Mar,background,"c(-69.2154892957712, 43.2396774454574)"
Mar,background,"c(-68.2283240047094, 43.3219412197125)"
Mar,background,"c(-69.0509617472609, 41.5121381860992)"
Mar,background,"c(-69.2154892957712, 41.6766657346095)"
Mar,background,"c(-68.4751153274749, 41.5121381860992)"
Mar,background,"c(-70.1203908125779, 42.0057208316301)"
Mar,background,"c(-68.3928515532197, 42.0879846058852)"
Mar,background,"c(-68.6396428759852, 41.8411932831198)"
Mar,background,"c(-68.9686979730058, 43.0751498969471)"
Mar,background,"c(-68.3105877789646, 41.9234570573749)"
Mar,background,"c(-71.5188749749155, 40.6895004435477)"
Mar,background,"c(-68.6396428759852, 43.1574136712022)"
Mar,background,"c(-71.1898198778948, 40.6895004435477)"
Mar,background,"c(-71.0252923293846, 40.5249728950374)"
Mar,background,"c(-68.9686979730058, 41.429874411844)"
Mar,background,"c(-67.981532681944, 43.3219412197125)"
Mar,background,"c(-70.1203908125779, 40.854027992058)"
Mar,background,"c(-72.5883040402324, 40.1136540237616)"
Mar,background,"c(-66.1717296483306, 44.4736340592846)"
Mar,background,"c(-68.7219066502403, 42.499303477161)"
Mar,background,"c(-68.55737910173, 42.499303477161)"
Mar,background,"c(-68.2283240047094, 42.4170397029058)"
Mar,background,"c(-68.55737910173, 42.4170397029058)"
Mar,background,"c(-69.626808167047, 42.8283585741816)"
Mar,background,"c(-68.55737910173, 41.429874411844)"
Mar,background,"c(-68.55737910173, 40.9362917663131)"
Mar,background,"c(-68.4751153274749, 41.429874411844)"
Mar,background,"c(-69.2977530700264, 41.8411932831198)"
Mar,background,"c(-69.2977530700264, 41.0185555405683)"
Mar,background,"c(-69.8735994898124, 41.429874411844)"
Mar,background,"c(-71.6011387491706, 41.0185555405683)"
Mar,background,"c(-66.7475760681167, 42.1702483801404)"
Mar,background,"c(-66.912103616627, 41.8411932831198)"
Mar,background,"c(-70.3671821353433, 40.6072366692925)"
Mar,background,"c(-69.2154892957712, 43.1574136712022)"
Mar,background,"c(-71.3543474264052, 40.5249728950374)"
Mar,background,"c(-67.8170051334337, 44.0623151880089)"
Mar,background,"c(-69.2154892957712, 41.8411932831198)"
Mar,background,"c(-72.8350953629979, 39.5378076039756)"
Mar,background,"c(-68.9686979730058, 41.8411932831198)"
Mar,background,"c(-70.202654586833, 40.6895004435477)"
Mar,background,"c(-68.4751153274749, 43.4864687682228)"
Mar,background,"c(-69.2154892957712, 42.5815672514161)"
Mar,background,"c(-68.7219066502403, 42.1702483801404)"
Mar,background,"c(-72.9996229115082, 39.0442249584447)"
Mar,background,"c(-69.626808167047, 41.6766657346095)"
Mar,background,"c(-72.8350953629979, 40.2781815722719)"
Mar,background,"c(-71.27208365215, 40.4427091207822)"
Mar,background,"c(-71.9301938461912, 39.784598926741)"
Mar,background,"c(-67.8992689076888, 43.9800514137537)"
Mar,background,"c(-69.5445443927918, 42.0879846058852)"
Mar,background,"c(-71.4366112006603, 39.784598926741)"
Mar,background,"c(-69.1332255215161, 42.4170397029058)"
Mar,background,"c(-67.6524775849234, 44.144578962264)"
Mar,background,"c(-72.5883040402324, 40.6072366692925)"
Mar,background,"c(-68.0637964561991, 43.4042049939677)"
Mar,background,"c(-68.9686979730058, 41.1830830890786)"
Mar,background,"c(-68.8864341987506, 42.499303477161)"
Mar,background,"c(-71.4366112006603, 39.8668627009962)"
Mar,background,"c(-65.5958832285446, 42.7460947999264)"
Mar,background,"c(-66.9943673908821, 42.2525121543955)"
Mar,background,"c(-69.626808167047, 43.0751498969471)"
Mar,background,"c(-68.3928515532197, 41.5121381860992)"
Mar,background,"c(-67.8992689076888, 42.1702483801404)"
Mar,background,"c(-72.2592489432118, 40.1959177980168)"
Mar,background,"c(-70.4494459095985, 40.9362917663131)"
Mar,background,"c(-68.8864341987506, 41.9234570573749)"
Mar,background,"c(-70.7785010066191, 41.0185555405683)"
Mar,background,"c(-69.3800168442815, 42.0879846058852)"
Mar,background,"c(-69.1332255215161, 41.3476106375889)"
Mar,background,"c(-68.1460602304543, 43.4864687682228)"
Mar,background,"c(-67.3234224879028, 44.2268427365192)"
Mar,background,"c(-72.5883040402324, 38.8796974099344)"
Mar,background,"c(-71.1075561036397, 41.1830830890786)"
Mar,background,"c(-68.3105877789646, 41.7589295088646)"
Mar,background,"c(-69.4622806185367, 42.6638310256713)"
Mar,background,"c(-72.0124576204464, 40.6895004435477)"
Mar,background,"c(-67.1588949393925, 42.2525121543955)"
Mar,background,"c(-69.2154892957712, 41.7589295088646)"
Mar,background,"c(-69.0509617472609, 42.0879846058852)"
Mar,background,"c(-69.4622806185367, 42.4170397029058)"
Mar,background,"c(-67.5702138106682, 42.7460947999264)"
Mar,background,"c(-70.7785010066191, 40.9362917663131)"
Mar,background,"c(-70.2849183610882, 41.9234570573749)"
Mar,background,"c(-68.9686979730058, 42.0057208316301)"
Mar,background,"c(-67.1588949393925, 44.3913702850295)"
Mar,background,"c(-70.6962372323639, 40.7717642178028)"
Mar,background,"c(-67.981532681944, 43.1574136712022)"
Mar,background,"c(-69.3800168442815, 41.5944019603543)"
Mar,background,"c(-68.8041704244955, 41.5121381860992)"
Mar,background,"c(-70.4494459095985, 41.1830830890786)"
Mar,background,"c(-68.55737910173, 43.6509963167331)"
Mar,background,"c(-69.3800168442815, 41.0185555405683)"
Mar,background,"c(-68.4751153274749, 42.1702483801404)"
Mar,background,"c(-68.3105877789646, 42.9928861226919)"
Mar,background,"c(-71.1075561036397, 40.9362917663131)"
Mar,background,"c(-66.6653122938615, 40.854027992058)"
Mar,background,"c(-68.8864341987506, 42.1702483801404)"
Mar,background,"c(-71.3543474264052, 39.8668627009962)"
Mar,background,"c(-68.7219066502403, 42.9928861226919)"
Mar,background,"c(-67.981532681944, 43.9800514137537)"
Mar,background,"c(-70.3671821353433, 42.1702483801404)"
Mar,background,"c(-69.5445443927918, 42.8283585741816)"
Mar,background,"c(-70.5317096838536, 42.7460947999264)"
Mar,background,"c(-68.8864341987506, 42.7460947999264)"
Mar,background,"c(-69.5445443927918, 40.9362917663131)"
Mar,background,"c(-69.0509617472609, 42.3347759286507)"
Mar,background,"c(-70.0381270383227, 43.1574136712022)"
Mar,background,"c(-71.7656662976809, 40.6072366692925)"
Mar,background,"c(-68.4751153274749, 41.6766657346095)"
Mar,background,"c(-68.8041704244955, 41.5944019603543)"
Mar,background,"c(-70.1203908125779, 41.1008193148234)"
Mar,background,"c(-69.2977530700264, 41.1830830890786)"
Mar,background,"c(-69.4622806185367, 43.2396774454574)"
Mar,background,"c(-67.4879500364131, 42.2525121543955)"
Mar,background,"c(-70.3671821353433, 41.1008193148234)"
Mar,background,"c(-68.2283240047094, 42.1702483801404)"
Mar,background,"c(-69.7090719413021, 43.3219412197125)"
Mar,background,"c(-69.1332255215161, 42.6638310256713)"
Mar,background,"c(-71.4366112006603, 40.3604453465271)"
Mar,background,"c(-67.8170051334337, 43.8155238652434)"
Mar,background,"c(-67.5702138106682, 44.144578962264)"
Mar,background,"c(-71.3543474264052, 41.1008193148234)"
Mar,background,"c(-69.1332255215161, 42.2525121543955)"
Mar,background,"c(-66.3362571968409, 44.8026891563052)"
Mar,background,"c(-70.4494459095985, 42.6638310256713)"
Mar,background,"c(-70.202654586833, 42.7460947999264)"
Mar,background,"c(-69.8735994898124, 43.1574136712022)"
Mar,background,"c(-71.7656662976809, 39.9491264752513)"
Mar,background,"c(-69.2154892957712, 42.0879846058852)"
Mar,background,"c(-72.7528315887427, 39.1264887326998)"
Mar,background,"c(-69.0509617472609, 41.5944019603543)"
Mar,background,"c(-68.9686979730058, 42.9106223484367)"
Mar,background,"c(-68.0637964561991, 43.9800514137537)"
Mar,background,"c(-69.7913357155573, 42.8283585741816)"
Mar,background,"c(-69.5445443927918, 42.3347759286507)"
Mar,background,"c(-71.0252923293846, 41.0185555405683)"
Mar,background,"c(-72.1769851689567, 39.4555438297204)"
Mar,background,"c(-72.4237764917221, 40.5249728950374)"
Mar,background,"c(-69.626808167047, 41.0185555405683)"
Mar,background,"c(-69.1332255215161, 43.1574136712022)"
Mar,background,"c(-68.6396428759852, 42.9928861226919)"
Mar,background,"c(-66.9943673908821, 42.0057208316301)"
Mar,background,"c(-68.3105877789646, 43.4042049939677)"
Mar,background,"c(-67.1588949393925, 42.4170397029058)"
Mar,background,"c(-69.626808167047, 43.568732542478)"
Mar,background,"c(-70.3671821353433, 40.854027992058)"
Mar,background,"c(-70.0381270383227, 42.2525121543955)"
Mar,background,"c(-68.6396428759852, 43.4864687682228)"
Mar,background,"c(-71.5188749749155, 40.3604453465271)"
Mar,background,"c(-69.626808167047, 40.6072366692925)"
Mar,background,"c(-68.0637964561991, 43.8977876394986)"
Mar,background,"c(-66.5007847453512, 44.8849529305604)"
Mar,background,"c(-72.6705678144876, 39.3732800554653)"
Mar,background,"c(-69.2154892957712, 41.2653468633337)"
Mar,background,"c(-69.8735994898124, 42.9106223484367)"
Mar,background,"c(-68.8864341987506, 42.5815672514161)"
Mar,background,"c(-67.2411587136476, 42.4170397029058)"
Mar,background,"c(-68.0637964561991, 42.0879846058852)"
Mar,background,"c(-69.2154892957712, 43.4042049939677)"
Mar,background,"c(-72.5060402659773, 39.3732800554653)"
Mar,background,"c(-67.5702138106682, 43.0751498969471)"
Mar,background,"c(-72.4237764917221, 39.2910162812101)"
Mar,background,"c(-73.1641504600185, 40.5249728950374)"
Mar,background,"c(-71.4366112006603, 41.0185555405683)"
Mar,background,"c(-70.1203908125779, 42.9106223484367)"
Mar,background,"c(-68.8864341987506, 41.3476106375889)"
Mar,background,"c(-69.626808167047, 42.3347759286507)"
Mar,background,"c(-69.3800168442815, 42.9106223484367)"
Mar,background,"c(-69.1332255215161, 42.5815672514161)"
Mar,background,"c(-67.4056862621579, 44.0623151880089)"
Mar,background,"c(-69.3800168442815, 42.9928861226919)"
Mar,background,"c(-73.2464142342736, 39.784598926741)"
Mar,background,"c(-68.3928515532197, 42.3347759286507)"
Mar,background,"c(-69.8735994898124, 42.5815672514161)"
Mar,background,"c(-69.7090719413021, 42.5815672514161)"
Mar,background,"c(-69.8735994898124, 42.0057208316301)"
Mar,background,"c(-72.5883040402324, 39.2910162812101)"
Mar,background,"c(-69.7090719413021, 41.3476106375889)"
Mar,background,"c(-69.1332255215161, 42.499303477161)"
Mar,background,"c(-71.27208365215, 40.5249728950374)"
Mar,background,"c(-69.9558632640676, 40.7717642178028)"
Mar,background,"c(-69.8735994898124, 43.0751498969471)"
Mar,background,"c(-72.341512717467, 39.3732800554653)"
Mar,background,"c(-69.3800168442815, 41.429874411844)"
Mar,background,"c(-67.8992689076888, 43.6509963167331)"
Mar,background,"c(-65.4313556800343, 41.7589295088646)"
Mar,background,"c(-69.2154892957712, 42.9928861226919)"
Mar,background,"c(-68.4751153274749, 41.7589295088646)"
Mar,background,"c(-69.8735994898124, 41.7589295088646)"
Mar,background,"c(-69.626808167047, 42.9928861226919)"
Mar,background,"c(-69.3800168442815, 42.6638310256713)"
Mar,background,"c(-69.5445443927918, 42.9106223484367)"
Mar,background,"c(-70.0381270383227, 42.9106223484367)"
Mar,background,"c(-69.8735994898124, 42.6638310256713)"
Mar,background,"c(-67.4879500364131, 43.1574136712022)"
Mar,background,"c(-71.4366112006603, 39.7023351524859)"
Mar,background,"c(-70.3671821353433, 43.0751498969471)"
Mar,background,"c(-70.1203908125779, 42.1702483801404)"
Mar,background,"c(-69.9558632640676, 42.2525121543955)"
Mar,background,"c(-71.0252923293846, 40.7717642178028)"
Mar,background,"c(-68.4751153274749, 42.9928861226919)"
Mar,background,"c(-72.7528315887427, 40.6895004435477)"
Mar,background,"c(-69.4622806185367, 39.9491264752513)"
Mar,background,"c(-68.8864341987506, 41.7589295088646)"
Mar,background,"c(-70.1203908125779, 42.2525121543955)"
Mar,background,"c(-67.4056862621579, 42.4170397029058)"
Mar,background,"c(-69.7913357155573, 41.9234570573749)"
Mar,background,"c(-68.4751153274749, 42.2525121543955)"
Mar,background,"c(-70.6962372323639, 42.4170397029058)"
Mar,background,"c(-70.7785010066191, 41.1830830890786)"
Mar,background,"c(-67.6524775849234, 43.0751498969471)"
Mar,background,"c(-69.3800168442815, 41.1008193148234)"
Mar,background,"c(-69.2977530700264, 42.7460947999264)"
Mar,background,"c(-67.8170051334337, 43.3219412197125)"
Mar,background,"c(-71.6834025234258, 40.4427091207822)"
Mar,background,"c(-69.5445443927918, 42.5815672514161)"
Mar,background,"c(-70.1203908125779, 42.6638310256713)"
Mar,background,"c(-67.6524775849234, 43.9800514137537)"
Mar,background,"c(-68.8864341987506, 42.4170397029058)"
Mar,background,"c(-68.9686979730058, 40.854027992058)"
Mar,background,"c(-69.626808167047, 42.0057208316301)"
Mar,background,"c(-66.912103616627, 41.7589295088646)"
Mar,background,"c(-70.9430285551294, 39.6200713782307)"
Mar,background,"c(-69.5445443927918, 42.7460947999264)"
Mar,background,"c(-72.8350953629979, 38.8796974099344)"
Mar,background,"c(-69.7913357155573, 43.3219412197125)"
Mar,background,"c(-72.4237764917221, 39.5378076039756)"
Mar,background,"c(-67.7347413591785, 43.7332600909883)"
Mar,background,"c(-72.2592489432118, 39.7023351524859)"
Mar,background,"c(-73.1641504600185, 40.1136540237616)"
Mar,background,"c(-70.0381270383227, 42.499303477161)"
Mar,background,"c(-68.7219066502403, 43.1574136712022)"
Mar,background,"c(-69.1332255215161, 41.429874411844)"
Mar,background,"c(-69.9558632640676, 41.8411932831198)"
Mar,background,"c(-68.3105877789646, 43.6509963167331)"
Mar,background,"c(-67.6524775849234, 40.2781815722719)"
Mar,background,"c(-67.1588949393925, 40.854027992058)"
Mar,background,"c(-69.4622806185367, 42.7460947999264)"
Mar,background,"c(-68.8864341987506, 42.6638310256713)"
Mar,background,"c(-72.6705678144876, 39.208752506955)"
Mar,background,"c(-72.0947213947015, 40.0313902495065)"
Mar,background,"c(-66.5830485196064, 43.6509963167331)"
Mar,background,"c(-72.2592489432118, 39.9491264752513)"
Mar,background,"c(-69.4622806185367, 41.7589295088646)"
Mar,background,"c(-70.6962372323639, 40.6895004435477)"
Mar,background,"c(-69.9558632640676, 42.0879846058852)"
Mar,background,"c(-67.2411587136476, 43.8155238652434)"
Mar,background,"c(-69.0509617472609, 42.8283585741816)"
Mar,background,"c(-66.1717296483306, 42.1702483801404)"
Mar,background,"c(-67.7347413591785, 41.5121381860992)"
Mar,background,"c(-71.1075561036397, 39.8668627009962)"
Mar,background,"c(-71.6011387491706, 39.8668627009962)"
Mar,background,"c(-68.3928515532197, 42.0057208316301)"
Mar,background,"c(-68.0637964561991, 43.7332600909883)"
Mar,background,"c(-68.8041704244955, 41.8411932831198)"
Mar,background,"c(-69.4622806185367, 41.1008193148234)"
Mar,background,"c(-69.2977530700264, 43.2396774454574)"
Mar,background,"c(-71.1898198778948, 40.1136540237616)"
Mar,background,"c(-67.7347413591785, 43.1574136712022)"
Mar,background,"c(-66.7475760681167, 40.5249728950374)"
Mar,background,"c(-71.6834025234258, 39.5378076039756)"
Mar,background,"c(-67.8170051334337, 42.8283585741816)"
Mar,background,"c(-69.8735994898124, 42.7460947999264)"
Mar,background,"c(-68.55737910173, 41.7589295088646)"
Mar,background,"c(-68.4751153274749, 40.7717642178028)"
Mar,background,"c(-68.9686979730058, 42.5815672514161)"
Mar,background,"c(-68.2283240047094, 43.568732542478)"
Mar,background,"c(-71.6834025234258, 40.2781815722719)"
Mar,background,"c(-72.341512717467, 39.4555438297204)"
Mar,background,"c(-67.4056862621579, 40.3604453465271)"
Mar,background,"c(-67.981532681944, 41.9234570573749)"
Mar,background,"c(-72.341512717467, 39.5378076039756)"
Mar,background,"c(-68.6396428759852, 41.429874411844)"
Mar,background,"c(-66.7475760681167, 44.144578962264)"
Mar,background,"c(-69.3800168442815, 41.3476106375889)"
Mar,background,"c(-68.6396428759852, 43.4042049939677)"
Mar,background,"c(-68.4751153274749, 43.1574136712022)"
Mar,background,"c(-69.3800168442815, 41.9234570573749)"
Mar,background,"c(-71.9301938461912, 40.6895004435477)"
Apr,presence,"c(-71.699739, 39.875698)"
Apr,presence,"c(-72.287, 39.8252)"
Apr,presence,"c(-72.4441, 39.6099)"
Apr,presence,"c(-72.359, 39.704)"
Apr,presence,"c(-72.3786, 39.4365)"
Apr,presence,"c(-72.2317, 39.6683)"
Apr,presence,"c(-72.2609, 39.4382)"
Apr,presence,"c(-72.2929, 39.8548)"
Apr,presence,"c(-70.985352, 39.610931)"
Apr,presence,"c(-72.309937, 40.019103)"
Apr,presence,"c(-72.272255, 39.400127)"
Apr,presence,"c(-71.5496, 39.7693)"
Apr,presence,"c(-70.941879, 39.609509)"
Apr,presence,"c(-68.467, 40.9)"
Apr,presence,"c(-73.25, 38.983)"
Apr,presence,"c(-72.7861, 39.2465)"
Apr,presence,"c(-70.3, 39.883)"
Apr,presence,"c(-71.6819, 39.7876)"
Apr,presence,"c(-72.3738, 39.7472)"
Apr,presence,"c(-72.4743, 39.5067)"
Apr,presence,"c(-72.4149, 39.5277)"
Apr,presence,"c(-72.1215, 40.4546)"
Apr,presence,"c(-68.8, 39.967)"
Apr,presence,"c(-71.995544, 39.880684)"
Apr,presence,"c(-72.4756, 39.3835)"
Apr,presence,"c(-68.8, 39.883)"
Apr,presence,"c(-72.386971, 39.39954)"
Apr,presence,"c(-68.89581, 42.17038)"
Apr,presence,"c(-69.72093, 42.0212)"
Apr,presence,"c(-72.1667, 39.4972)"
Apr,presence,"c(-72.317, 39.3)"
Apr,presence,"c(-68.8, 40.133)"
Apr,presence,"c(-72.101021, 39.919167)"
Apr,presence,"c(-69.81847, 41.64568)"
Apr,presence,"c(-72.9555, 39.0792)"
Apr,presence,"c(-70.7998, 40.37341)"
Apr,presence,"c(-70.884041, 39.757133)"
Apr,presence,"c(-71.869511, 39.802804)"
Apr,presence,"c(-72.630532, 40.053586)"
Apr,presence,"c(-72.1598, 39.4741)"
Apr,presence,"c(-72.39418, 39.416531)"
Apr,presence,"c(-71.263542, 40.578117)"
Apr,presence,"c(-67.182999, 40.86385)"
Apr,presence,"c(-65.633, 41.367)"
Apr,presence,"c(-72.179482, 39.87693)"
Apr,presence,"c(-72.159386, 39.400341)"
Apr,presence,"c(-69.51386, 42.10076)"
Apr,presence,"c(-72.344228, 39.246394)"
Apr,presence,"c(-72.6924, 38.9978)"
Apr,presence,"c(-72.02417, 39.784504)"
Apr,presence,"c(-72.3719, 39.414)"
Apr,presence,"c(-69.19999, 41.1259)"
Apr,presence,"c(-73.233, 38.917)"
Apr,presence,"c(-70.16515, 42.80021)"
Apr,presence,"c(-71.8943, 40.0654)"
Apr,presence,"c(-69.49184, 42.1628)"
Apr,presence,"c(-67.333527, 40.413288)"
Apr,presence,"c(-72.4216, 40.03537)"
Apr,presence,"c(-70.817581, 39.945183)"
Apr,presence,"c(-71.2886, 40.3741)"
Apr,presence,"c(-69.51182, 41.60586)"
Apr,presence,"c(-69.15, 40.6)"
Apr,presence,"c(-69.932198, 41.931385)"
Apr,presence,"c(-72.4059, 39.8294)"
Apr,presence,"c(-69.10921, 41.95047)"
Apr,presence,"c(-72.123138, 39.843445)"
Apr,presence,"c(-69.15261, 42.29506)"
Apr,presence,"c(-68.777374, 40.478584)"
Apr,presence,"c(-69.610748, 40.23354)"
Apr,presence,"c(-71.560921, 40.641071)"
Apr,presence,"c(-68.56625, 41.93607)"
Apr,presence,"c(-68.483452, 41.874245)"
Apr,presence,"c(-72.283, 39.283)"
Apr,presence,"c(-69.117, 40.3)"
Apr,presence,"c(-71.797188, 39.996296)"
Apr,presence,"c(-71.4721, 39.8811)"
Apr,presence,"c(-72.5738, 39.3048)"
Apr,presence,"c(-72.5611, 38.9542)"
Apr,presence,"c(-72.09825, 40.723)"
Apr,presence,"c(-68.72806, 41.81013)"
Apr,presence,"c(-72.5211, 39.6236)"
Apr,presence,"c(-70.73578, 39.92745)"
Apr,presence,"c(-72.1553, 39.1384)"
Apr,presence,"c(-66.28716, 40.95244)"
Apr,presence,"c(-71.714333, 40.225082)"
Apr,presence,"c(-71.890629, 39.818396)"
Apr,presence,"c(-72.4456, 39.9371)"
Apr,presence,"c(-68.39093, 41.85122)"
Apr,presence,"c(-72.4977, 39.0951)"
Apr,presence,"c(-71.772749, 39.690402)"
Apr,presence,"c(-71.689316, 40.292328)"
Apr,presence,"c(-70.22591, 39.95393)"
Apr,presence,"c(-69.25939, 41.54192)"
Apr,presence,"c(-67.6225, 40.79967)"
Apr,presence,"c(-72.5171, 39.4912)"
Apr,presence,"c(-68.967, 39.8)"
Apr,presence,"c(-71.224274, 40.686676)"
Apr,presence,"c(-70.0652, 40.63357)"
Apr,presence,"c(-69.67595, 42.33905)"
Apr,presence,"c(-73.0579, 39.0366)"
Apr,presence,"c(-71.359, 39.8954)"
Apr,presence,"c(-71.5366, 40.3933)"
Apr,presence,"c(-69.362747, 41.770241)"
Apr,presence,"c(-71.0194, 39.93683)"
Apr,presence,"c(-72.277298, 39.934727)"
Apr,presence,"c(-70.898758, 39.716316)"
Apr,presence,"c(-69.10843, 41.49477)"
Apr,presence,"c(-69.501953, 41.769547)"
Apr,presence,"c(-71.9333, 39.4937)"
Apr,presence,"c(-71.9908, 39.6519)"
Apr,presence,"c(-71.953362, 40.643841)"
Apr,presence,"c(-71.516556, 40.76078)"
Apr,presence,"c(-69.15, 40.4)"
Apr,presence,"c(-69.01715, 41.53424)"
Apr,presence,"c(-72.8065, 38.9886)"
Apr,presence,"c(-71.5127, 39.9913)"
Apr,presence,"c(-67.358337, 40.338242)"
Apr,presence,"c(-69.583, 39.7)"
Apr,presence,"c(-69.74363, 40.16015)"
Apr,presence,"c(-69.767975, 39.794491)"
Apr,presence,"c(-72.5905, 39.3587)"
Apr,presence,"c(-68.85209, 41.34817)"
Apr,presence,"c(-68.98042, 41.69867)"
Apr,presence,"c(-67.09731, 45.07958)"
Apr,presence,"c(-72.9716, 39.1272)"
Apr,presence,"c(-69.2903, 41.55837)"
Apr,presence,"c(-71.579664, 39.751757)"
Apr,presence,"c(-66.067, 41.067)"
Apr,presence,"c(-68.66467, 41.90323)"
Apr,presence,"c(-72.8206, 40.3145)"
Apr,presence,"c(-72.3424, 39.56311)"
Apr,presence,"c(-66.27222, 41.07766)"
Apr,presence,"c(-72.172295, 40.040546)"
Apr,presence,"c(-70.750359, 40.947998)"
Apr,presence,"c(-71.4312, 40.4454)"
Apr,presence,"c(-69.41413, 42.36056)"
Apr,presence,"c(-69.40124, 41.84904)"
Apr,presence,"c(-68.968216, 39.898239)"
Apr,presence,"c(-71.757484, 40.105896)"
Apr,presence,"c(-72.454, 39.3208)"
Apr,presence,"c(-69.98911, 41.47533)"
Apr,presence,"c(-68.87523, 41.55618)"
Apr,presence,"c(-72.617, 39.5)"
Apr,presence,"c(-72.013, 40.3829)"
Apr,presence,"c(-73.1115, 38.8513)"
Apr,presence,"c(-69.99885, 40.69605)"
Apr,presence,"c(-70.9733, 40.13982)"
Apr,presence,"c(-70.908379, 39.688046)"
Apr,presence,"c(-71.5768, 39.8407)"
Apr,presence,"c(-72.310471, 39.652328)"
Apr,presence,"c(-71.4394, 39.7759)"
Apr,presence,"c(-72.1019, 39.3248)"
Apr,presence,"c(-68.85344, 41.66556)"
Apr,presence,"c(-71.039116, 40.185822)"
Apr,presence,"c(-71.5271, 40.7079)"
Apr,presence,"c(-71.4926, 39.6083)"
Apr,presence,"c(-71.261, 39.9525)"
Apr,presence,"c(-69.23058, 41.89828)"
Apr,presence,"c(-72.455849, 39.098716)"
Apr,presence,"c(-71.8194, 39.8536)"
Apr,presence,"c(-68.54896, 42.29762)"
Apr,presence,"c(-72.429123, 39.068831)"
Apr,presence,"c(-71.19414, 39.97289)"
Apr,presence,"c(-72.7253, 39.7167)"
Apr,presence,"c(-66.8464, 44.942933)"
Apr,presence,"c(-71.8153, 39.5152)"
Apr,presence,"c(-68.03267, 41.844)"
Apr,presence,"c(-71.418564, 40.98048)"
Apr,presence,"c(-72.191, 39.0031)"
Apr,presence,"c(-72.933915, 39.338085)"
Apr,presence,"c(-72.1523, 39.1714)"
Apr,presence,"c(-69.89848, 42.38832)"
Apr,presence,"c(-72.6445, 39.4959)"
Apr,presence,"c(-67.98933, 41.23367)"
Apr,presence,"c(-68.28303, 40.37378)"
Apr,presence,"c(-71.6025, 40.2526)"
Apr,presence,"c(-73.0885, 39.1149)"
Apr,presence,"c(-71.236084, 39.653343)"
Apr,presence,"c(-72.6609, 39.2203)"
Apr,presence,"c(-70.9448, 41.20615)"
Apr,presence,"c(-68.76017, 41.79602)"
Apr,background,"c(-72.0124576204464, 40.6895004435477)"
Apr,background,"c(-69.8735994898124, 42.7460947999264)"
Apr,background,"c(-66.8298398423719, 44.9672167048155)"
Apr,background,"c(-67.8992689076888, 43.6509963167331)"
Apr,background,"c(-67.981532681944, 43.0751498969471)"
Apr,background,"c(-71.8479300719361, 39.7023351524859)"
Apr,background,"c(-68.8864341987506, 41.7589295088646)"
Apr,background,"c(-71.1898198778948, 40.9362917663131)"
Apr,background,"c(-68.7219066502403, 42.3347759286507)"
Apr,background,"c(-69.9558632640676, 43.1574136712022)"
Apr,background,"c(-66.9943673908821, 42.2525121543955)"
Apr,background,"c(-72.2592489432118, 39.4555438297204)"
Apr,background,"c(-68.9686979730058, 41.429874411844)"
Apr,background,"c(-69.2977530700264, 42.6638310256713)"
Apr,background,"c(-71.8479300719361, 39.9491264752513)"
Apr,background,"c(-70.3671821353433, 41.9234570573749)"
Apr,background,"c(-72.2592489432118, 39.784598926741)"
Apr,background,"c(-70.9430285551294, 40.1136540237616)"
Apr,background,"c(-68.8864341987506, 42.4170397029058)"
Apr,background,"c(-69.5445443927918, 43.1574136712022)"
Apr,background,"c(-69.5445443927918, 42.0057208316301)"
Apr,background,"c(-69.1332255215161, 43.1574136712022)"
Apr,background,"c(-68.6396428759852, 41.9234570573749)"
Apr,background,"c(-69.7913357155573, 41.5944019603543)"
Apr,background,"c(-68.9686979730058, 42.1702483801404)"
Apr,background,"c(-68.4751153274749, 41.9234570573749)"
Apr,background,"c(-72.5883040402324, 40.1136540237616)"
Apr,background,"c(-70.1203908125779, 43.0751498969471)"
Apr,background,"c(-67.3234224879028, 44.0623151880089)"
Apr,background,"c(-66.1717296483306, 44.8026891563052)"
Apr,background,"c(-69.0509617472609, 41.1830830890786)"
Apr,background,"c(-69.5445443927918, 42.6638310256713)"
Apr,background,"c(-69.2977530700264, 43.0751498969471)"
Apr,background,"c(-69.8735994898124, 42.5815672514161)"
Apr,background,"c(-69.2154892957712, 41.429874411844)"
Apr,background,"c(-69.0509617472609, 41.429874411844)"
Apr,background,"c(-68.1460602304543, 42.0057208316301)"
Apr,background,"c(-68.7219066502403, 41.2653468633337)"
Apr,background,"c(-68.9686979730058, 42.5815672514161)"
Apr,background,"c(-69.2154892957712, 41.5121381860992)"
Apr,background,"c(-70.3671821353433, 42.4170397029058)"
Apr,background,"c(-68.1460602304543, 42.1702483801404)"
Apr,background,"c(-69.8735994898124, 41.8411932831198)"
Apr,background,"c(-67.5702138106682, 44.0623151880089)"
Apr,background,"c(-72.341512717467, 39.4555438297204)"
Apr,background,"c(-68.3928515532197, 42.0879846058852)"
Apr,background,"c(-68.8864341987506, 41.5944019603543)"
Apr,background,"c(-68.2283240047094, 41.9234570573749)"
Apr,background,"c(-68.9686979730058, 42.8283585741816)"
Apr,background,"c(-69.0509617472609, 42.8283585741816)"
Apr,background,"c(-69.2977530700264, 41.6766657346095)"
Apr,background,"c(-70.5317096838536, 40.7717642178028)"
Apr,background,"c(-72.1769851689567, 39.5378076039756)"
Apr,background,"c(-69.2154892957712, 42.0879846058852)"
Apr,background,"c(-72.4237764917221, 39.784598926741)"
Apr,background,"c(-68.9686979730058, 41.3476106375889)"
Apr,background,"c(-69.8735994898124, 43.568732542478)"
Apr,background,"c(-71.7656662976809, 40.7717642178028)"
Apr,background,"c(-73.0818866857633, 40.1136540237616)"
Apr,background,"c(-68.8041704244955, 42.7460947999264)"
Apr,background,"c(-71.3543474264052, 40.7717642178028)"
Apr,background,"c(-68.8864341987506, 41.3476106375889)"
Apr,background,"c(-70.2849183610882, 43.1574136712022)"
Apr,background,"c(-68.8041704244955, 41.1830830890786)"
Apr,background,"c(-68.6396428759852, 43.6509963167331)"
Apr,background,"c(-68.55737910173, 42.4170397029058)"
Apr,background,"c(-68.4751153274749, 41.6766657346095)"
Apr,background,"c(-68.8041704244955, 41.6766657346095)"
Apr,background,"c(-69.2977530700264, 41.5944019603543)"
Apr,background,"c(-66.8298398423719, 42.1702483801404)"
Apr,background,"c(-69.1332255215161, 41.5944019603543)"
Apr,background,"c(-68.55737910173, 43.0751498969471)"
Apr,background,"c(-69.4622806185367, 42.8283585741816)"
Apr,background,"c(-69.2154892957712, 42.1702483801404)"
Apr,background,"c(-67.5702138106682, 44.144578962264)"
Apr,background,"c(-68.55737910173, 41.7589295088646)"
Apr,background,"c(-69.4622806185367, 41.6766657346095)"
Apr,background,"c(-72.8350953629979, 40.5249728950374)"
Apr,background,"c(-69.3800168442815, 41.429874411844)"
Apr,background,"c(-68.8041704244955, 42.4170397029058)"
Apr,background,"c(-68.9686979730058, 42.4170397029058)"
Apr,background,"c(-68.6396428759852, 42.1702483801404)"
Apr,background,"c(-72.917359137253, 39.2910162812101)"
Apr,background,"c(-67.8170051334337, 42.9928861226919)"
Apr,background,"c(-68.8864341987506, 41.6766657346095)"
Apr,background,"c(-72.2592489432118, 39.8668627009962)"
Apr,background,"c(-69.2154892957712, 41.2653468633337)"
Apr,background,"c(-69.2977530700264, 41.8411932831198)"
Apr,background,"c(-69.1332255215161, 41.7589295088646)"
Apr,background,"c(-71.8479300719361, 39.5378076039756)"
Apr,background,"c(-67.4879500364131, 43.8977876394986)"
Apr,background,"c(-67.8992689076888, 41.9234570573749)"
Apr,background,"c(-68.1460602304543, 43.568732542478)"
Apr,background,"c(-69.1332255215161, 42.0057208316301)"
Apr,background,"c(-71.4366112006603, 40.4427091207822)"
Apr,background,"c(-68.8041704244955, 42.0057208316301)"
Apr,background,"c(-67.2411587136476, 41.2653468633337)"
Apr,background,"c(-68.55737910173, 42.0879846058852)"
Apr,background,"c(-70.2849183610882, 42.0057208316301)"
Apr,background,"c(-67.7347413591785, 42.9106223484367)"
Apr,background,"c(-69.626808167047, 41.5944019603543)"
Apr,background,"c(-66.5007847453512, 45.0494804790707)"
Apr,background,"c(-72.2592489432118, 40.4427091207822)"
Apr,background,"c(-66.2539934225858, 40.854027992058)"
Apr,background,"c(-69.4622806185367, 43.0751498969471)"
Apr,background,"c(-68.6396428759852, 41.5121381860992)"
Apr,background,"c(-70.8607647808742, 41.3476106375889)"
Apr,background,"c(-68.3105877789646, 43.568732542478)"
Apr,background,"c(-67.3234224879028, 42.3347759286507)"
Apr,background,"c(-69.7913357155573, 41.8411932831198)"
Apr,background,"c(-69.0509617472609, 42.4170397029058)"
Apr,background,"c(-69.1332255215161, 41.3476106375889)"
Apr,background,"c(-69.2154892957712, 42.7460947999264)"
Apr,background,"c(-69.5445443927918, 42.1702483801404)"
Apr,background,"c(-70.9430285551294, 39.7023351524859)"
Apr,background,"c(-69.4622806185367, 41.8411932831198)"
Apr,background,"c(-69.626808167047, 42.5815672514161)"
Apr,background,"c(-68.8864341987506, 43.2396774454574)"
Apr,background,"c(-68.8864341987506, 41.9234570573749)"
Apr,background,"c(-69.2977530700264, 42.0057208316301)"
Apr,background,"c(-68.6396428759852, 43.0751498969471)"
Apr,background,"c(-72.5060402659773, 39.5378076039756)"
Apr,background,"c(-69.9558632640676, 43.0751498969471)"
Apr,background,"c(-67.4879500364131, 43.0751498969471)"
Apr,background,"c(-70.0381270383227, 42.8283585741816)"
Apr,background,"c(-67.981532681944, 42.6638310256713)"
Apr,background,"c(-73.6577331055494, 40.1959177980168)"
Apr,background,"c(-66.5007847453512, 43.1574136712022)"
Apr,background,"c(-72.4237764917221, 39.2910162812101)"
Apr,background,"c(-68.8041704244955, 43.2396774454574)"
Apr,background,"c(-67.4056862621579, 44.3091065107743)"
Apr,background,"c(-69.9558632640676, 40.7717642178028)"
Apr,background,"c(-68.3105877789646, 41.7589295088646)"
Apr,background,"c(-69.2154892957712, 41.9234570573749)"
Apr,background,"c(-69.2154892957712, 41.1830830890786)"
Apr,background,"c(-69.8735994898124, 40.4427091207822)"
Apr,background,"c(-68.55737910173, 41.9234570573749)"
Apr,background,"c(-69.3800168442815, 42.9928861226919)"
Apr,background,"c(-68.2283240047094, 41.8411932831198)"
Apr,background,"c(-67.981532681944, 42.0057208316301)"
Apr,background,"c(-69.4622806185367, 42.3347759286507)"
Apr,background,"c(-69.7090719413021, 41.7589295088646)"
Apr,background,"c(-69.1332255215161, 42.6638310256713)"
Apr,background,"c(-67.8992689076888, 43.8155238652434)"
Apr,background,"c(-69.1332255215161, 41.2653468633337)"
Apr,background,"c(-68.7219066502403, 43.4042049939677)"
Apr,background,"c(-68.3105877789646, 43.2396774454574)"
Apr,background,"c(-67.981532681944, 43.9800514137537)"
Apr,background,"c(-68.7219066502403, 43.6509963167331)"
Apr,background,"c(-70.1203908125779, 42.2525121543955)"
Apr,background,"c(-72.5060402659773, 39.1264887326998)"
Apr,background,"c(-72.341512717467, 39.7023351524859)"
Apr,background,"c(-69.5445443927918, 43.4864687682228)"
Apr,background,"c(-68.9686979730058, 41.9234570573749)"
Apr,background,"c(-68.9686979730058, 41.5944019603543)"
Apr,background,"c(-68.3105877789646, 42.4170397029058)"
Apr,background,"c(-71.4366112006603, 39.9491264752513)"
Apr,background,"c(-69.0509617472609, 42.6638310256713)"
Apr,background,"c(-69.7090719413021, 41.6766657346095)"
Apr,background,"c(-67.6524775849234, 44.0623151880089)"
Apr,background,"c(-71.4366112006603, 41.1830830890786)"
Apr,background,"c(-67.981532681944, 43.8155238652434)"
Apr,background,"c(-71.4366112006603, 39.784598926741)"
Apr,background,"c(-69.8735994898124, 43.4042049939677)"
Apr,background,"c(-72.5060402659773, 39.3732800554653)"
Apr,background,"c(-70.0381270383227, 42.4170397029058)"
Apr,background,"c(-68.9686979730058, 42.3347759286507)"
Apr,background,"c(-69.2977530700264, 41.2653468633337)"
Apr,background,"c(-69.8735994898124, 42.2525121543955)"
Apr,background,"c(-69.0509617472609, 42.499303477161)"
Apr,background,"c(-70.2849183610882, 42.0879846058852)"
Apr,background,"c(-69.0509617472609, 41.2653468633337)"
Apr,background,"c(-69.626808167047, 41.7589295088646)"
Apr,background,"c(-70.6962372323639, 42.3347759286507)"
Apr,background,"c(-69.2977530700264, 41.7589295088646)"
Apr,background,"c(-68.9686979730058, 42.0879846058852)"
Apr,background,"c(-69.626808167047, 41.5121381860992)"
Apr,background,"c(-66.2539934225858, 41.3476106375889)"
Apr,background,"c(-69.7090719413021, 41.9234570573749)"
Apr,background,"c(-68.6396428759852, 42.3347759286507)"
Apr,background,"c(-68.2283240047094, 42.4170397029058)"
Apr,background,"c(-67.2411587136476, 44.3913702850295)"
Apr,background,"c(-70.0381270383227, 40.6072366692925)"
Apr,background,"c(-69.626808167047, 41.8411932831198)"
Apr,background,"c(-69.4622806185367, 41.5121381860992)"
Apr,background,"c(-72.341512717467, 39.784598926741)"
Apr,background,"c(-69.4622806185367, 41.7589295088646)"
Apr,background,"c(-72.7528315887427, 39.208752506955)"
Apr,background,"c(-67.981532681944, 42.4170397029058)"
Apr,background,"c(-69.7913357155573, 43.6509963167331)"
Apr,background,"c(-69.7913357155573, 42.7460947999264)"
Apr,background,"c(-68.9686979730058, 41.6766657346095)"
Apr,background,"c(-70.8607647808742, 41.1830830890786)"
Apr,background,"c(-68.7219066502403, 41.429874411844)"
Apr,background,"c(-69.7090719413021, 42.1702483801404)"
Apr,background,"c(-73.2464142342736, 39.208752506955)"
Apr,background,"c(-68.55737910173, 43.2396774454574)"
Apr,background,"c(-67.8992689076888, 42.0057208316301)"
Apr,background,"c(-70.6139734581088, 40.9362917663131)"
Apr,background,"c(-69.626808167047, 42.9106223484367)"
Apr,background,"c(-68.3105877789646, 42.499303477161)"
Apr,background,"c(-68.9686979730058, 41.8411932831198)"
Apr,background,"c(-67.4056862621579, 42.2525121543955)"
Apr,background,"c(-69.2154892957712, 41.5944019603543)"
Apr,background,"c(-68.8041704244955, 41.5944019603543)"
Apr,background,"c(-72.0947213947015, 39.5378076039756)"
Apr,background,"c(-68.6396428759852, 43.3219412197125)"
Apr,background,"c(-68.8864341987506, 41.429874411844)"
Apr,background,"c(-69.3800168442815, 43.4864687682228)"
Apr,background,"c(-69.1332255215161, 42.2525121543955)"
Apr,background,"c(-66.9943673908821, 41.9234570573749)"
Apr,background,"c(-71.1075561036397, 39.784598926741)"
Apr,background,"c(-68.2283240047094, 43.8155238652434)"
Apr,background,"c(-67.6524775849234, 40.2781815722719)"
Apr,background,"c(-72.4237764917221, 40.4427091207822)"
Apr,background,"c(-67.8992689076888, 43.9800514137537)"
Apr,background,"c(-67.4056862621579, 42.4170397029058)"
Apr,background,"c(-68.3928515532197, 41.8411932831198)"
Apr,background,"c(-67.981532681944, 43.3219412197125)"
Apr,background,"c(-69.1332255215161, 41.5121381860992)"
Apr,background,"c(-69.2977530700264, 42.4170397029058)"
Apr,background,"c(-68.4751153274749, 42.3347759286507)"
Apr,background,"c(-71.6011387491706, 39.6200713782307)"
Apr,background,"c(-68.55737910173, 41.6766657346095)"
Apr,background,"c(-73.2464142342736, 39.8668627009962)"
Apr,background,"c(-68.8864341987506, 43.3219412197125)"
Apr,background,"c(-68.6396428759852, 41.429874411844)"
Apr,background,"c(-68.7219066502403, 42.0879846058852)"
Apr,background,"c(-69.9558632640676, 42.8283585741816)"
Apr,background,"c(-68.55737910173, 41.8411932831198)"
Apr,background,"c(-69.8735994898124, 43.0751498969471)"
Apr,background,"c(-67.981532681944, 42.9106223484367)"
Apr,background,"c(-69.626808167047, 43.3219412197125)"
Apr,background,"c(-68.1460602304543, 42.0879846058852)"
Apr,background,"c(-69.7913357155573, 42.4170397029058)"
Apr,background,"c(-67.5702138106682, 42.1702483801404)"
Apr,background,"c(-70.0381270383227, 42.1702483801404)"
Apr,background,"c(-71.0252923293846, 40.6072366692925)"
Apr,background,"c(-67.6524775849234, 42.2525121543955)"
Apr,background,"c(-70.0381270383227, 40.7717642178028)"
Apr,background,"c(-69.2154892957712, 41.7589295088646)"
Apr,background,"c(-72.0124576204464, 40.7717642178028)"
Apr,background,"c(-67.1588949393925, 42.2525121543955)"
Apr,background,"c(-66.5830485196064, 42.4170397029058)"
Apr,background,"c(-67.7347413591785, 42.3347759286507)"
Apr,background,"c(-67.6524775849234, 43.8977876394986)"
Apr,background,"c(-68.3105877789646, 43.7332600909883)"
Apr,background,"c(-68.6396428759852, 42.9928861226919)"
Apr,background,"c(-67.3234224879028, 41.429874411844)"
Apr,background,"c(-71.1075561036397, 40.0313902495065)"
Apr,background,"c(-69.7913357155573, 43.568732542478)"
Apr,background,"c(-68.8041704244955, 42.0879846058852)"
Apr,background,"c(-72.341512717467, 39.208752506955)"
Apr,background,"c(-68.4751153274749, 41.7589295088646)"
Apr,background,"c(-71.9301938461912, 40.7717642178028)"
Apr,background,"c(-71.6834025234258, 40.4427091207822)"
Apr,background,"c(-65.5958832285446, 41.8411932831198)"
Apr,background,"c(-67.7347413591785, 42.0879846058852)"
Apr,background,"c(-66.5830485196064, 44.7204253820501)"
Apr,background,"c(-70.8607647808742, 40.6895004435477)"
Apr,background,"c(-68.8864341987506, 42.5815672514161)"
Apr,background,"c(-70.5317096838536, 40.9362917663131)"
Apr,background,"c(-68.6396428759852, 41.5944019603543)"
Apr,background,"c(-68.3105877789646, 42.0879846058852)"
Apr,background,"c(-66.7475760681167, 42.1702483801404)"
Apr,background,"c(-69.5445443927918, 41.2653468633337)"
Apr,background,"c(-69.3800168442815, 42.5815672514161)"
Apr,background,"c(-69.5445443927918, 41.5121381860992)"
Apr,background,"c(-69.2154892957712, 42.8283585741816)"
Apr,background,"c(-68.6396428759852, 43.4864687682228)"
Apr,background,"c(-69.4622806185367, 42.9928861226919)"
Apr,background,"c(-72.0124576204464, 40.4427091207822)"
Apr,background,"c(-67.0766311651373, 42.0057208316301)"
Apr,background,"c(-71.8479300719361, 40.2781815722719)"
Apr,background,"c(-67.8992689076888, 42.4170397029058)"
Apr,background,"c(-72.0124576204464, 40.1136540237616)"
Apr,background,"c(-66.912103616627, 40.5249728950374)"
Apr,background,"c(-72.6705678144876, 39.4555438297204)"
Apr,background,"c(-68.8864341987506, 42.2525121543955)"
Apr,background,"c(-68.6396428759852, 42.2525121543955)"
Apr,background,"c(-70.1203908125779, 40.6895004435477)"
Apr,background,"c(-69.2977530700264, 42.5815672514161)"
Apr,background,"c(-70.2849183610882, 42.9106223484367)"
Apr,background,"c(-68.8864341987506, 41.1830830890786)"
Apr,background,"c(-69.626808167047, 43.4042049939677)"
Apr,background,"c(-68.8041704244955, 41.429874411844)"
Apr,background,"c(-68.7219066502403, 43.2396774454574)"
Apr,background,"c(-66.5830485196064, 44.6381616077949)"
Apr,background,"c(-72.7528315887427, 40.6895004435477)"
Apr,background,"c(-71.7656662976809, 39.9491264752513)"
Apr,background,"c(-67.6524775849234, 43.4042049939677)"
Apr,background,"c(-67.6524775849234, 43.1574136712022)"
Apr,background,"c(-72.2592489432118, 39.7023351524859)"
Apr,background,"c(-69.9558632640676, 42.5815672514161)"
Apr,background,"c(-70.3671821353433, 42.2525121543955)"
Apr,background,"c(-71.1075561036397, 40.5249728950374)"
Apr,background,"c(-70.202654586833, 42.5815672514161)"
Apr,background,"c(-69.0509617472609, 42.3347759286507)"
Apr,background,"c(-72.0947213947015, 39.9491264752513)"
Apr,background,"c(-69.7090719413021, 43.1574136712022)"
Apr,background,"c(-69.3800168442815, 43.0751498969471)"
Apr,background,"c(-68.55737910173, 43.4042049939677)"
Apr,background,"c(-72.5060402659773, 39.784598926741)"
Apr,background,"c(-68.7219066502403, 41.3476106375889)"
Apr,background,"c(-69.7913357155573, 42.5815672514161)"
Apr,background,"c(-68.9686979730058, 43.4042049939677)"
Apr,background,"c(-69.2154892957712, 41.3476106375889)"
Apr,background,"c(-69.3800168442815, 41.5944019603543)"
Apr,background,"c(-68.4751153274749, 42.9928861226919)"
Apr,background,"c(-67.7347413591785, 42.1702483801404)"
Apr,background,"c(-72.341512717467, 39.3732800554653)"
Apr,background,"c(-69.3800168442815, 42.0057208316301)"
Apr,background,"c(-68.3928515532197, 42.499303477161)"
Apr,background,"c(-70.1203908125779, 43.1574136712022)"
Apr,background,"c(-69.2977530700264, 42.3347759286507)"
Apr,background,"c(-70.9430285551294, 40.5249728950374)"
Apr,background,"c(-69.2977530700264, 42.0879846058852)"
Apr,background,"c(-68.3928515532197, 41.9234570573749)"
Apr,background,"c(-69.0509617472609, 41.5121381860992)"
Apr,background,"c(-69.0509617472609, 41.3476106375889)"
Apr,background,"c(-68.9686979730058, 41.1008193148234)"
Apr,background,"c(-70.0381270383227, 41.1008193148234)"
Apr,background,"c(-69.5445443927918, 43.0751498969471)"
Apr,background,"c(-70.0381270383227, 43.1574136712022)"
Apr,background,"c(-69.5445443927918, 42.7460947999264)"
Apr,background,"c(-73.0818866857633, 39.0442249584447)"
Apr,background,"c(-68.3928515532197, 42.3347759286507)"
Apr,background,"c(-69.2977530700264, 41.5121381860992)"
Apr,background,"c(-68.8041704244955, 42.1702483801404)"
Apr,background,"c(-71.9301938461912, 39.784598926741)"
Apr,background,"c(-67.2411587136476, 44.2268427365192)"
Apr,background,"c(-68.8864341987506, 42.1702483801404)"
Apr,background,"c(-69.9558632640676, 43.4042049939677)"
Apr,background,"c(-70.202654586833, 42.9928861226919)"
Apr,background,"c(-66.5007847453512, 42.3347759286507)"
Apr,background,"c(-68.0637964561991, 43.3219412197125)"
Apr,background,"c(-68.3105877789646, 43.3219412197125)"
Apr,background,"c(-67.7347413591785, 43.9800514137537)"
Apr,background,"c(-68.0637964561991, 43.9800514137537)"
Apr,background,"c(-69.2977530700264, 41.3476106375889)"
Apr,background,"c(-69.8735994898124, 42.499303477161)"
Apr,background,"c(-68.8041704244955, 41.9234570573749)"
Apr,background,"c(-69.9558632640676, 42.0879846058852)"
Apr,background,"c(-71.9301938461912, 39.6200713782307)"
Apr,background,"c(-68.3105877789646, 42.1702483801404)"
Apr,background,"c(-69.7090719413021, 43.568732542478)"
Apr,background,"c(-67.0766311651373, 42.3347759286507)"
Apr,background,"c(-69.4622806185367, 42.9106223484367)"
Apr,background,"c(-71.7656662976809, 39.784598926741)"
Apr,background,"c(-69.1332255215161, 42.5815672514161)"
Apr,background,"c(-69.7913357155573, 43.2396774454574)"
Apr,background,"c(-69.8735994898124, 42.0057208316301)"
Apr,background,"c(-70.4494459095985, 40.7717642178028)"
Apr,background,"c(-70.202654586833, 40.6895004435477)"
Apr,background,"c(-69.2977530700264, 42.9928861226919)"
Apr,background,"c(-68.55737910173, 43.4864687682228)"
Apr,background,"c(-68.9686979730058, 41.7589295088646)"
Apr,background,"c(-67.6524775849234, 42.6638310256713)"
Apr,background,"c(-68.7219066502403, 42.1702483801404)"
Apr,background,"c(-68.3105877789646, 41.8411932831198)"
Apr,background,"c(-65.1023005830137, 42.9928861226919)"
Apr,background,"c(-68.8041704244955, 43.3219412197125)"
Apr,background,"c(-69.8735994898124, 42.0879846058852)"
Apr,background,"c(-68.7219066502403, 40.7717642178028)"
Apr,background,"c(-67.7347413591785, 43.4042049939677)"
Apr,background,"c(-71.8479300719361, 40.0313902495065)"
Apr,background,"c(-70.0381270383227, 40.5249728950374)"
Apr,background,"c(-69.2977530700264, 41.0185555405683)"
Apr,background,"c(-68.0637964561991, 43.7332600909883)"
Apr,background,"c(-68.8864341987506, 42.6638310256713)"
Apr,background,"c(-69.7913357155573, 42.0057208316301)"
Apr,background,"c(-68.9686979730058, 43.3219412197125)"
Apr,background,"c(-70.7785010066191, 41.1830830890786)"
Apr,background,"c(-71.4366112006603, 41.0185555405683)"
Apr,background,"c(-71.1075561036397, 41.1008193148234)"
Apr,background,"c(-69.5445443927918, 41.7589295088646)"
Apr,background,"c(-69.2154892957712, 42.5815672514161)"
Apr,background,"c(-68.4751153274749, 42.2525121543955)"
Apr,background,"c(-68.7219066502403, 41.6766657346095)"
Apr,background,"c(-71.5188749749155, 40.0313902495065)"
Apr,background,"c(-68.3928515532197, 42.2525121543955)"
Apr,background,"c(-72.0947213947015, 40.2781815722719)"
Apr,background,"c(-70.2849183610882, 41.8411932831198)"
Apr,background,"c(-70.3671821353433, 40.854027992058)"
Apr,background,"c(-69.4622806185367, 41.5944019603543)"
Apr,background,"c(-69.2154892957712, 42.499303477161)"
Apr,background,"c(-67.8992689076888, 43.4864687682228)"
Apr,background,"c(-72.9996229115082, 39.1264887326998)"
Apr,background,"c(-69.9558632640676, 42.6638310256713)"
Apr,background,"c(-69.7090719413021, 43.3219412197125)"
Apr,background,"c(-68.7219066502403, 41.9234570573749)"
Apr,background,"c(-69.7090719413021, 43.0751498969471)"
Apr,background,"c(-68.8864341987506, 42.3347759286507)"
Apr,background,"c(-66.9943673908821, 44.144578962264)"
Apr,background,"c(-68.8864341987506, 41.2653468633337)"
Apr,background,"c(-68.8041704244955, 41.7589295088646)"
Apr,background,"c(-71.27208365215, 41.1830830890786)"
Apr,background,"c(-68.8864341987506, 42.8283585741816)"
Apr,background,"c(-68.7219066502403, 42.4170397029058)"
Apr,background,"c(-69.5445443927918, 41.6766657346095)"
Apr,background,"c(-70.0381270383227, 42.3347759286507)"
Apr,background,"c(-70.4494459095985, 42.0879846058852)"
Apr,background,"c(-70.1203908125779, 42.1702483801404)"
Apr,background,"c(-72.4237764917221, 39.9491264752513)"
Apr,background,"c(-72.1769851689567, 39.4555438297204)"
Apr,background,"c(-69.0509617472609, 42.9106223484367)"
Apr,background,"c(-68.1460602304543, 43.4864687682228)"
Apr,background,"c(-66.3362571968409, 42.1702483801404)"
Apr,background,"c(-69.7090719413021, 42.0057208316301)"
Apr,background,"c(-70.2849183610882, 40.6072366692925)"
Apr,background,"c(-70.3671821353433, 40.7717642178028)"
Apr,background,"c(-71.7656662976809, 40.6895004435477)"
Apr,background,"c(-71.6011387491706, 40.2781815722719)"
Apr,background,"c(-70.3671821353433, 42.0057208316301)"
Apr,background,"c(-67.4056862621579, 41.1008193148234)"
Apr,background,"c(-69.1332255215161, 43.0751498969471)"
Apr,background,"c(-68.8864341987506, 42.0057208316301)"
Apr,background,"c(-72.2592489432118, 39.3732800554653)"
Apr,background,"c(-69.4622806185367, 42.0057208316301)"
Apr,background,"c(-69.8735994898124, 42.1702483801404)"
Apr,background,"c(-72.4237764917221, 40.5249728950374)"
Apr,background,"c(-70.0381270383227, 42.9928861226919)"
Apr,background,"c(-70.4494459095985, 41.1008193148234)"
Apr,background,"c(-68.8041704244955, 42.3347759286507)"
Apr,background,"c(-68.4751153274749, 41.5944019603543)"
Apr,background,"c(-72.0947213947015, 39.8668627009962)"
Apr,background,"c(-69.626808167047, 42.0057208316301)"
Apr,background,"c(-68.6396428759852, 41.2653468633337)"
Apr,background,"c(-72.6705678144876, 38.9619611841895)"
Apr,background,"c(-69.3800168442815, 42.6638310256713)"
Apr,background,"c(-71.9301938461912, 39.8668627009962)"
Apr,background,"c(-71.1898198778948, 40.6072366692925)"
Apr,background,"c(-73.2464142342736, 38.9619611841895)"
Apr,background,"c(-68.55737910173, 41.5944019603543)"
Apr,background,"c(-69.7090719413021, 42.0879846058852)"
Apr,background,"c(-68.2283240047094, 43.4864687682228)"
Apr,background,"c(-69.626808167047, 42.8283585741816)"
Apr,background,"c(-67.8992689076888, 43.1574136712022)"
Apr,background,"c(-68.8864341987506, 42.0879846058852)"
Apr,background,"c(-70.0381270383227, 40.4427091207822)"
Apr,background,"c(-67.981532681944, 42.2525121543955)"
Apr,background,"c(-71.3543474264052, 39.9491264752513)"
Apr,background,"c(-71.5188749749155, 40.854027992058)"
Apr,background,"c(-69.3800168442815, 41.7589295088646)"
Apr,background,"c(-69.626808167047, 40.7717642178028)"
Apr,background,"c(-71.5188749749155, 39.8668627009962)"
Apr,background,"c(-69.2977530700264, 41.429874411844)"
Apr,background,"c(-71.6834025234258, 39.7023351524859)"
Apr,background,"c(-72.2592489432118, 39.9491264752513)"
Apr,background,"c(-71.4366112006603, 39.6200713782307)"
Apr,background,"c(-68.4751153274749, 43.8977876394986)"
Apr,background,"c(-69.0509617472609, 41.9234570573749)"
Apr,background,"c(-67.8992689076888, 42.9106223484367)"
Apr,background,"c(-68.2283240047094, 42.6638310256713)"
Apr,background,"c(-70.1203908125779, 42.0057208316301)"
Apr,background,"c(-70.7785010066191, 40.3604453465271)"
Apr,background,"c(-66.9943673908821, 42.3347759286507)"
Apr,background,"c(-69.4622806185367, 42.1702483801404)"
Apr,background,"c(-69.2977530700264, 41.1008193148234)"
Apr,background,"c(-69.626808167047, 42.7460947999264)"
Apr,background,"c(-70.2849183610882, 41.9234570573749)"
Apr,background,"c(-68.1460602304543, 43.8155238652434)"
Apr,background,"c(-68.55737910173, 42.2525121543955)"
Apr,background,"c(-68.4751153274749, 43.1574136712022)"
Apr,background,"c(-66.7475760681167, 44.8026891563052)"
Apr,background,"c(-66.1717296483306, 42.2525121543955)"
Apr,background,"c(-68.6396428759852, 42.499303477161)"
Apr,background,"c(-70.0381270383227, 42.6638310256713)"
Apr,background,"c(-68.4751153274749, 43.7332600909883)"
Apr,background,"c(-68.8864341987506, 42.499303477161)"
Apr,background,"c(-69.5445443927918, 40.9362917663131)"
Apr,background,"c(-68.2283240047094, 42.0879846058852)"
Apr,background,"c(-68.9686979730058, 42.0057208316301)"
Apr,background,"c(-71.4366112006603, 40.3604453465271)"
Apr,background,"c(-71.7656662976809, 39.3732800554653)"
Apr,background,"c(-70.9430285551294, 39.6200713782307)"
Apr,background,"c(-69.1332255215161, 41.1830830890786)"
Apr,background,"c(-67.4056862621579, 41.5121381860992)"
Apr,background,"c(-69.2154892957712, 41.1008193148234)"
Apr,background,"c(-70.9430285551294, 41.1830830890786)"
Apr,background,"c(-72.0947213947015, 40.854027992058)"
Apr,background,"c(-67.2411587136476, 42.2525121543955)"
Apr,background,"c(-66.4185209710961, 44.7204253820501)"
Apr,background,"c(-68.4751153274749, 43.4042049939677)"
Apr,background,"c(-69.7090719413021, 42.2525121543955)"
Apr,background,"c(-70.6962372323639, 42.4170397029058)"
Apr,background,"c(-68.0637964561991, 43.8977876394986)"
Apr,background,"c(-68.55737910173, 42.499303477161)"
Apr,background,"c(-71.6011387491706, 39.7023351524859)"
Apr,background,"c(-72.0124576204464, 39.7023351524859)"
Apr,background,"c(-69.9558632640676, 42.1702483801404)"
Apr,background,"c(-72.0947213947015, 40.5249728950374)"
Apr,background,"c(-72.0124576204464, 40.6072366692925)"
Apr,background,"c(-65.4313556800343, 41.9234570573749)"
Apr,background,"c(-69.5445443927918, 43.2396774454574)"
Apr,background,"c(-67.3234224879028, 43.9800514137537)"
Apr,background,"c(-68.3105877789646, 41.9234570573749)"
Apr,background,"c(-69.7090719413021, 40.1959177980168)"
Apr,background,"c(-69.0509617472609, 41.6766657346095)"
Apr,background,"c(-69.0509617472609, 43.1574136712022)"
Apr,background,"c(-69.7913357155573, 42.2525121543955)"
Apr,background,"c(-68.55737910173, 41.429874411844)"
Apr,background,"c(-71.0252923293846, 39.6200713782307)"
Apr,background,"c(-70.9430285551294, 41.1008193148234)"
Apr,background,"c(-69.5445443927918, 42.3347759286507)"
Apr,background,"c(-68.8041704244955, 43.8155238652434)"
Apr,background,"c(-69.1332255215161, 41.8411932831198)"
Apr,background,"c(-70.1203908125779, 42.7460947999264)"
Apr,background,"c(-70.4494459095985, 42.7460947999264)"
Apr,background,"c(-72.0947213947015, 40.7717642178028)"
Apr,background,"c(-67.2411587136476, 41.9234570573749)"
Apr,background,"c(-68.9686979730058, 41.2653468633337)"
Apr,background,"c(-69.626808167047, 42.9928861226919)"
Apr,background,"c(-67.8992689076888, 42.8283585741816)"
Apr,background,"c(-73.2464142342736, 39.1264887326998)"
Apr,background,"c(-68.2283240047094, 43.8977876394986)"
Apr,background,"c(-70.1203908125779, 43.3219412197125)"
Apr,background,"c(-69.2977530700264, 42.499303477161)"
Apr,background,"c(-72.0947213947015, 39.6200713782307)"
Apr,background,"c(-68.8041704244955, 42.499303477161)"
Apr,background,"c(-71.9301938461912, 40.6895004435477)"
Apr,background,"c(-67.1588949393925, 43.9800514137537)"
Apr,background,"c(-69.0509617472609, 42.9928861226919)"
Apr,background,"c(-67.7347413591785, 43.8155238652434)"
Apr,background,"c(-68.7219066502403, 41.1830830890786)"
Apr,background,"c(-71.6011387491706, 39.8668627009962)"
Apr,background,"c(-72.7528315887427, 39.7023351524859)"
Apr,background,"c(-67.2411587136476, 42.3347759286507)"
Apr,background,"c(-69.7090719413021, 42.5815672514161)"
Apr,background,"c(-69.0509617472609, 41.7589295088646)"
Apr,background,"c(-68.8041704244955, 41.2653468633337)"
Apr,background,"c(-72.5060402659773, 39.6200713782307)"
Apr,background,"c(-69.4622806185367, 43.1574136712022)"
Apr,background,"c(-67.2411587136476, 44.3091065107743)"
Apr,background,"c(-65.4313556800343, 42.8283585741816)"
Apr,background,"c(-68.4751153274749, 42.0057208316301)"
Apr,background,"c(-68.6396428759852, 41.8411932831198)"
Apr,background,"c(-71.27208365215, 40.0313902495065)"
Apr,background,"c(-71.3543474264052, 40.0313902495065)"
Apr,background,"c(-69.1332255215161, 40.1959177980168)"
Apr,background,"c(-68.3928515532197, 43.4042049939677)"
Apr,background,"c(-68.7219066502403, 42.499303477161)"
Apr,background,"c(-69.1332255215161, 42.0879846058852)"
Apr,background,"c(-68.9686979730058, 42.9928861226919)"
Apr,background,"c(-69.5445443927918, 42.9928861226919)"
Apr,background,"c(-69.4622806185367, 41.9234570573749)"
Apr,background,"c(-68.7219066502403, 41.5121381860992)"
Apr,background,"c(-68.3928515532197, 41.7589295088646)"
Apr,background,"c(-71.5188749749155, 40.3604453465271)"
Apr,background,"c(-70.7785010066191, 40.854027992058)"
Apr,background,"c(-71.9301938461912, 39.5378076039756)"
Apr,background,"c(-67.7347413591785, 43.8977876394986)"
Apr,background,"c(-72.4237764917221, 39.6200713782307)"
Apr,background,"c(-67.4056862621579, 44.144578962264)"
Apr,background,"c(-68.6396428759852, 42.0057208316301)"
Apr,background,"c(-69.0509617472609, 43.0751498969471)"
Apr,background,"c(-69.1332255215161, 42.7460947999264)"
Apr,background,"c(-68.9686979730058, 39.784598926741)"
Apr,background,"c(-68.3105877789646, 42.0057208316301)"
Apr,background,"c(-71.8479300719361, 39.6200713782307)"
Apr,background,"c(-69.5445443927918, 42.0879846058852)"
Apr,background,"c(-72.0124576204464, 39.3732800554653)"
Apr,background,"c(-67.4056862621579, 44.2268427365192)"
Apr,background,"c(-68.55737910173, 43.1574136712022)"
Apr,background,"c(-72.341512717467, 40.1959177980168)"
Apr,background,"c(-68.2283240047094, 41.5944019603543)"
Apr,background,"c(-69.2154892957712, 41.0185555405683)"
Apr,background,"c(-70.3671821353433, 43.0751498969471)"
Apr,background,"c(-70.1203908125779, 42.9928861226919)"
Apr,background,"c(-67.981532681944, 42.499303477161)"
Apr,background,"c(-67.981532681944, 43.568732542478)"
Apr,background,"c(-72.341512717467, 39.6200713782307)"
Apr,background,"c(-67.4879500364131, 42.0879846058852)"
Apr,background,"c(-69.0509617472609, 41.5944019603543)"
Apr,background,"c(-71.5188749749155, 40.6895004435477)"
Apr,background,"c(-68.9686979730058, 43.0751498969471)"
Apr,background,"c(-67.5702138106682, 43.4042049939677)"
Apr,background,"c(-69.1332255215161, 42.1702483801404)"
Apr,background,"c(-65.4313556800343, 41.7589295088646)"
Apr,background,"c(-68.7219066502403, 42.0057208316301)"
Apr,background,"c(-69.9558632640676, 42.9928861226919)"
Apr,background,"c(-71.27208365215, 41.0185555405683)"
Apr,background,"c(-67.5702138106682, 43.1574136712022)"
Apr,background,"c(-68.55737910173, 42.1702483801404)"
Apr,background,"c(-72.341512717467, 39.2910162812101)"
Apr,background,"c(-69.3800168442815, 43.2396774454574)"
Apr,background,"c(-69.8735994898124, 41.7589295088646)"
Apr,background,"c(-67.0766311651373, 45.0494804790707)"
Apr,background,"c(-69.1332255215161, 41.429874411844)"
Apr,background,"c(-70.4494459095985, 42.2525121543955)"
Apr,background,"c(-67.3234224879028, 44.2268427365192)"
Apr,background,"c(-68.1460602304543, 43.0751498969471)"
Apr,background,"c(-67.0766311651373, 44.3091065107743)"
Apr,background,"c(-71.6834025234258, 39.5378076039756)"
Apr,background,"c(-68.6396428759852, 43.2396774454574)"
Apr,background,"c(-72.2592489432118, 40.3604453465271)"
Apr,background,"c(-69.3800168442815, 41.9234570573749)"
Apr,background,"c(-69.2154892957712, 43.1574136712022)"
Apr,background,"c(-68.4751153274749, 41.429874411844)"
Apr,background,"c(-68.55737910173, 41.5121381860992)"
Apr,background,"c(-67.2411587136476, 43.8977876394986)"
Apr,background,"c(-67.7347413591785, 40.3604453465271)"
Apr,background,"c(-67.7347413591785, 42.5815672514161)"
Apr,background,"c(-68.3105877789646, 42.9928861226919)"
Apr,background,"c(-72.1769851689567, 40.6895004435477)"
Apr,background,"c(-68.3928515532197, 42.4170397029058)"
Apr,background,"c(-70.5317096838536, 42.1702483801404)"
Apr,background,"c(-70.0381270383227, 42.5815672514161)"
Apr,background,"c(-69.1332255215161, 43.568732542478)"
Apr,background,"c(-70.2849183610882, 43.2396774454574)"
Apr,background,"c(-69.0509617472609, 42.2525121543955)"
Apr,background,"c(-69.0509617472609, 43.4864687682228)"
Apr,background,"c(-68.4751153274749, 43.3219412197125)"
Apr,background,"c(-67.7347413591785, 41.5121381860992)"
Apr,background,"c(-70.5317096838536, 42.9928861226919)"
Apr,background,"c(-72.5883040402324, 39.2910162812101)"
Apr,background,"c(-68.8041704244955, 40.854027992058)"
Apr,background,"c(-69.4622806185367, 41.429874411844)"
Apr,background,"c(-71.7656662976809, 39.7023351524859)"
Apr,background,"c(-69.3800168442815, 41.8411932831198)"
Apr,background,"c(-68.3928515532197, 43.1574136712022)"
Apr,background,"c(-67.8170051334337, 41.8411932831198)"
Apr,background,"c(-72.5060402659773, 39.4555438297204)"
Apr,background,"c(-69.2977530700264, 43.3219412197125)"
Apr,background,"c(-68.8864341987506, 42.9106223484367)"
Apr,background,"c(-69.4622806185367, 42.7460947999264)"
Apr,background,"c(-67.8992689076888, 42.2525121543955)"
Apr,background,"c(-72.341512717467, 39.5378076039756)"
Apr,background,"c(-67.5702138106682, 43.9800514137537)"
Apr,background,"c(-67.0766311651373, 43.4042049939677)"
Apr,background,"c(-67.8992689076888, 43.8977876394986)"
Apr,background,"c(-69.0509617472609, 42.1702483801404)"
Apr,background,"c(-72.1769851689567, 40.4427091207822)"
Apr,background,"c(-69.2154892957712, 43.568732542478)"
Apr,background,"c(-67.5702138106682, 44.2268427365192)"
Apr,background,"c(-67.8170051334337, 43.568732542478)"
Apr,background,"c(-70.0381270383227, 42.499303477161)"
Apr,background,"c(-67.5702138106682, 42.5815672514161)"
Apr,background,"c(-70.202654586833, 43.1574136712022)"
Apr,background,"c(-69.5445443927918, 41.5944019603543)"
Apr,background,"c(-72.4237764917221, 40.6895004435477)"
Apr,background,"c(-68.3928515532197, 41.5121381860992)"
May,presence,"c(-68.8504, 41.79488)"
May,presence,"c(-69.09826, 42.0891)"
May,presence,"c(-69.46793, 41.53004)"
May,presence,"c(-70.815888, 40.778034)"
May,presence,"c(-71.758707, 39.938685)"
May,presence,"c(-69.29711, 41.43078)"
May,presence,"c(-68.8245, 41.5895)"
May,presence,"c(-72.3611, 39.7335)"
May,presence,"c(-68.85883, 41.82783)"
May,presence,"c(-68.44351, 41.89476)"
May,presence,"c(-68.67824, 42.063)"
May,presence,"c(-68.67963, 42.32587)"
May,presence,"c(-67.96059, 42.51373)"
May,presence,"c(-69.11049, 41.85604)"
May,presence,"c(-70.1326, 42.71835)"
May,presence,"c(-69.62984, 41.67218)"
May,presence,"c(-71.7906, 39.7744)"
May,presence,"c(-71.542816, 40.244066)"
May,presence,"c(-68.6263, 41.80171)"
May,presence,"c(-69.89724, 42.41614)"
May,presence,"c(-69.43478, 42.85749)"
May,presence,"c(-68.83934, 41.55111)"
May,presence,"c(-68.47989, 42.38821)"
May,presence,"c(-71.6362, 39.6646)"
May,presence,"c(-72.5594, 39.4569)"
May,presence,"c(-71.40427, 40.362841)"
May,presence,"c(-68.61555, 42.28125)"
May,presence,"c(-69.3585, 41.5555)"
May,presence,"c(-69.01165, 41.84289)"
May,presence,"c(-68.92121, 42.0307)"
May,presence,"c(-71.945, 40.53)"
May,presence,"c(-69.139, 41.93733)"
May,presence,"c(-68.4335, 42.25483)"
May,presence,"c(-68.77833, 41.33183)"
May,presence,"c(-68.99309, 41.85092)"
May,presence,"c(-71.3911, 39.6557)"
May,presence,"c(-71.911, 40.1123)"
May,presence,"c(-68.5494, 41.75307)"
May,presence,"c(-71.19185, 40.137291)"
May,presence,"c(-69.19051, 41.38228)"
May,presence,"c(-70.00069, 42.38554)"
May,presence,"c(-69.12983, 41.97237)"
May,presence,"c(-71.916276, 39.849637)"
May,presence,"c(-70.86688, 41.17768)"
May,presence,"c(-68.980949, 41.884094)"
May,presence,"c(-68.18567, 40.76683)"
May,presence,"c(-67.87604, 41.95984)"
May,presence,"c(-65.595528, 41.410332)"
May,presence,"c(-71.1652, 40.043)"
May,presence,"c(-69.3745, 41.83617)"
May,presence,"c(-72.2235, 39.3531)"
May,presence,"c(-71.492573, 40.199006)"
May,presence,"c(-70.017, 43.033)"
May,presence,"c(-69.60147, 42.9729)"
May,presence,"c(-72.0006, 40.6672)"
May,presence,"c(-71.7616, 39.6989)"
May,presence,"c(-69.24457, 41.72246)"
May,presence,"c(-71.4239, 39.7445)"
May,presence,"c(-69.11199, 41.59311)"
May,presence,"c(-69.21035, 41.5484)"
May,presence,"c(-71.3658, 39.9129)"
May,presence,"c(-68.78, 42.23183)"
May,presence,"c(-71.8026, 40.1378)"
May,presence,"c(-68.5724, 42.43941)"
May,presence,"c(-71.843, 39.5861)"
May,presence,"c(-69.63351, 41.79783)"
May,presence,"c(-69.28822, 41.87349)"
May,presence,"c(-68.8935, 42.35518)"
May,presence,"c(-69.04739, 42.12872)"
May,presence,"c(-71.6896, 39.8185)"
May,presence,"c(-70.16567, 42.2665)"
May,presence,"c(-69.41314, 41.3788)"
May,presence,"c(-72.21521, 40.77517)"
May,presence,"c(-68.58444, 42.21843)"
May,presence,"c(-71.6012, 39.874)"
May,presence,"c(-69.42165, 41.60526)"
May,presence,"c(-71.8736, 39.6663)"
May,presence,"c(-70.10483, 43.15066)"
May,presence,"c(-67.93678, 42.52149)"
May,presence,"c(-69.18358, 41.65184)"
May,presence,"c(-69.41812, 41.64839)"
May,presence,"c(-71.31638, 40.08957)"
May,presence,"c(-72.7821, 38.9909)"
May,presence,"c(-67.569603, 40.256062)"
May,presence,"c(-68.43147, 41.82152)"
May,presence,"c(-72.0816, 40.6122)"
May,presence,"c(-71.0379, 39.9836)"
May,presence,"c(-71.3726, 40.262)"
May,presence,"c(-68.68197, 42.20907)"
May,presence,"c(-69.30924, 41.29091)"
May,presence,"c(-69.36339, 42.6233)"
May,presence,"c(-71.89667, 40.60433)"
May,presence,"c(-71.7922, 39.4419)"
May,presence,"c(-66.4, 41.333)"
May,presence,"c(-68.92099, 42.18242)"
May,presence,"c(-69.65784, 41.61374)"
May,presence,"c(-69.27494, 41.72839)"
May,presence,"c(-73.0828, 40.3148)"
May,presence,"c(-67.94712, 42.84923)"
May,presence,"c(-68.97267, 43.08198)"
May,presence,"c(-68.47457, 41.65345)"
May,presence,"c(-68.87225, 41.7108)"
May,presence,"c(-69.20823, 41.38991)"
May,presence,"c(-69.30811, 42.59015)"
May,presence,"c(-69.05116, 41.89968)"
May,presence,"c(-69.6775, 41.66623)"
May,presence,"c(-68.606, 41.61657)"
May,presence,"c(-72.6052, 39.3171)"
May,presence,"c(-68.44136, 41.76917)"
May,presence,"c(-68.99146, 42.06288)"
May,presence,"c(-69.15627, 41.37801)"
May,presence,"c(-71.1309, 39.9023)"
May,presence,"c(-68.63655, 42.48612)"
May,presence,"c(-68.57067, 41.92467)"
May,presence,"c(-71.5368, 39.7214)"
May,presence,"c(-71.6051, 39.583)"
May,presence,"c(-69.82259, 42.51984)"
May,presence,"c(-68.87588, 42.77425)"
May,presence,"c(-69.01814, 42.04297)"
May,presence,"c(-71.8474, 39.2666)"
May,presence,"c(-72.326642, 39.201147)"
May,presence,"c(-70.43789, 42.10332)"
May,presence,"c(-70.15, 40.4)"
May,presence,"c(-71.472724, 39.905837)"
May,presence,"c(-70.985512, 40.500298)"
May,presence,"c(-72.261431, 39.156625)"
May,presence,"c(-68.79801, 41.81719)"
May,presence,"c(-69.32969, 41.60854)"
May,presence,"c(-68.47528, 40.45235)"
May,presence,"c(-68.71133, 42.39533)"
May,presence,"c(-68.74257, 42.01392)"
May,presence,"c(-69.01895, 42.26978)"
May,presence,"c(-71.247728, 40.207797)"
May,presence,"c(-68.9035, 41.94533)"
May,presence,"c(-69.28927, 41.3545)"
May,presence,"c(-69.6643, 42.84665)"
May,presence,"c(-69.00333, 41.77167)"
May,presence,"c(-68.74876, 42.31082)"
May,presence,"c(-71.8591, 39.9571)"
May,presence,"c(-71.568304, 39.745267)"
May,presence,"c(-72.0418, 40.5042)"
May,presence,"c(-68.62103, 41.74054)"
May,presence,"c(-69.44381, 42.06604)"
May,presence,"c(-71.812, 39.506)"
May,presence,"c(-69.07576, 41.69833)"
May,presence,"c(-67.78405, 42.59497)"
May,presence,"c(-66.75, 40.467)"
May,presence,"c(-70.1, 40.45)"
May,presence,"c(-68.92655, 43.07871)"
May,presence,"c(-68.74417, 41.5)"
May,presence,"c(-68.83903, 41.94235)"
May,presence,"c(-72.033, 40.083)"
May,presence,"c(-69.57841, 43.05525)"
May,presence,"c(-70.6604, 39.9238)"
May,presence,"c(-68.9024, 42.05111)"
May,presence,"c(-69.867, 40.1)"
May,presence,"c(-68.88195, 42.42119)"
May,presence,"c(-67.91834, 43.62085)"
May,presence,"c(-72.2163, 40.7118)"
May,presence,"c(-68.66033, 41.68783)"
May,presence,"c(-67.55306, 42.64931)"
May,presence,"c(-70.04539, 42.50635)"
May,presence,"c(-72.10529, 40.8197)"
May,presence,"c(-69.04305, 42.70778)"
May,presence,"c(-70.75442, 41.1538)"
May,presence,"c(-70.75059, 41.04964)"
May,presence,"c(-69.51945, 42.34448)"
May,presence,"c(-69.7925, 42.01833)"
May,presence,"c(-69.07718, 41.71789)"
May,presence,"c(-69.739716, 41.919571)"
May,presence,"c(-71.7328, 40.6154)"
May,presence,"c(-69.04918, 41.27765)"
May,presence,"c(-69.316, 41.65083)"
May,presence,"c(-69.04811, 42.30302)"
May,presence,"c(-70.00283, 42.5645)"
May,presence,"c(-71.9272, 39.8228)"
May,presence,"c(-68.99379, 42.03911)"
May,presence,"c(-67.03083, 42.24417)"
May,presence,"c(-65.417, 41.767)"
May,presence,"c(-70.80906, 40.89785)"
May,presence,"c(-68.67343, 42.17582)"
May,presence,"c(-69.46941, 42.87038)"
May,presence,"c(-68.55822, 41.67251)"
May,presence,"c(-69.690544, 43.125523)"
May,presence,"c(-70.35, 40.483)"
May,presence,"c(-69.17973, 42.51177)"
May,presence,"c(-69.14101, 41.41953)"
May,presence,"c(-69.45867, 41.66283)"
May,presence,"c(-68.03296, 43.3459)"
May,presence,"c(-71.90307, 40.821)"
May,presence,"c(-71.9439, 39.5365)"
May,presence,"c(-71.0983, 40.96258)"
May,presence,"c(-68.90986, 42.57523)"
May,presence,"c(-69.66035, 42.25273)"
May,presence,"c(-68.87012, 41.44522)"
May,presence,"c(-65.533, 41.983)"
May,presence,"c(-71.5318, 39.9605)"
May,presence,"c(-70.545553, 40.737631)"
May,presence,"c(-67.3, 40.333)"
May,presence,"c(-69.48967, 41.97386)"
May,presence,"c(-69.88629, 41.81574)"
May,presence,"c(-69.65454, 42.57963)"
May,presence,"c(-69.45549, 42.78298)"
May,presence,"c(-69.32474, 43.06801)"
May,presence,"c(-71.7781, 39.3975)"
May,presence,"c(-69.0043, 41.30776)"
May,presence,"c(-70.33746, 42.1708)"
May,presence,"c(-71.5442, 39.7535)"
May,presence,"c(-69.74061, 41.76963)"
May,presence,"c(-69.173256, 43.890488)"
May,presence,"c(-69.90267, 42.23417)"
May,presence,"c(-68.23327, 43.29695)"
May,presence,"c(-69.652, 41.00367)"
May,presence,"c(-69.40781, 42.0283)"
May,presence,"c(-71.5073, 39.8833)"
May,presence,"c(-68.54437, 42.36565)"
May,presence,"c(-72.2999, 39.2876)"
May,presence,"c(-70.4578, 40.8745)"
May,presence,"c(-69.77096, 41.92207)"
May,presence,"c(-73.254, 39.961)"
May,presence,"c(-67.497192, 40.226654)"
May,presence,"c(-72.2807, 39.7945)"
May,presence,"c(-71.326482, 40.029602)"
May,presence,"c(-69.48432, 41.73587)"
May,presence,"c(-71.80191, 39.993578)"
May,presence,"c(-67.640572, 40.28553)"
May,presence,"c(-72.4306, 40.1833)"
May,presence,"c(-68.667984, 41.953789)"
May,presence,"c(-68.568916, 41.099968)"
May,presence,"c(-68.851082, 43.289097)"
May,presence,"c(-68.01357, 43.50789)"
May,presence,"c(-69.45457, 42.66741)"
May,presence,"c(-68.73434, 41.66134)"
May,presence,"c(-69.93964, 42.29669)"
May,presence,"c(-71.9857, 39.335)"
May,presence,"c(-72.05355, 39.198804)"
May,presence,"c(-71.284943, 40.500595)"
May,presence,"c(-71.567, 40.283)"
May,presence,"c(-69.24495, 41.81572)"
May,presence,"c(-70.28233, 41.97433)"
May,presence,"c(-69.10417, 42.60759)"
May,presence,"c(-71.30961, 39.994811)"
May,presence,"c(-69.78403, 42.09722)"
May,presence,"c(-71.999769, 39.944373)"
May,presence,"c(-69.81805, 42.45441)"
May,presence,"c(-70.12649, 43.2908)"
May,presence,"c(-68.8265, 42.546)"
May,presence,"c(-68.94626, 42.17172)"
May,presence,"c(-69.02581, 41.58644)"
May,presence,"c(-68.95195, 42.34566)"
May,presence,"c(-69.269516, 43.264496)"
May,presence,"c(-70.198, 41.96217)"
May,presence,"c(-69.42562, 41.12213)"
May,presence,"c(-68.65283, 41.49083)"
May,presence,"c(-71.9866, 40.6296)"
May,presence,"c(-69.02615, 41.45388)"
May,presence,"c(-69.291596, 41.91853)"
May,presence,"c(-68.63327, 43.4198)"
May,presence,"c(-69.31407, 42.3058)"
May,presence,"c(-69.62093, 42.71264)"
May,presence,"c(-67.267, 40.317)"
May,presence,"c(-69.18598, 41.9178)"
May,presence,"c(-68.66981, 42.0454)"
May,presence,"c(-69.67048, 41.35334)"
May,presence,"c(-73.433, 39.05)"
May,presence,"c(-70.667, 40.8)"
May,presence,"c(-71.7514, 39.6576)"
May,presence,"c(-68.75217, 41.72783)"
May,presence,"c(-71.43789, 41.16348)"
May,presence,"c(-67.60233, 42.14967)"
May,presence,"c(-69.03017, 40.54383)"
May,presence,"c(-69.40956, 41.28665)"
May,presence,"c(-69.68914, 42.65574)"
May,presence,"c(-68.84927, 42.79988)"
May,presence,"c(-69.81132, 42.77168)"
May,presence,"c(-72.301369, 40.261427)"
May,presence,"c(-69.24498, 41.62538)"
May,presence,"c(-69.29871, 42.62336)"
May,presence,"c(-70.317, 40.533)"
May,presence,"c(-69.61399, 42.50344)"
May,presence,"c(-68.43653, 41.81888)"
May,presence,"c(-68.76346, 41.98747)"
May,presence,"c(-67.778046, 40.343132)"
May,presence,"c(-67.6625, 43.61692)"
May,presence,"c(-71.50343, 41.1294)"
May,presence,"c(-70.867, 40.967)"
May,presence,"c(-71.277566, 39.968713)"
May,presence,"c(-69.13027, 42.33132)"
May,presence,"c(-67.723778, 40.320705)"
May,presence,"c(-69.51911, 41.13932)"
May,presence,"c(-71.5459, 39.9905)"
May,presence,"c(-70.296578, 43.4482)"
May,presence,"c(-70.30157, 40.95483)"
May,presence,"c(-68.99335, 41.46816)"
May,presence,"c(-70.133, 42.942)"
May,presence,"c(-72.4941, 39.5443)"
May,presence,"c(-68.39783, 40.76367)"
May,presence,"c(-72.1073, 39.984)"
May,presence,"c(-68.40084, 41.51324)"
May,presence,"c(-72.8504, 38.9057)"
May,presence,"c(-72.0531, 39.7244)"
May,presence,"c(-69.01878, 42.6866)"
May,presence,"c(-69.58755, 41.95121)"
May,presence,"c(-69.72115, 42.16027)"
May,presence,"c(-73.129232, 38.929806)"
May,presence,"c(-69.108299, 43.139057)"
May,presence,"c(-68.586716, 43.416321)"
May,presence,"c(-69.54, 41.89383)"
May,presence,"c(-69.08905, 41.19017)"
May,presence,"c(-70.067, 39.817)"
May,presence,"c(-70.093361, 42.410172)"
May,presence,"c(-70.88511, 41.30439)"
May,presence,"c(-68.26833, 42.25217)"
May,presence,"c(-68.31046, 41.94805)"
May,presence,"c(-68.68345, 42.2838)"
May,presence,"c(-70.167, 42.917)"
May,presence,"c(-69.76411, 43.289)"
May,presence,"c(-69.49064, 41.40363)"
May,presence,"c(-69.30374, 41.05605)"
May,presence,"c(-67.61784, 43.34317)"
May,presence,"c(-69.41053, 42.478)"
May,presence,"c(-66.833, 40.533)"
May,presence,"c(-68.50208, 42.30827)"
May,presence,"c(-68.97988, 42.66699)"
May,presence,"c(-69.267, 42.533)"
May,presence,"c(-72.4195, 39.6168)"
May,presence,"c(-71.19969, 41.09042)"
May,presence,"c(-69.31269, 41.48139)"
May,presence,"c(-69.983, 40.75)"
May,presence,"c(-72.6679, 40.5531)"
May,presence,"c(-72.144758, 39.287451)"
May,presence,"c(-67.316635, 40.4688)"
May,presence,"c(-69.42974, 41.90635)"
May,presence,"c(-69.895554, 42.143696)"
May,presence,"c(-71.9269, 39.648)"
May,presence,"c(-67.76811, 42.58963)"
May,presence,"c(-69.30268, 42.26597)"
May,presence,"c(-69.25376, 42.81413)"
May,presence,"c(-69.17987, 42.10701)"
May,presence,"c(-69.52146, 42.16242)"
May,presence,"c(-69.34967, 41.39971)"
May,presence,"c(-70.4, 40.617)"
May,presence,"c(-69.65, 39.65)"
May,presence,"c(-72.693, 39.084)"
May,presence,"c(-69.01615, 41.31737)"
May,presence,"c(-69.41598, 42.72752)"
May,presence,"c(-69.05788, 42.44101)"
May,presence,"c(-68.40586, 42.49763)"
May,presence,"c(-70.8987, 40.1572)"
May,presence,"c(-70.21712, 41.00151)"
May,presence,"c(-69.36867, 41.939)"
May,presence,"c(-68.28406, 41.84265)"
May,presence,"c(-72.1126, 39.3207)"
May,presence,"c(-69.04191, 42.5002)"
May,presence,"c(-67.67142, 42.61009)"
May,presence,"c(-68.38185, 41.4084)"
May,presence,"c(-66.55, 41.333)"
May,presence,"c(-72.5128, 39.6017)"
May,presence,"c(-70.651634, 40.396286)"
May,presence,"c(-67.81777, 43.0066)"
May,presence,"c(-66.28508, 41.333576)"
May,presence,"c(-70.18503, 42.54322)"
May,presence,"c(-69.08294, 43.03815)"
May,presence,"c(-69.34567, 41.7515)"
May,presence,"c(-72.0568, 39.5254)"
May,presence,"c(-69.56916, 41.52093)"
May,presence,"c(-72.27321, 40.7439)"
May,presence,"c(-71.791161, 40.786647)"
May,presence,"c(-69.97717, 42.00833)"
May,presence,"c(-68.83489, 42.7459)"
May,presence,"c(-68.39917, 42.08583)"
May,presence,"c(-70.883, 40.733)"
May,presence,"c(-70.12678, 42.65339)"
May,presence,"c(-68.2, 40.45)"
May,presence,"c(-68.99664, 42.99133)"
May,presence,"c(-72.1113, 39.6131)"
May,presence,"c(-69.0808, 40.97592)"
May,presence,"c(-70.617, 40.767)"
May,presence,"c(-68.3983, 41.79787)"
May,presence,"c(-68.80855, 41.20149)"
May,presence,"c(-71.01288, 40.9077)"
May,presence,"c(-70.25785, 42.90422)"
May,presence,"c(-69.59648, 42.87528)"
May,presence,"c(-68.76633, 41.41667)"
May,presence,"c(-65.433, 41.9)"
May,presence,"c(-72.0522, 39.5192)"
May,presence,"c(-69.23155, 42.73645)"
May,presence,"c(-69.79431, 42.89233)"
May,presence,"c(-70.22765, 42.75885)"
May,presence,"c(-69.417, 39.933)"
May,presence,"c(-69.10983, 41.66589)"
May,presence,"c(-71.134438, 39.817593)"
May,presence,"c(-70.40601, 43.10488)"
May,presence,"c(-72.050356, 39.994847)"
May,presence,"c(-69.62205, 42.04016)"
May,presence,"c(-65.567, 41.867)"
May,presence,"c(-69.61664, 41.36925)"
May,presence,"c(-69.64947, 41.80989)"
May,presence,"c(-69.73433, 41.81441)"
May,presence,"c(-70.52045, 40.90488)"
May,presence,"c(-66.55734, 42.32281)"
May,presence,"c(-69.86746, 42.50515)"
May,presence,"c(-71.34262, 40.9832)"
May,presence,"c(-70.47858, 41.01326)"
May,presence,"c(-71.19317, 41.25134)"
May,presence,"c(-69.66429, 42.65533)"
May,presence,"c(-71.2971, 39.8504)"
May,presence,"c(-69.28913, 41.22384)"
May,presence,"c(-68.95096, 41.6616)"
May,presence,"c(-69.14248, 41.07266)"
May,presence,"c(-69.17799, 43.05684)"
May,presence,"c(-71.832, 40.297)"
May,presence,"c(-67.4, 40.367)"
May,presence,"c(-68.24592, 41.59838)"
May,presence,"c(-69.22257, 42.70329)"
May,presence,"c(-70.856636, 40.671368)"
May,presence,"c(-68.82322, 41.71309)"
May,presence,"c(-69.38105, 42.16321)"
May,presence,"c(-68.56578, 42.07901)"
May,presence,"c(-72.2219, 39.9847)"
May,presence,"c(-69.69916, 42.38961)"
May,presence,"c(-69.3026, 42.01971)"
May,presence,"c(-69.26059, 42.76086)"
May,presence,"c(-68.457077, 41.990738)"
May,presence,"c(-71.23857, 41.223)"
May,presence,"c(-69.523705, 42.045872)"
May,presence,"c(-70.22548, 43.10544)"
May,presence,"c(-70.517, 40.7)"
May,presence,"c(-68.96717, 41.175)"
May,presence,"c(-70.58844, 42.80367)"
May,presence,"c(-69.53502, 41.38421)"
May,presence,"c(-71.7228, 40.2422)"
May,presence,"c(-70.66854, 41.04693)"
May,presence,"c(-72.0675, 39.8765)"
May,presence,"c(-70.09716, 41.15083)"
May,presence,"c(-68.83418, 42.62485)"
May,presence,"c(-73.2646, 38.98536)"
May,presence,"c(-72.1468, 39.7749)"
May,presence,"c(-72.116266, 40.07041)"
May,presence,"c(-69.43916, 42.9625)"
May,presence,"c(-66.922211, 40.508533)"
May,presence,"c(-72.1131, 40.4198)"
May,presence,"c(-70.383, 40.5)"
May,presence,"c(-69.18208, 42.14464)"
May,presence,"c(-68.30489, 41.76131)"
May,presence,"c(-71.6439, 39.7023)"
May,presence,"c(-68.7794, 43.37806)"
May,presence,"c(-67.63066, 42.62361)"
May,presence,"c(-69.756317, 41.120129)"
May,presence,"c(-68.89417, 40.43017)"
May,presence,"c(-71.4108, 39.7045)"
May,presence,"c(-72.02738, 40.8758)"
May,presence,"c(-69.96734, 42.66264)"
May,presence,"c(-70.13315, 40.95504)"
May,presence,"c(-69.230553, 43.234058)"
May,presence,"c(-69.77633, 41.73067)"
May,presence,"c(-70.08364, 42.1452)"
May,presence,"c(-69.14939, 41.49517)"
May,presence,"c(-71.48315, 40.39133)"
May,presence,"c(-69.71391, 42.01874)"
May,presence,"c(-72.0809, 40.3435)"
May,presence,"c(-69.66244, 42.2958)"
May,presence,"c(-72.369482, 39.537847)"
May,presence,"c(-70.5765, 40.7107)"
May,presence,"c(-67.717, 41.133)"
May,presence,"c(-69.21667, 42.04633)"
May,presence,"c(-71.866, 40.5985)"
May,presence,"c(-68.29083, 42.06167)"
May,presence,"c(-67.923, 42.02017)"
May,presence,"c(-70.40006, 43.26467)"
May,presence,"c(-69.39485, 42.87891)"
May,presence,"c(-68.82601, 42.18469)"
May,presence,"c(-69.83967, 41.6395)"
May,presence,"c(-71.995, 40.478)"
May,presence,"c(-71.0318, 39.699729)"
May,presence,"c(-69.16589, 41.77586)"
May,presence,"c(-68.8282, 41.06101)"
May,presence,"c(-71.3646, 39.9056)"
May,presence,"c(-68.62318, 41.3418)"
May,presence,"c(-71.717352, 39.636433)"
May,presence,"c(-69.52037, 41.66005)"
May,presence,"c(-69.97526, 43.17866)"
May,presence,"c(-67.720551, 43.818417)"
May,presence,"c(-69.35666, 41.50036)"
May,presence,"c(-68.924576, 43.690743)"
May,presence,"c(-71.00211, 40.88037)"
May,presence,"c(-69.41486, 42.45445)"
May,presence,"c(-68.92527, 42.2341)"
May,presence,"c(-69.517, 41.8)"
May,presence,"c(-69.56421, 42.04946)"
May,presence,"c(-69.876137, 42.798359)"
May,presence,"c(-68.49264, 42.21109)"
May,presence,"c(-68.80473, 42.08037)"
May,presence,"c(-69.65956, 40.63677)"
May,presence,"c(-72.2231, 40.1817)"
May,presence,"c(-71.08239, 41.29859)"
May,presence,"c(-67.60195, 43.42342)"
May,presence,"c(-68.83527, 41.30185)"
May,presence,"c(-67.667, 40.567)"
May,presence,"c(-70.57397, 40.82254)"
May,presence,"c(-68.57079, 42.17104)"
May,presence,"c(-68.133, 40.083)"
May,presence,"c(-68.89751, 42.50974)"
May,presence,"c(-71.32272, 41.07446)"
May,presence,"c(-68.017, 40.267)"
May,presence,"c(-71.698, 40.148)"
May,presence,"c(-70.44882, 41.08776)"
May,presence,"c(-69.51767, 41.395)"
May,presence,"c(-71.2441, 40.2666)"
May,presence,"c(-69.11119, 42.15552)"
May,presence,"c(-65.567, 42.017)"
May,presence,"c(-68.9187, 40.64413)"
May,presence,"c(-69.35117, 41.032)"
May,presence,"c(-69.27034, 42.16032)"
May,presence,"c(-72.0299, 39.449)"
May,presence,"c(-68.88884, 42.65806)"
May,presence,"c(-69.95, 40.683)"
May,presence,"c(-71.946, 40.679)"
May,presence,"c(-71.15567, 41.15383)"
May,presence,"c(-71.62686, 40.98249)"
May,presence,"c(-66.6, 40.717)"
May,presence,"c(-68.66662, 42.41557)"
May,presence,"c(-72.117278, 39.037402)"
May,presence,"c(-68.96085, 41.26271)"
May,presence,"c(-71.6885, 39.4732)"
May,presence,"c(-70.017, 42.267)"
May,presence,"c(-67.90021, 42.07871)"
May,presence,"c(-72.35155, 39.59953)"
May,presence,"c(-69.42687, 41.3152)"
May,presence,"c(-68.75766, 41.95176)"
May,presence,"c(-71.106635, 40.052162)"
May,presence,"c(-70.97833, 41.0343)"
May,presence,"c(-69.24467, 42.38094)"
May,presence,"c(-67.94208, 42.201)"
May,presence,"c(-67.98923, 42.66234)"
May,presence,"c(-71.2, 40.683)"
May,presence,"c(-68.9311, 42.52736)"
May,presence,"c(-71.3718, 39.7897)"
May,presence,"c(-69.34798, 42.5538)"
May,presence,"c(-68.03585, 43.26068)"
May,presence,"c(-69.17002, 42.96869)"
May,presence,"c(-70.37933, 41.96167)"
May,presence,"c(-69.509766, 40.956005)"
May,presence,"c(-68.92294, 41.15074)"
May,presence,"c(-71.923, 40.7487)"
May,presence,"c(-70.63828, 40.97124)"
May,presence,"c(-69.53367, 41.614)"
May,presence,"c(-72.135449, 40.089525)"
May,presence,"c(-69.38065, 43.05319)"
May,presence,"c(-69.14227, 41.18982)"
May,presence,"c(-68.3129, 40.48057)"
May,presence,"c(-70.05, 40.417)"
May,presence,"c(-68.13467, 41.905)"
May,presence,"c(-70.233, 39.817)"
May,presence,"c(-71.117088, 40.500507)"
May,presence,"c(-69.93512, 42.15725)"
May,presence,"c(-70.167, 41.25)"
May,presence,"c(-69.67285, 41.54788)"
May,presence,"c(-69.03362, 41.54525)"
May,presence,"c(-70.5178, 40.8519)"
May,presence,"c(-70.86389, 41.08484)"
May,presence,"c(-70.45, 40.633)"
May,presence,"c(-68.46879, 43.08119)"
May,presence,"c(-68.72227, 41.6061)"
May,presence,"c(-68.369553, 43.238136)"
May,presence,"c(-69.817, 40.383)"
May,presence,"c(-70.835451, 40.016421)"
May,presence,"c(-71.7081, 39.5434)"
May,presence,"c(-72.064289, 39.204349)"
May,presence,"c(-68.41332, 42.29466)"
May,presence,"c(-70.08103, 42.82744)"
May,presence,"c(-68.4818, 43.38097)"
May,presence,"c(-71.9581, 39.9157)"
May,presence,"c(-72.13372, 40.72173)"
May,presence,"c(-68.373512, 42.909775)"
May,presence,"c(-69.09281, 42.24171)"
May,presence,"c(-68.88042, 41.61143)"
May,presence,"c(-69.72432, 42.30206)"
May,presence,"c(-70.721569, 40.697404)"
May,presence,"c(-67.718132, 40.318317)"
May,presence,"c(-67.5582, 42.51936)"
May,presence,"c(-69.85245, 41.72017)"
May,presence,"c(-72.1393, 40.0752)"
May,presence,"c(-67.08333, 42.18667)"
May,presence,"c(-65.25, 41.75)"
May,presence,"c(-69.26962, 42.06848)"
May,presence,"c(-70.25989, 42.82239)"
May,presence,"c(-69.467, 39.933)"
May,presence,"c(-72.3651, 39.7437)"
May,presence,"c(-70.243248, 43.405899)"
May,presence,"c(-67.72046, 42.9939)"
May,presence,"c(-69.65, 40.783)"
May,presence,"c(-68.66437, 42.97842)"
May,presence,"c(-69.90121, 43.288)"
May,presence,"c(-71.24033, 41.11218)"
May,presence,"c(-69.7815, 41.62817)"
May,presence,"c(-68.715, 41.387)"
May,presence,"c(-68.03567, 42.0435)"
May,presence,"c(-68.9822, 42.4574)"
May,presence,"c(-69.91486, 41.82518)"
May,presence,"c(-69.35718, 41.11485)"
May,presence,"c(-71.8079, 39.4849)"
May,presence,"c(-72.024072, 39.157511)"
May,presence,"c(-71.8082, 39.8164)"
May,presence,"c(-70.90784, 41.15672)"
May,presence,"c(-71.868673, 40.060255)"
May,presence,"c(-70.403, 40.8192)"
May,presence,"c(-70.30667, 41.87217)"
May,presence,"c(-71.4236, 39.9354)"
May,presence,"c(-69.19642, 41.267)"
May,presence,"c(-69.45887, 41.87453)"
May,presence,"c(-71.5975, 39.5668)"
May,presence,"c(-69.55547, 43.29016)"
May,presence,"c(-69.93561, 42.72367)"
May,presence,"c(-68.37516, 42.15353)"
May,presence,"c(-69.87589, 42.57454)"
May,presence,"c(-68.933, 40.65)"
May,presence,"c(-68.57017, 41.80417)"
May,presence,"c(-69.40487, 42.84277)"
May,presence,"c(-71.7156, 39.894)"
May,presence,"c(-69.43951, 42.52391)"
May,presence,"c(-69.0757, 42.20027)"
May,presence,"c(-68.25, 41.067)"
May,presence,"c(-69.63008, 42.09867)"
May,presence,"c(-68.8706, 42.99349)"
May,presence,"c(-66.733, 40.55)"
May,presence,"c(-71.30407, 40.99916)"
May,presence,"c(-70.75, 40.867)"
May,presence,"c(-66.233, 40.833)"
May,presence,"c(-69.90939, 40.43125)"
May,presence,"c(-69.490921, 42.132221)"
May,presence,"c(-69.2, 40.417)"
May,presence,"c(-69.20928, 41.20011)"
May,presence,"c(-68.81514, 41.72033)"
May,presence,"c(-69.00828, 42.83004)"
May,presence,"c(-71.623292, 40.076641)"
May,presence,"c(-69.21844, 42.90802)"
May,presence,"c(-69.183807, 43.197273)"
May,presence,"c(-69.95577, 43.04601)"
May,presence,"c(-69.57113, 42.51241)"
May,presence,"c(-68.86097, 41.33392)"
May,presence,"c(-67.68652, 42.96285)"
May,presence,"c(-67.73129, 43.18958)"
May,presence,"c(-68.72111, 41.25975)"
May,presence,"c(-71.06892, 41.0366)"
May,presence,"c(-69.13105, 42.50994)"
May,presence,"c(-71.65645, 40.82219)"
May,presence,"c(-67.53467, 42.55708)"
May,presence,"c(-70.51544, 42.05378)"
May,presence,"c(-72.39598, 40.83858)"
May,presence,"c(-68.617, 40.8)"
May,presence,"c(-67.44533, 42.2165)"
May,presence,"c(-68.352, 40.52683)"
May,presence,"c(-69.94367, 42.28525)"
May,presence,"c(-71.6083, 40.5972)"
May,presence,"c(-67.66017, 42.152)"
May,presence,"c(-68.89822, 41.25101)"
May,presence,"c(-70.885218, 40.074875)"
May,presence,"c(-69.74405, 42.23)"
May,presence,"c(-67.95753, 42.45236)"
May,presence,"c(-71.4086, 39.609)"
May,presence,"c(-68.761002, 43.217983)"
May,presence,"c(-70.816824, 39.998007)"
May,presence,"c(-71.16576, 40.938)"
May,presence,"c(-71.144883, 40.083596)"
May,presence,"c(-69.816, 41.84267)"
May,presence,"c(-67.59084, 41.39367)"
May,background,"c(-70.202654586833, 42.499303477161)"
May,background,"c(-69.626808167047, 41.9234570573749)"
May,background,"c(-69.0509617472609, 41.1830830890786)"
May,background,"c(-69.2977530700264, 41.2653468633337)"
May,background,"c(-69.8735994898124, 42.1702483801404)"
May,background,"c(-69.5445443927918, 41.9234570573749)"
May,background,"c(-69.5445443927918, 43.4042049939677)"
May,background,"c(-67.981532681944, 43.9800514137537)"
May,background,"c(-69.2977530700264, 42.0057208316301)"
May,background,"c(-72.0947213947015, 40.854027992058)"
May,background,"c(-69.4622806185367, 40.7717642178028)"
May,background,"c(-68.3105877789646, 43.7332600909883)"
May,background,"c(-68.9686979730058, 42.9928861226919)"
May,background,"c(-70.4494459095985, 42.6638310256713)"
May,background,"c(-73.2464142342736, 39.0442249584447)"
May,background,"c(-69.1332255215161, 41.5944019603543)"
May,background,"c(-72.2592489432118, 39.8668627009962)"
May,background,"c(-67.8992689076888, 44.0623151880089)"
May,background,"c(-68.8041704244955, 42.4170397029058)"
May,background,"c(-69.7090719413021, 41.7589295088646)"
May,background,"c(-69.0509617472609, 41.5121381860992)"
May,background,"c(-69.2977530700264, 41.7589295088646)"
May,background,"c(-69.7913357155573, 41.8411932831198)"
May,background,"c(-69.8735994898124, 42.3347759286507)"
May,background,"c(-73.6577331055494, 40.1959177980168)"
May,background,"c(-68.8864341987506, 41.3476106375889)"
May,background,"c(-70.1203908125779, 41.0185555405683)"
May,background,"c(-67.4056862621579, 42.4170397029058)"
May,background,"c(-67.6524775849234, 42.6638310256713)"
May,background,"c(-69.1332255215161, 40.1959177980168)"
May,background,"c(-69.9558632640676, 41.0185555405683)"
May,background,"c(-68.7219066502403, 41.9234570573749)"
May,background,"c(-69.5445443927918, 41.5944019603543)"
May,background,"c(-69.1332255215161, 43.4864687682228)"
May,background,"c(-72.5060402659773, 39.6200713782307)"
May,background,"c(-67.981532681944, 43.8977876394986)"
May,background,"c(-71.4366112006603, 40.7717642178028)"
May,background,"c(-69.8735994898124, 42.6638310256713)"
May,background,"c(-69.2977530700264, 42.4170397029058)"
May,background,"c(-68.8041704244955, 41.429874411844)"
May,background,"c(-69.7090719413021, 42.5815672514161)"
May,background,"c(-69.626808167047, 41.7589295088646)"
May,background,"c(-69.2977530700264, 42.9928861226919)"
May,background,"c(-68.4751153274749, 41.7589295088646)"
May,background,"c(-67.8170051334337, 42.7460947999264)"
May,background,"c(-70.3671821353433, 40.854027992058)"
May,background,"c(-69.2154892957712, 41.9234570573749)"
May,background,"c(-67.6524775849234, 43.1574136712022)"
May,background,"c(-69.7913357155573, 40.3604453465271)"
May,background,"c(-67.0766311651373, 45.0494804790707)"
May,background,"c(-66.3362571968409, 42.2525121543955)"
May,background,"c(-69.8735994898124, 42.5815672514161)"
May,background,"c(-69.7090719413021, 41.9234570573749)"
May,background,"c(-68.8864341987506, 42.7460947999264)"
May,background,"c(-68.8041704244955, 41.8411932831198)"
May,background,"c(-69.1332255215161, 42.5815672514161)"
May,background,"c(-68.0637964561991, 42.0057208316301)"
May,background,"c(-69.2154892957712, 43.1574136712022)"
May,background,"c(-69.2977530700264, 42.8283585741816)"
May,background,"c(-67.8170051334337, 42.2525121543955)"
May,background,"c(-69.7090719413021, 42.0879846058852)"
May,background,"c(-69.2977530700264, 41.8411932831198)"
May,background,"c(-67.4056862621579, 44.144578962264)"
May,background,"c(-66.8298398423719, 42.2525121543955)"
May,background,"c(-69.3800168442815, 42.9928861226919)"
May,background,"c(-71.3543474264052, 40.2781815722719)"
May,background,"c(-69.7090719413021, 43.1574136712022)"
May,background,"c(-69.2154892957712, 41.429874411844)"
May,background,"c(-68.6396428759852, 42.499303477161)"
May,background,"c(-69.9558632640676, 42.5815672514161)"
May,background,"c(-71.8479300719361, 40.0313902495065)"
May,background,"c(-69.9558632640676, 42.6638310256713)"
May,background,"c(-73.2464142342736, 39.9491264752513)"
May,background,"c(-67.6524775849234, 43.8977876394986)"
May,background,"c(-67.5702138106682, 43.8977876394986)"
May,background,"c(-70.1203908125779, 42.2525121543955)"
May,background,"c(-68.9686979730058, 41.3476106375889)"
May,background,"c(-70.1203908125779, 41.1008193148234)"
May,background,"c(-68.1460602304543, 43.4864687682228)"
May,background,"c(-66.4185209710961, 42.2525121543955)"
May,background,"c(-72.1769851689567, 39.8668627009962)"
May,background,"c(-70.3671821353433, 42.9928861226919)"
May,background,"c(-69.626808167047, 42.7460947999264)"
May,background,"c(-69.2154892957712, 42.2525121543955)"
May,background,"c(-67.1588949393925, 42.0879846058852)"
May,background,"c(-68.0637964561991, 43.9800514137537)"
May,background,"c(-69.1332255215161, 41.7589295088646)"
May,background,"c(-69.9558632640676, 41.5121381860992)"
May,background,"c(-68.8864341987506, 42.1702483801404)"
May,background,"c(-67.6524775849234, 40.6072366692925)"
May,background,"c(-69.4622806185367, 42.0879846058852)"
May,background,"c(-68.7219066502403, 42.4170397029058)"
May,background,"c(-67.3234224879028, 44.0623151880089)"
May,background,"c(-72.0947213947015, 40.7717642178028)"
May,background,"c(-68.2283240047094, 41.9234570573749)"
May,background,"c(-70.1203908125779, 42.0057208316301)"
May,background,"c(-68.3105877789646, 43.568732542478)"
May,background,"c(-68.8864341987506, 42.0879846058852)"
May,background,"c(-68.2283240047094, 43.8977876394986)"
May,background,"c(-68.3928515532197, 42.3347759286507)"
May,background,"c(-69.7913357155573, 41.9234570573749)"
May,background,"c(-70.202654586833, 40.854027992058)"
May,background,"c(-68.7219066502403, 42.499303477161)"
May,background,"c(-69.3800168442815, 42.0879846058852)"
May,background,"c(-67.2411587136476, 42.3347759286507)"
May,background,"c(-72.1769851689567, 39.4555438297204)"
May,background,"c(-68.3105877789646, 43.3219412197125)"
May,background,"c(-69.2154892957712, 41.5121381860992)"
May,background,"c(-70.0381270383227, 42.499303477161)"
May,background,"c(-67.4879500364131, 44.0623151880089)"
May,background,"c(-71.6834025234258, 40.1959177980168)"
May,background,"c(-67.4879500364131, 42.0879846058852)"
May,background,"c(-68.4751153274749, 42.2525121543955)"
May,background,"c(-66.1717296483306, 41.7589295088646)"
May,background,"c(-71.9301938461912, 39.8668627009962)"
May,background,"c(-72.4237764917221, 40.6895004435477)"
May,background,"c(-68.3928515532197, 41.9234570573749)"
May,background,"c(-69.3800168442815, 41.5944019603543)"
May,background,"c(-69.5445443927918, 41.7589295088646)"
May,background,"c(-67.981532681944, 42.0879846058852)"
May,background,"c(-69.3800168442815, 41.1008193148234)"
May,background,"c(-69.5445443927918, 43.1574136712022)"
May,background,"c(-69.5445443927918, 40.9362917663131)"
May,background,"c(-68.8041704244955, 42.3347759286507)"
May,background,"c(-66.8298398423719, 42.3347759286507)"
May,background,"c(-69.4622806185367, 41.5121381860992)"
May,background,"c(-68.55737910173, 42.499303477161)"
May,background,"c(-68.8041704244955, 41.2653468633337)"
May,background,"c(-70.0381270383227, 43.4864687682228)"
May,background,"c(-69.3800168442815, 43.4042049939677)"
May,background,"c(-72.4237764917221, 39.6200713782307)"
May,background,"c(-70.1203908125779, 42.6638310256713)"
May,background,"c(-67.7347413591785, 42.3347759286507)"
May,background,"c(-70.7785010066191, 39.9491264752513)"
May,background,"c(-68.9686979730058, 42.0879846058852)"
May,background,"c(-68.8864341987506, 41.429874411844)"
May,background,"c(-67.7347413591785, 42.9928861226919)"
May,background,"c(-69.3800168442815, 41.429874411844)"
May,background,"c(-68.1460602304543, 43.6509963167331)"
May,background,"c(-69.9558632640676, 42.8283585741816)"
May,background,"c(-72.2592489432118, 39.7023351524859)"
May,background,"c(-68.3928515532197, 43.4042049939677)"
May,background,"c(-69.7090719413021, 43.2396774454574)"
May,background,"c(-73.0818866857633, 40.2781815722719)"
May,background,"c(-69.2154892957712, 40.1136540237616)"
May,background,"c(-66.4185209710961, 44.7204253820501)"
May,background,"c(-70.0381270383227, 41.5121381860992)"
May,background,"c(-70.3671821353433, 42.0057208316301)"
May,background,"c(-68.8864341987506, 41.8411932831198)"
May,background,"c(-69.0509617472609, 41.429874411844)"
May,background,"c(-68.9686979730058, 42.2525121543955)"
May,background,"c(-67.8992689076888, 42.8283585741816)"
May,background,"c(-70.4494459095985, 41.1008193148234)"
May,background,"c(-69.2977530700264, 41.5121381860992)"
May,background,"c(-68.3105877789646, 42.4170397029058)"
May,background,"c(-68.55737910173, 43.4042049939677)"
May,background,"c(-72.0124576204464, 40.7717642178028)"
May,background,"c(-70.1203908125779, 42.8283585741816)"
May,background,"c(-68.1460602304543, 42.1702483801404)"
May,background,"c(-68.9686979730058, 43.4042049939677)"
May,background,"c(-72.0124576204464, 39.784598926741)"
May,background,"c(-69.2154892957712, 41.7589295088646)"
May,background,"c(-70.3671821353433, 42.499303477161)"
May,background,"c(-69.8735994898124, 42.4170397029058)"
May,background,"c(-72.2592489432118, 39.4555438297204)"
May,background,"c(-70.5317096838536, 41.0185555405683)"
May,background,"c(-68.1460602304543, 42.0879846058852)"
May,background,"c(-69.626808167047, 42.9928861226919)"
May,background,"c(-69.5445443927918, 42.7460947999264)"
May,background,"c(-69.1332255215161, 42.0879846058852)"
May,background,"c(-68.3105877789646, 43.2396774454574)"
May,background,"c(-67.981532681944, 42.2525121543955)"
May,background,"c(-68.9686979730058, 42.5815672514161)"
May,background,"c(-67.8170051334337, 42.4170397029058)"
May,background,"c(-69.9558632640676, 42.1702483801404)"
May,background,"c(-68.0637964561991, 43.7332600909883)"
May,background,"c(-69.2977530700264, 41.6766657346095)"
May,background,"c(-69.0509617472609, 40.2781815722719)"
May,background,"c(-68.4751153274749, 42.3347759286507)"
May,background,"c(-68.8864341987506, 42.2525121543955)"
May,background,"c(-67.4056862621579, 42.0879846058852)"
May,background,"c(-69.8735994898124, 42.2525121543955)"
May,background,"c(-69.0509617472609, 42.2525121543955)"
May,background,"c(-69.0509617472609, 42.5815672514161)"
May,background,"c(-67.5702138106682, 44.144578962264)"
May,background,"c(-69.2154892957712, 42.9106223484367)"
May,background,"c(-68.7219066502403, 42.3347759286507)"
May,background,"c(-67.8992689076888, 42.499303477161)"
May,background,"c(-69.5445443927918, 41.1008193148234)"
May,background,"c(-69.2977530700264, 41.429874411844)"
May,background,"c(-69.7913357155573, 43.6509963167331)"
May,background,"c(-69.9558632640676, 43.0751498969471)"
May,background,"c(-72.2592489432118, 40.4427091207822)"
May,background,"c(-72.0124576204464, 40.5249728950374)"
May,background,"c(-71.1075561036397, 41.2653468633337)"
May,background,"c(-69.2154892957712, 41.2653468633337)"
May,background,"c(-69.3800168442815, 41.3476106375889)"
May,background,"c(-72.341512717467, 39.6200713782307)"
May,background,"c(-68.7219066502403, 41.7589295088646)"
May,background,"c(-70.0381270383227, 42.5815672514161)"
May,background,"c(-69.9558632640676, 43.1574136712022)"
May,background,"c(-69.5445443927918, 41.2653468633337)"
May,background,"c(-68.3105877789646, 41.8411932831198)"
May,background,"c(-72.917359137253, 39.0442249584447)"
May,background,"c(-67.5702138106682, 43.1574136712022)"
May,background,"c(-67.981532681944, 42.1702483801404)"
May,background,"c(-67.7347413591785, 42.0057208316301)"
May,background,"c(-69.7090719413021, 42.4170397029058)"
May,background,"c(-71.8479300719361, 39.6200713782307)"
May,background,"c(-66.1717296483306, 42.1702483801404)"
May,background,"c(-68.2283240047094, 42.6638310256713)"
May,background,"c(-67.7347413591785, 43.8977876394986)"
May,background,"c(-68.3928515532197, 42.2525121543955)"
May,background,"c(-69.8735994898124, 41.8411932831198)"
May,background,"c(-70.8607647808742, 39.784598926741)"
May,background,"c(-67.1588949393925, 43.9800514137537)"
May,background,"c(-69.4622806185367, 42.9106223484367)"
May,background,"c(-65.4313556800343, 42.8283585741816)"
May,background,"c(-69.9558632640676, 43.4042049939677)"
May,background,"c(-68.3928515532197, 42.5815672514161)"
May,background,"c(-67.0766311651373, 44.3913702850295)"
May,background,"c(-69.2154892957712, 42.4170397029058)"
May,background,"c(-71.4366112006603, 39.6200713782307)"
May,background,"c(-69.1332255215161, 41.9234570573749)"
May,background,"c(-72.341512717467, 39.208752506955)"
May,background,"c(-68.6396428759852, 42.3347759286507)"
May,background,"c(-69.1332255215161, 41.3476106375889)"
May,background,"c(-68.7219066502403, 41.5121381860992)"
May,background,"c(-68.8864341987506, 42.8283585741816)"
May,background,"c(-67.1588949393925, 44.3913702850295)"
May,background,"c(-66.5830485196064, 41.3476106375889)"
May,background,"c(-69.0509617472609, 41.6766657346095)"
May,background,"c(-69.626808167047, 42.1702483801404)"
May,background,"c(-67.5702138106682, 43.0751498969471)"
May,background,"c(-66.9943673908821, 41.3476106375889)"
May,background,"c(-69.626808167047, 42.6638310256713)"
May,background,"c(-68.2283240047094, 43.3219412197125)"
May,background,"c(-71.6011387491706, 39.6200713782307)"
May,background,"c(-68.6396428759852, 42.4170397029058)"
May,background,"c(-69.9558632640676, 42.2525121543955)"
May,background,"c(-68.4751153274749, 41.9234570573749)"
May,background,"c(-68.9686979730058, 41.1830830890786)"
May,background,"c(-67.4879500364131, 44.2268427365192)"
May,background,"c(-69.1332255215161, 42.0057208316301)"
May,background,"c(-69.1332255215161, 42.499303477161)"
May,background,"c(-68.8864341987506, 41.9234570573749)"
May,background,"c(-72.2592489432118, 40.3604453465271)"
May,background,"c(-69.5445443927918, 43.7332600909883)"
May,background,"c(-71.8479300719361, 39.784598926741)"
May,background,"c(-69.7090719413021, 41.8411932831198)"
May,background,"c(-68.55737910173, 42.1702483801404)"
May,background,"c(-67.4056862621579, 44.0623151880089)"
May,background,"c(-70.1203908125779, 42.3347759286507)"
May,background,"c(-68.55737910173, 43.6509963167331)"
May,background,"c(-67.981532681944, 42.6638310256713)"
May,background,"c(-66.6653122938615, 44.8849529305604)"
May,background,"c(-67.4056862621579, 42.2525121543955)"
May,background,"c(-68.7219066502403, 41.6766657346095)"
May,background,"c(-68.3105877789646, 42.1702483801404)"
May,background,"c(-69.9558632640676, 42.499303477161)"
May,background,"c(-68.1460602304543, 42.0057208316301)"
May,background,"c(-69.2154892957712, 41.5944019603543)"
May,background,"c(-69.1332255215161, 42.2525121543955)"
May,background,"c(-70.202654586833, 42.8283585741816)"
May,background,"c(-68.55737910173, 43.7332600909883)"
May,background,"c(-68.7219066502403, 42.0057208316301)"
May,background,"c(-70.0381270383227, 42.9928861226919)"
May,background,"c(-69.626808167047, 43.1574136712022)"
May,background,"c(-68.9686979730058, 42.6638310256713)"
May,background,"c(-68.3105877789646, 42.0879846058852)"
May,background,"c(-68.3928515532197, 42.0879846058852)"
May,background,"c(-69.626808167047, 43.3219412197125)"
May,background,"c(-69.7913357155573, 42.9106223484367)"
May,background,"c(-67.5702138106682, 41.2653468633337)"
May,background,"c(-67.3234224879028, 44.2268427365192)"
May,background,"c(-71.7656662976809, 39.6200713782307)"
May,background,"c(-72.5883040402324, 39.5378076039756)"
May,background,"c(-69.3800168442815, 41.6766657346095)"
May,background,"c(-70.2849183610882, 42.0057208316301)"
May,background,"c(-72.4237764917221, 39.5378076039756)"
May,background,"c(-68.9686979730058, 42.1702483801404)"
May,background,"c(-68.8864341987506, 43.0751498969471)"
May,background,"c(-71.9301938461912, 39.5378076039756)"
May,background,"c(-69.4622806185367, 41.5944019603543)"
May,background,"c(-69.1332255215161, 42.4170397029058)"
May,background,"c(-68.3928515532197, 41.0185555405683)"
May,background,"c(-69.4622806185367, 42.7460947999264)"
May,background,"c(-69.4622806185367, 41.1830830890786)"
May,background,"c(-72.4237764917221, 39.0442249584447)"
May,background,"c(-70.0381270383227, 40.7717642178028)"
May,background,"c(-71.1075561036397, 39.8668627009962)"
May,background,"c(-72.2592489432118, 39.3732800554653)"
May,background,"c(-72.1769851689567, 39.784598926741)"
May,background,"c(-69.0509617472609, 42.4170397029058)"
May,background,"c(-70.2849183610882, 41.9234570573749)"
May,background,"c(-67.8992689076888, 43.9800514137537)"
May,background,"c(-72.8350953629979, 39.208752506955)"
May,background,"c(-68.3105877789646, 42.2525121543955)"
May,background,"c(-69.1332255215161, 41.8411932831198)"
May,background,"c(-68.8864341987506, 42.9106223484367)"
May,background,"c(-68.7219066502403, 41.8411932831198)"
May,background,"c(-68.9686979730058, 42.4170397029058)"
May,background,"c(-70.1203908125779, 40.9362917663131)"
May,background,"c(-72.1769851689567, 40.7717642178028)"
May,background,"c(-67.5702138106682, 40.2781815722719)"
May,background,"c(-70.2849183610882, 43.0751498969471)"
May,background,"c(-69.4622806185367, 41.429874411844)"
May,background,"c(-71.8479300719361, 39.7023351524859)"
May,background,"c(-71.0252923293846, 40.9362917663131)"
May,background,"c(-66.9943673908821, 40.9362917663131)"
May,background,"c(-72.341512717467, 39.3732800554653)"
May,background,"c(-68.8041704244955, 43.3219412197125)"
May,background,"c(-68.8041704244955, 41.3476106375889)"
May,background,"c(-68.6396428759852, 41.6766657346095)"
May,background,"c(-68.6396428759852, 43.4864687682228)"
May,background,"c(-67.3234224879028, 40.3604453465271)"
May,background,"c(-70.8607647808742, 41.1830830890786)"
May,background,"c(-70.0381270383227, 42.7460947999264)"
May,background,"c(-69.4622806185367, 43.3219412197125)"
May,background,"c(-68.7219066502403, 42.9928861226919)"
May,background,"c(-67.6524775849234, 42.9928861226919)"
May,background,"c(-68.6396428759852, 42.2525121543955)"
May,background,"c(-69.1332255215161, 41.5121381860992)"
May,background,"c(-72.7528315887427, 39.208752506955)"
May,background,"c(-69.2977530700264, 41.9234570573749)"
May,background,"c(-68.0637964561991, 43.2396774454574)"
May,background,"c(-71.1898198778948, 40.0313902495065)"
May,background,"c(-69.5445443927918, 42.0057208316301)"
May,background,"c(-68.55737910173, 42.4170397029058)"
May,background,"c(-69.1332255215161, 41.429874411844)"
May,background,"c(-69.8735994898124, 42.499303477161)"
May,background,"c(-68.7219066502403, 42.1702483801404)"
May,background,"c(-71.8479300719361, 39.9491264752513)"
May,background,"c(-71.1898198778948, 40.1136540237616)"
May,background,"c(-69.5445443927918, 42.8283585741816)"
May,background,"c(-69.4622806185367, 43.2396774454574)"
May,background,"c(-68.9686979730058, 43.1574136712022)"
May,background,"c(-71.4366112006603, 41.0185555405683)"
May,background,"c(-68.4751153274749, 42.9928861226919)"
May,background,"c(-68.8041704244955, 41.9234570573749)"
May,background,"c(-69.5445443927918, 42.1702483801404)"
May,background,"c(-68.9686979730058, 43.0751498969471)"
May,background,"c(-69.4622806185367, 42.1702483801404)"
May,background,"c(-69.0509617472609, 41.2653468633337)"
May,background,"c(-68.55737910173, 41.9234570573749)"
May,background,"c(-68.3928515532197, 42.499303477161)"
May,background,"c(-68.6396428759852, 41.5121381860992)"
May,background,"c(-72.5883040402324, 39.9491264752513)"
May,background,"c(-72.0947213947015, 40.6072366692925)"
May,background,"c(-72.917359137253, 38.8796974099344)"
May,background,"c(-72.0124576204464, 40.6895004435477)"
May,background,"c(-68.6396428759852, 41.3476106375889)"
May,background,"c(-68.3928515532197, 42.4170397029058)"
May,background,"c(-72.341512717467, 39.784598926741)"
May,background,"c(-68.6396428759852, 41.8411932831198)"
May,background,"c(-71.7656662976809, 40.6895004435477)"
May,background,"c(-69.7913357155573, 41.7589295088646)"
May,background,"c(-69.2977530700264, 42.0879846058852)"
May,background,"c(-71.6834025234258, 39.4555438297204)"
May,background,"c(-69.2154892957712, 41.6766657346095)"
May,background,"c(-71.6011387491706, 40.4427091207822)"
May,background,"c(-68.55737910173, 43.2396774454574)"
May,background,"c(-68.8041704244955, 42.5815672514161)"
May,background,"c(-70.0381270383227, 43.3219412197125)"
May,background,"c(-69.2977530700264, 42.1702483801404)"
May,background,"c(-71.9301938461912, 40.1959177980168)"
May,background,"c(-68.3928515532197, 41.5944019603543)"
May,background,"c(-68.3105877789646, 43.4864687682228)"
May,background,"c(-67.3234224879028, 40.4427091207822)"
May,background,"c(-67.7347413591785, 43.0751498969471)"
May,background,"c(-70.3671821353433, 42.4170397029058)"
May,background,"c(-68.8041704244955, 42.2525121543955)"
May,background,"c(-67.8170051334337, 42.0879846058852)"
May,background,"c(-67.5702138106682, 41.429874411844)"
May,background,"c(-68.0637964561991, 41.8411932831198)"
May,background,"c(-67.7347413591785, 41.5121381860992)"
May,background,"c(-68.8864341987506, 41.2653468633337)"
May,background,"c(-72.2592489432118, 39.9491264752513)"
May,background,"c(-69.2977530700264, 43.3219412197125)"
May,background,"c(-69.626808167047, 43.2396774454574)"
May,background,"c(-68.6396428759852, 41.9234570573749)"
May,background,"c(-67.4879500364131, 43.1574136712022)"
May,background,"c(-70.202654586833, 43.1574136712022)"
May,background,"c(-67.2411587136476, 42.2525121543955)"
May,background,"c(-69.3800168442815, 41.9234570573749)"
May,background,"c(-69.4622806185367, 41.7589295088646)"
May,background,"c(-69.0509617472609, 42.0879846058852)"
May,background,"c(-71.27208365215, 39.9491264752513)"
May,background,"c(-71.27208365215, 40.1136540237616)"
May,background,"c(-68.6396428759852, 42.9928861226919)"
May,background,"c(-71.7656662976809, 39.9491264752513)"
May,background,"c(-70.4494459095985, 40.854027992058)"
May,background,"c(-67.6524775849234, 42.0879846058852)"
May,background,"c(-69.9558632640676, 42.4170397029058)"
May,background,"c(-70.4494459095985, 42.0879846058852)"
May,background,"c(-69.4622806185367, 42.2525121543955)"
May,background,"c(-69.1332255215161, 42.8283585741816)"
May,background,"c(-72.5060402659773, 39.8668627009962)"
May,background,"c(-72.0124576204464, 39.8668627009962)"
May,background,"c(-68.4751153274749, 43.4042049939677)"
May,background,"c(-70.0381270383227, 42.8283585741816)"
May,background,"c(-69.5445443927918, 41.6766657346095)"
May,background,"c(-66.5830485196064, 44.9672167048155)"
May,background,"c(-70.202654586833, 42.1702483801404)"
May,background,"c(-68.0637964561991, 42.1702483801404)"
May,background,"c(-69.7913357155573, 42.6638310256713)"
May,background,"c(-69.3800168442815, 41.7589295088646)"
May,background,"c(-70.3671821353433, 41.9234570573749)"
May,background,"c(-71.6834025234258, 39.7023351524859)"
May,background,"c(-66.5830485196064, 43.0751498969471)"
May,background,"c(-73.0818866857633, 40.6072366692925)"
May,background,"c(-72.0124576204464, 40.2781815722719)"
May,background,"c(-67.8170051334337, 44.0623151880089)"
May,background,"c(-68.8864341987506, 42.3347759286507)"
May,background,"c(-72.5060402659773, 39.1264887326998)"
May,background,"c(-71.6834025234258, 40.7717642178028)"
May,background,"c(-68.8864341987506, 41.5121381860992)"
May,background,"c(-69.4622806185367, 42.0057208316301)"
May,background,"c(-67.7347413591785, 43.7332600909883)"
May,background,"c(-67.8170051334337, 41.8411932831198)"
May,background,"c(-70.202654586833, 42.5815672514161)"
May,background,"c(-69.2977530700264, 41.3476106375889)"
May,background,"c(-68.9686979730058, 42.3347759286507)"
May,background,"c(-72.0124576204464, 40.4427091207822)"
May,background,"c(-69.2154892957712, 42.0879846058852)"
May,background,"c(-69.2154892957712, 40.4427091207822)"
May,background,"c(-68.2283240047094, 41.6766657346095)"
May,background,"c(-70.0381270383227, 42.2525121543955)"
May,background,"c(-69.3800168442815, 42.8283585741816)"
May,background,"c(-69.3800168442815, 42.6638310256713)"
May,background,"c(-71.1075561036397, 40.9362917663131)"
May,background,"c(-69.2154892957712, 41.1830830890786)"
May,background,"c(-70.1203908125779, 42.9928861226919)"
May,background,"c(-67.5702138106682, 43.7332600909883)"
May,background,"c(-69.3800168442815, 43.7332600909883)"
May,background,"c(-66.1717296483306, 44.8849529305604)"
May,background,"c(-70.2849183610882, 40.6072366692925)"
May,background,"c(-69.1332255215161, 42.1702483801404)"
May,background,"c(-69.4622806185367, 41.6766657346095)"
May,background,"c(-67.981532681944, 42.9106223484367)"
May,background,"c(-66.6653122938615, 42.3347759286507)"
May,background,"c(-70.5317096838536, 42.7460947999264)"
May,background,"c(-71.3543474264052, 40.7717642178028)"
May,background,"c(-69.5445443927918, 41.5121381860992)"
May,background,"c(-72.341512717467, 39.7023351524859)"
May,background,"c(-70.9430285551294, 39.6200713782307)"
May,background,"c(-69.7913357155573, 42.0057208316301)"
May,background,"c(-67.4879500364131, 43.6509963167331)"
May,background,"c(-67.4056862621579, 44.2268427365192)"
May,background,"c(-67.981532681944, 41.9234570573749)"
May,background,"c(-68.7219066502403, 43.4042049939677)"
May,background,"c(-68.7219066502403, 42.2525121543955)"
May,background,"c(-71.9301938461912, 40.6895004435477)"
May,background,"c(-69.626808167047, 42.2525121543955)"
May,background,"c(-67.6524775849234, 44.144578962264)"
May,background,"c(-69.2977530700264, 42.5815672514161)"
May,background,"c(-68.8864341987506, 41.6766657346095)"
May,background,"c(-68.4751153274749, 42.0057208316301)"
May,background,"c(-67.3234224879028, 42.2525121543955)"
May,background,"c(-69.3800168442815, 42.9106223484367)"
May,background,"c(-72.0947213947015, 40.4427091207822)"
May,background,"c(-67.8170051334337, 42.0057208316301)"
May,background,"c(-68.8864341987506, 40.4427091207822)"
May,background,"c(-68.8864341987506, 42.4170397029058)"
May,background,"c(-70.3671821353433, 40.4427091207822)"
May,background,"c(-69.626808167047, 42.8283585741816)"
May,background,"c(-68.6396428759852, 42.0057208316301)"
May,background,"c(-67.981532681944, 40.2781815722719)"
May,background,"c(-71.9301938461912, 39.6200713782307)"
May,background,"c(-70.202654586833, 42.2525121543955)"
May,background,"c(-72.4237764917221, 39.784598926741)"
May,background,"c(-68.2283240047094, 43.8155238652434)"
May,background,"c(-66.9943673908821, 44.9672167048155)"
May,background,"c(-66.5830485196064, 40.9362917663131)"
May,background,"c(-69.8735994898124, 41.5121381860992)"
May,background,"c(-69.0509617472609, 41.8411932831198)"
May,background,"c(-67.4056862621579, 43.9800514137537)"
May,background,"c(-68.8864341987506, 42.6638310256713)"
May,background,"c(-67.5702138106682, 42.1702483801404)"
May,background,"c(-71.4366112006603, 40.3604453465271)"
May,background,"c(-68.6396428759852, 42.0879846058852)"
May,background,"c(-68.9686979730058, 41.9234570573749)"
May,background,"c(-70.2849183610882, 42.6638310256713)"
May,background,"c(-68.55737910173, 41.6766657346095)"
May,background,"c(-69.626808167047, 43.6509963167331)"
May,background,"c(-70.3671821353433, 43.0751498969471)"
May,background,"c(-69.8735994898124, 40.1136540237616)"
May,background,"c(-70.202654586833, 41.1008193148234)"
May,background,"c(-67.8992689076888, 43.6509963167331)"
May,background,"c(-69.0509617472609, 43.4864687682228)"
May,background,"c(-66.4185209710961, 44.5558978335398)"
May,background,"c(-70.4494459095985, 40.6072366692925)"
May,background,"c(-69.5445443927918, 43.2396774454574)"
May,background,"c(-71.0252923293846, 39.9491264752513)"
May,background,"c(-67.4879500364131, 43.8977876394986)"
May,background,"c(-69.0509617472609, 42.3347759286507)"
May,background,"c(-68.9686979730058, 41.7589295088646)"
May,background,"c(-66.9943673908821, 41.429874411844)"
May,background,"c(-69.0509617472609, 40.5249728950374)"
May,background,"c(-68.9686979730058, 41.6766657346095)"
May,background,"c(-69.0509617472609, 42.7460947999264)"
May,background,"c(-69.8735994898124, 41.7589295088646)"
May,background,"c(-66.7475760681167, 42.2525121543955)"
May,background,"c(-67.7347413591785, 42.9106223484367)"
May,background,"c(-68.3928515532197, 41.8411932831198)"
May,background,"c(-68.3928515532197, 43.2396774454574)"
May,background,"c(-70.6139734581088, 40.7717642178028)"
May,background,"c(-72.4237764917221, 40.854027992058)"
May,background,"c(-70.3671821353433, 40.6895004435477)"
May,background,"c(-67.5702138106682, 44.0623151880089)"
May,background,"c(-70.202654586833, 40.7717642178028)"
May,background,"c(-72.7528315887427, 39.1264887326998)"
May,background,"c(-67.8170051334337, 42.8283585741816)"
May,background,"c(-70.202654586833, 42.3347759286507)"
May,background,"c(-70.2849183610882, 42.0879846058852)"
May,background,"c(-69.2154892957712, 42.7460947999264)"
May,background,"c(-68.8864341987506, 41.5944019603543)"
May,background,"c(-69.4622806185367, 43.0751498969471)"
May,background,"c(-69.8735994898124, 42.9106223484367)"
May,background,"c(-70.4494459095985, 40.7717642178028)"
May,background,"c(-69.3800168442815, 42.4170397029058)"
May,background,"c(-69.626808167047, 41.5944019603543)"
May,background,"c(-69.5445443927918, 42.5815672514161)"
May,background,"c(-71.27208365215, 41.1830830890786)"
May,background,"c(-68.6396428759852, 42.1702483801404)"
May,background,"c(-71.8479300719361, 40.7717642178028)"
May,background,"c(-71.9301938461912, 40.7717642178028)"
May,background,"c(-72.9996229115082, 39.0442249584447)"
May,background,"c(-68.2283240047094, 42.0057208316301)"
May,background,"c(-69.9558632640676, 40.6072366692925)"
May,background,"c(-68.9686979730058, 43.4864687682228)"
May,background,"c(-68.1460602304543, 43.4042049939677)"
May,background,"c(-69.1332255215161, 41.2653468633337)"
May,background,"c(-69.7090719413021, 42.0057208316301)"
May,background,"c(-72.341512717467, 39.5378076039756)"
May,background,"c(-67.3234224879028, 42.3347759286507)"
May,background,"c(-70.1203908125779, 41.1830830890786)"
May,background,"c(-68.8041704244955, 40.1959177980168)"
May,background,"c(-69.7913357155573, 43.0751498969471)"
May,background,"c(-70.6139734581088, 40.4427091207822)"
May,background,"c(-69.626808167047, 43.4042049939677)"
May,background,"c(-68.4751153274749, 43.1574136712022)"
May,background,"c(-69.0509617472609, 41.1008193148234)"
May,background,"c(-68.2283240047094, 42.4170397029058)"
May,background,"c(-68.8041704244955, 42.0057208316301)"
May,background,"c(-71.1898198778948, 40.6895004435477)"
May,background,"c(-69.626808167047, 43.0751498969471)"
May,background,"c(-69.8735994898124, 42.9928861226919)"
May,background,"c(-66.5007847453512, 43.1574136712022)"
May,background,"c(-70.5317096838536, 41.1008193148234)"
May,background,"c(-70.0381270383227, 42.0879846058852)"
May,background,"c(-69.2154892957712, 42.499303477161)"
May,background,"c(-70.6962372323639, 40.6895004435477)"
May,background,"c(-69.4622806185367, 41.1008193148234)"
May,background,"c(-69.0509617472609, 43.0751498969471)"
May,background,"c(-70.1203908125779, 42.7460947999264)"
May,background,"c(-65.1023005830137, 43.1574136712022)"
May,background,"c(-67.8170051334337, 41.7589295088646)"
May,background,"c(-72.2592489432118, 40.1959177980168)"
May,background,"c(-70.0381270383227, 43.1574136712022)"
May,background,"c(-68.1460602304543, 43.0751498969471)"
May,background,"c(-73.2464142342736, 39.1264887326998)"
May,background,"c(-72.2592489432118, 40.6072366692925)"
May,background,"c(-69.1332255215161, 43.0751498969471)"
May,background,"c(-71.6011387491706, 40.6072366692925)"
May,background,"c(-69.2977530700264, 43.0751498969471)"
May,background,"c(-69.7090719413021, 41.6766657346095)"
May,background,"c(-70.2849183610882, 42.9106223484367)"
May,background,"c(-72.341512717467, 39.4555438297204)"
May,background,"c(-68.4751153274749, 42.4170397029058)"
May,background,"c(-71.1898198778948, 40.9362917663131)"
May,background,"c(-72.0124576204464, 40.1959177980168)"
May,background,"c(-66.5830485196064, 44.7204253820501)"
May,background,"c(-71.6834025234258, 40.854027992058)"
May,background,"c(-69.7090719413021, 43.568732542478)"
May,background,"c(-69.626808167047, 42.3347759286507)"
May,background,"c(-68.7219066502403, 43.3219412197125)"
May,background,"c(-71.3543474264052, 41.0185555405683)"
May,background,"c(-71.3543474264052, 39.9491264752513)"
May,background,"c(-71.4366112006603, 39.7023351524859)"
May,background,"c(-68.1460602304543, 41.9234570573749)"
May,background,"c(-70.0381270383227, 40.2781815722719)"
May,background,"c(-68.9686979730058, 41.1008193148234)"
May,background,"c(-72.1769851689567, 40.4427091207822)"
May,background,"c(-71.7656662976809, 39.7023351524859)"
May,background,"c(-69.0509617472609, 42.6638310256713)"
May,background,"c(-68.3105877789646, 42.499303477161)"
May,background,"c(-72.0947213947015, 39.6200713782307)"
May,background,"c(-71.5188749749155, 40.1959177980168)"
May,background,"c(-68.55737910173, 43.4864687682228)"
May,background,"c(-68.6396428759852, 41.2653468633337)"
May,background,"c(-70.1203908125779, 43.4042049939677)"
May,background,"c(-68.2283240047094, 42.0879846058852)"
May,background,"c(-68.0637964561991, 41.9234570573749)"
May,background,"c(-68.3928515532197, 42.1702483801404)"
May,background,"c(-67.8170051334337, 43.1574136712022)"
May,background,"c(-69.8735994898124, 42.0879846058852)"
May,background,"c(-68.55737910173, 41.7589295088646)"
May,background,"c(-69.3800168442815, 42.7460947999264)"
May,background,"c(-69.626808167047, 42.9106223484367)"
May,background,"c(-68.8864341987506, 41.7589295088646)"
May,background,"c(-69.3800168442815, 43.3219412197125)"
May,background,"c(-69.9558632640676, 42.9928861226919)"
May,background,"c(-70.6962372323639, 41.0185555405683)"
May,background,"c(-68.3105877789646, 41.7589295088646)"
May,background,"c(-68.8041704244955, 43.2396774454574)"
May,background,"c(-69.626808167047, 40.6072366692925)"
May,background,"c(-66.6653122938615, 40.854027992058)"
May,background,"c(-69.9558632640676, 42.0057208316301)"
May,background,"c(-67.8170051334337, 42.9928861226919)"
May,background,"c(-71.8479300719361, 40.9362917663131)"
May,background,"c(-66.7475760681167, 42.1702483801404)"
May,background,"c(-68.4751153274749, 41.8411932831198)"
May,background,"c(-71.8479300719361, 40.6895004435477)"
May,background,"c(-66.2539934225858, 44.8849529305604)"
May,background,"c(-72.4237764917221, 40.4427091207822)"
May,background,"c(-70.3671821353433, 42.2525121543955)"
May,background,"c(-71.5188749749155, 40.854027992058)"
May,background,"c(-70.8607647808742, 41.1008193148234)"
May,background,"c(-70.202654586833, 41.9234570573749)"
May,background,"c(-69.626808167047, 41.8411932831198)"
May,background,"c(-68.7219066502403, 41.429874411844)"
May,background,"c(-67.981532681944, 42.4170397029058)"
May,background,"c(-68.7219066502403, 42.0879846058852)"
May,background,"c(-71.8479300719361, 39.5378076039756)"
May,background,"c(-68.1460602304543, 43.8977876394986)"
May,background,"c(-70.202654586833, 42.7460947999264)"
May,background,"c(-67.2411587136476, 44.2268427365192)"
May,background,"c(-69.1332255215161, 40.6072366692925)"
May,background,"c(-68.9686979730058, 41.5121381860992)"
May,background,"c(-66.5007847453512, 42.4170397029058)"
May,background,"c(-69.3800168442815, 41.8411932831198)"
May,background,"c(-73.2464142342736, 38.9619611841895)"
May,background,"c(-66.4185209710961, 42.1702483801404)"
May,background,"c(-68.4751153274749, 42.1702483801404)"
May,background,"c(-69.7913357155573, 41.5944019603543)"
May,background,"c(-68.8041704244955, 41.5944019603543)"
May,background,"c(-72.5060402659773, 39.5378076039756)"
May,background,"c(-69.8735994898124, 42.0057208316301)"
May,background,"c(-68.6396428759852, 42.7460947999264)"
May,background,"c(-68.1460602304543, 43.568732542478)"
May,background,"c(-66.8298398423719, 40.5249728950374)"
Jun,presence,"c(-67.55291, 43.08217)"
Jun,presence,"c(-67.9, 43.45)"
Jun,presence,"c(-67.46972, 43.91742)"
Jun,presence,"c(-68.86488, 41.38909)"
Jun,presence,"c(-67.63006, 43.87998)"
Jun,presence,"c(-69.2595, 42.16629)"
Jun,presence,"c(-69.74035, 41.88478)"
Jun,presence,"c(-70.96762, 40.36927)"
Jun,presence,"c(-69.66347, 43.09874)"
Jun,presence,"c(-70.00636, 43.20109)"
Jun,presence,"c(-69.967, 43.417)"
Jun,presence,"c(-70.983, 40.533)"
Jun,presence,"c(-69.19124, 41.47697)"
Jun,presence,"c(-69.01658, 41.69208)"
Jun,presence,"c(-69.794457, 43.049782)"
Jun,presence,"c(-69.42313, 41.4637)"
Jun,presence,"c(-70.37763, 42.881)"
Jun,presence,"c(-69.07314, 41.17029)"
Jun,presence,"c(-69.683, 43.55)"
Jun,presence,"c(-68.33349, 43.39629)"
Jun,presence,"c(-68.86669, 42.98032)"
Jun,presence,"c(-69.258942, 42.615364)"
Jun,presence,"c(-69.70362, 41.56058)"
Jun,presence,"c(-68.96592, 42.98442)"
Jun,presence,"c(-68.96167, 42.296)"
Jun,presence,"c(-69.305916, 42.653751)"
Jun,presence,"c(-67.80383, 44.05705)"
Jun,presence,"c(-68.41658, 42.7915)"
Jun,presence,"c(-68.51652, 42.46392)"
Jun,presence,"c(-72.79192, 39.185068)"
Jun,presence,"c(-69.79094, 42.85992)"
Jun,presence,"c(-67.7513, 42.81762)"
Jun,presence,"c(-68.67458, 42.25784)"
Jun,presence,"c(-68.13069, 41.90538)"
Jun,presence,"c(-69.86942, 42.7121)"
Jun,presence,"c(-67.86319, 42.17433)"
Jun,presence,"c(-70.18225, 42.5735)"
Jun,presence,"c(-68.96618, 42.6212)"
Jun,presence,"c(-69.96484, 42.8135)"
Jun,presence,"c(-69.04055, 41.48414)"
Jun,presence,"c(-69.74131, 43.40561)"
Jun,presence,"c(-68.2845, 42.13749)"
Jun,presence,"c(-66.37734, 42.18074)"
Jun,presence,"c(-70.47409, 41.17016)"
Jun,presence,"c(-69.99172, 42.89875)"
Jun,presence,"c(-69.14719, 42.54198)"
Jun,presence,"c(-67.39981, 44.0662)"
Jun,presence,"c(-68.77564, 42.4811)"
Jun,presence,"c(-68.45514, 41.79317)"
Jun,presence,"c(-68.79007, 42.44401)"
Jun,presence,"c(-71.527687, 40.239927)"
Jun,presence,"c(-68.36943, 41.47011)"
Jun,presence,"c(-72.143723, 40.067947)"
Jun,presence,"c(-67.82217, 42.99253)"
Jun,presence,"c(-67.66854, 43.04391)"
Jun,presence,"c(-69.03015, 42.75389)"
Jun,presence,"c(-68.29763, 41.85254)"
Jun,presence,"c(-68.33499, 42.09299)"
Jun,presence,"c(-69.11307, 41.548)"
Jun,presence,"c(-70.58209, 42.25605)"
Jun,presence,"c(-67.09424, 42.04151)"
Jun,presence,"c(-68.9661, 41.47889)"
Jun,presence,"c(-69.21535, 41.56237)"
Jun,presence,"c(-69.02721, 42.40432)"
Jun,presence,"c(-69.16774, 41.29645)"
Jun,presence,"c(-68.1, 43.967)"
Jun,presence,"c(-68.03303, 42.02732)"
Jun,presence,"c(-70.36775, 42.31274)"
Jun,presence,"c(-69.14273, 41.59404)"
Jun,presence,"c(-68.90478, 43.10778)"
Jun,presence,"c(-68.38734, 42.35533)"
Jun,presence,"c(-69.41024, 41.34289)"
Jun,presence,"c(-69.44, 41.9785)"
Jun,presence,"c(-69.036, 43.4585)"
Jun,presence,"c(-70.65054, 41.17034)"
Jun,presence,"c(-69.26593, 41.54037)"
Jun,presence,"c(-68.71164, 42.17896)"
Jun,presence,"c(-68.87499, 42.36244)"
Jun,presence,"c(-69.07648, 42.24523)"
Jun,presence,"c(-69.59169, 41.72147)"
Jun,presence,"c(-69.37231, 41.4359)"
Jun,presence,"c(-69.1852, 42.55271)"
Jun,presence,"c(-68.15, 43.817)"
Jun,presence,"c(-68.85263, 42.21286)"
Jun,presence,"c(-67.68975, 42.1522)"
Jun,presence,"c(-71.400528, 40.334156)"
Jun,presence,"c(-69.32992, 41.2631)"
Jun,presence,"c(-69.0006, 42.42028)"
Jun,presence,"c(-67.54158, 44.24269)"
Jun,presence,"c(-69.00214, 42.1842)"
Jun,presence,"c(-68.72271, 42.34175)"
Jun,presence,"c(-69.67926, 41.70385)"
Jun,presence,"c(-71.952282, 40.156821)"
Jun,presence,"c(-71.65083, 40.791)"
Jun,presence,"c(-69.93639, 41.90083)"
Jun,presence,"c(-68.133, 43.183)"
Jun,presence,"c(-72.03147, 40.512342)"
Jun,presence,"c(-69.79416, 42.72835)"
Jun,presence,"c(-69.08019, 42.37157)"
Jun,presence,"c(-69.287232, 41.777721)"
Jun,presence,"c(-69.80522, 42.93056)"
Jun,presence,"c(-69.94183, 42.66317)"
Jun,presence,"c(-68.969276, 41.892944)"
Jun,presence,"c(-67.89388, 43.84514)"
Jun,presence,"c(-67.86248, 42.03797)"
Jun,presence,"c(-69.49539, 41.89772)"
Jun,presence,"c(-69.19611, 43.568)"
Jun,presence,"c(-69.09108, 42.83608)"
Jun,presence,"c(-71.976036, 40.140724)"
Jun,presence,"c(-68.89648, 42.18994)"
Jun,presence,"c(-67.54276, 44.08292)"
Jun,presence,"c(-68.56717, 43.12665)"
Jun,presence,"c(-68.40215, 42.18498)"
Jun,presence,"c(-69.50469, 42.75908)"
Jun,presence,"c(-69.95459, 42.96055)"
Jun,presence,"c(-68.15, 42.16767)"
Jun,presence,"c(-70.01371, 42.20729)"
Jun,presence,"c(-70.01357, 42.67909)"
Jun,presence,"c(-72.61105, 39.258132)"
Jun,presence,"c(-67.82755, 43.1908)"
Jun,presence,"c(-66.56183, 42.22999)"
Jun,presence,"c(-69.37507, 41.77928)"
Jun,presence,"c(-68.459778, 41.946873)"
Jun,presence,"c(-70.86552, 41.09051)"
Jun,presence,"c(-70.01971, 42.04868)"
Jun,presence,"c(-71.90775, 40.689)"
Jun,presence,"c(-68.85318, 42.93192)"
Jun,presence,"c(-69.49969, 41.80804)"
Jun,presence,"c(-70.16161, 40.88763)"
Jun,presence,"c(-70.85, 40.617)"
Jun,presence,"c(-69.42725, 42.83969)"
Jun,presence,"c(-69.03578, 42.51081)"
Jun,presence,"c(-67.65279, 42.44948)"
Jun,presence,"c(-69.32078, 41.83878)"
Jun,presence,"c(-69.57648, 43.01691)"
Jun,presence,"c(-69.4174, 41.591)"
Jun,presence,"c(-72.468297, 39.381125)"
Jun,presence,"c(-71.32146, 39.99138)"
Jun,presence,"c(-69.32417, 41.5895)"
Jun,presence,"c(-68.58127, 41.73932)"
Jun,presence,"c(-67.98353, 41.9291)"
Jun,presence,"c(-68.57723, 42.1427)"
Jun,presence,"c(-68.99294, 42.88756)"
Jun,presence,"c(-70.10646, 42.0915)"
Jun,presence,"c(-68.86778, 41.61684)"
Jun,presence,"c(-69.4887, 42.70128)"
Jun,presence,"c(-68.23906, 42.33549)"
Jun,presence,"c(-69.72179, 42.56883)"
Jun,presence,"c(-67.63965, 44.03593)"
Jun,presence,"c(-69.409, 41.7045)"
Jun,presence,"c(-69.76417, 42.33633)"
Jun,presence,"c(-68.49696, 42.26703)"
Jun,presence,"c(-68.85955, 42.59431)"
Jun,presence,"c(-69.21448, 41.21662)"
Jun,presence,"c(-70.45016, 42.63242)"
Jun,presence,"c(-70.30505, 42.92733)"
Jun,presence,"c(-69.57933, 42.79233)"
Jun,presence,"c(-70.40214, 43.02688)"
Jun,presence,"c(-68.43638, 42.33405)"
Jun,presence,"c(-69.20508, 42.75944)"
Jun,presence,"c(-70.01983, 42.95667)"
Jun,presence,"c(-70.12016, 40.71496)"
Jun,presence,"c(-68.58267, 41.92889)"
Jun,presence,"c(-68.71741, 42.46069)"
Jun,presence,"c(-70.31271, 41.90358)"
Jun,presence,"c(-69.13148, 41.96012)"
Jun,presence,"c(-67.54288, 43.14729)"
Jun,presence,"c(-67.77909, 43.26039)"
Jun,presence,"c(-70.73367, 41.44667)"
Jun,presence,"c(-69.43495, 41.61561)"
Jun,presence,"c(-68.29341, 42.40224)"
Jun,presence,"c(-67.58375, 42.60583)"
Jun,presence,"c(-67.90414, 43.06809)"
Jun,presence,"c(-68.94658, 41.37422)"
Jun,presence,"c(-68.69562, 42.40862)"
Jun,presence,"c(-69.63133, 41.83769)"
Jun,presence,"c(-69.038033, 41.776165)"
Jun,presence,"c(-67.63454, 43.17812)"
Jun,presence,"c(-69.30397, 41.4663)"
Jun,presence,"c(-68.4138, 42.38682)"
Jun,presence,"c(-70.18821, 43.2372)"
Jun,presence,"c(-70.49989, 42.22878)"
Jun,presence,"c(-70.5742, 40.7623)"
Jun,presence,"c(-72.829519, 39.229278)"
Jun,presence,"c(-71.017, 40.55)"
Jun,presence,"c(-67.58733, 42.76245)"
Jun,presence,"c(-67.489769, 43.276672)"
Jun,presence,"c(-71.0776, 41.067)"
Jun,presence,"c(-72.594022, 39.247083)"
Jun,presence,"c(-66.31545, 42.37206)"
Jun,presence,"c(-66.80693, 42.35488)"
Jun,presence,"c(-69.27066, 42.05192)"
Jun,presence,"c(-67.92884, 42.86748)"
Jun,presence,"c(-69.01371, 41.44046)"
Jun,presence,"c(-71.231674, 40.01675)"
Jun,presence,"c(-67.73861, 42.41273)"
Jun,presence,"c(-67.91828, 42.735)"
Jun,presence,"c(-69.67883, 41.97317)"
Jun,presence,"c(-71.42653, 41.036)"
Jun,presence,"c(-70.01075, 42.57267)"
Jun,presence,"c(-67.51907, 43.13871)"
Jun,presence,"c(-70.1675, 42.47358)"
Jun,presence,"c(-67.89761, 42.94902)"
Jun,presence,"c(-69.08223, 41.35896)"
Jun,presence,"c(-68.28839, 43.244)"
Jun,presence,"c(-69.717, 43.35)"
Jun,presence,"c(-68.82425, 41.1624)"
Jun,presence,"c(-69.47966, 42.11637)"
Jun,presence,"c(-70.38433, 40.76867)"
Jun,presence,"c(-69.84128, 42.25444)"
Jun,presence,"c(-70.36525, 42.49535)"
Jun,presence,"c(-67.56963, 44.02026)"
Jun,presence,"c(-67.16711, 44.33475)"
Jun,presence,"c(-68.43309, 41.94274)"
Jun,presence,"c(-68.765747, 42.207233)"
Jun,presence,"c(-68.98919, 43.398)"
Jun,presence,"c(-70.38066, 43.0866)"
Jun,presence,"c(-72.77298, 38.902369)"
Jun,presence,"c(-70.15025, 40.91642)"
Jun,presence,"c(-68.49574, 41.96573)"
Jun,presence,"c(-68.92958, 41.72457)"
Jun,presence,"c(-68.77751, 41.75544)"
Jun,presence,"c(-68.29358, 41.95795)"
Jun,presence,"c(-70.49702, 41.13688)"
Jun,presence,"c(-69.88919, 43.123)"
Jun,presence,"c(-68.17432, 43.45451)"
Jun,presence,"c(-67.59933, 42.11067)"
Jun,presence,"c(-72.901418, 38.842681)"
Jun,presence,"c(-68.27715, 42.23333)"
Jun,presence,"c(-69.20429, 42.84555)"
Jun,presence,"c(-68.94349, 42.27607)"
Jun,presence,"c(-68.7314, 42.9954)"
Jun,presence,"c(-69.653, 41.89617)"
Jun,presence,"c(-69.71433, 41.74817)"
Jun,presence,"c(-69.928116, 43.156899)"
Jun,presence,"c(-73.06536, 38.891582)"
Jun,presence,"c(-69.29203, 43.28492)"
Jun,presence,"c(-70.52958, 42.74208)"
Jun,presence,"c(-72.884509, 39.289046)"
Jun,presence,"c(-69.14912, 42.46185)"
Jun,presence,"c(-72.981043, 39.39401)"
Jun,presence,"c(-68.82003, 41.60108)"
Jun,presence,"c(-69.47657, 43.01629)"
Jun,presence,"c(-68.03308, 42.1954)"
Jun,presence,"c(-71.606452, 40.586842)"
Jun,presence,"c(-71.28275, 41.1371)"
Jun,presence,"c(-72.698867, 39.093064)"
Jun,presence,"c(-69.84381, 42.80087)"
Jun,presence,"c(-66.36687, 42.28245)"
Jun,presence,"c(-68.2547, 43.40282)"
Jun,presence,"c(-69.238693, 41.22834)"
Jun,presence,"c(-67.57516, 42.32871)"
Jun,presence,"c(-69.75071, 41.74091)"
Jun,presence,"c(-70.24985, 43.22483)"
Jun,presence,"c(-66.96217, 42.26167)"
Jun,presence,"c(-68.87527, 41.3072)"
Jun,presence,"c(-69.28613, 41.1247)"
Jun,presence,"c(-69.9017, 42.97693)"
Jun,presence,"c(-69.73345, 42.12683)"
Jun,presence,"c(-67.91653, 42.47245)"
Jun,presence,"c(-68.3705, 41.84033)"
Jun,presence,"c(-70.54179, 42.63704)"
Jun,presence,"c(-72.483218, 39.661928)"
Jun,presence,"c(-67.97221, 43.97368)"
Jun,presence,"c(-67.61853, 44.26138)"
Jun,presence,"c(-66.79903, 42.21974)"
Jun,presence,"c(-70.633, 40.45)"
Jun,presence,"c(-69.2366, 42.09187)"
Jun,presence,"c(-67.5067, 42.53513)"
Jun,presence,"c(-69.49164, 41.53735)"
Jun,presence,"c(-69.59461, 43.25667)"
Jun,presence,"c(-69.2706, 43.499)"
Jun,presence,"c(-68.60641, 42.03671)"
Jun,presence,"c(-68.92278, 42.47608)"
Jun,presence,"c(-70.10979, 41.44317)"
Jun,presence,"c(-70.04933, 42.34483)"
Jun,presence,"c(-67.51534, 44.02364)"
Jun,presence,"c(-68.54562, 42.02412)"
Jun,presence,"c(-67.94744, 41.79567)"
Jun,presence,"c(-69.035, 42.11425)"
Jun,presence,"c(-69.66167, 42.57467)"
Jun,presence,"c(-70.30775, 42.75444)"
Jun,presence,"c(-70.39197, 41.13636)"
Jun,presence,"c(-68.51695, 43.07687)"
Jun,presence,"c(-67.81878, 42.10615)"
Jun,presence,"c(-69.10947, 42.44152)"
Jun,presence,"c(-67.33493, 42.24033)"
Jun,presence,"c(-67.58282, 41.46594)"
Jun,presence,"c(-69.90553, 42.56933)"
Jun,presence,"c(-69.52726, 41.67488)"
Jun,presence,"c(-69.38365, 43.04111)"
Jun,presence,"c(-69.59903, 42.86498)"
Jun,presence,"c(-68.06675, 42.07089)"
Jun,presence,"c(-70.917, 40.483)"
Jun,presence,"c(-68.84263, 43.06671)"
Jun,presence,"c(-69.51633, 42.03583)"
Jun,presence,"c(-69.75725, 42.21717)"
Jun,presence,"c(-67.24378, 41.90353)"
Jun,presence,"c(-69.18746, 42.37161)"
Jun,presence,"c(-69.71384, 42.24615)"
Jun,presence,"c(-69.9, 43.483)"
Jun,presence,"c(-68.705566, 40.683579)"
Jun,presence,"c(-69.59704, 41.47108)"
Jun,presence,"c(-69.77378, 41.675)"
Jun,presence,"c(-70.16108, 42.25706)"
Jun,presence,"c(-69.11383, 41.17723)"
Jun,presence,"c(-71.15, 40.583)"
Jun,presence,"c(-68.843, 42.31715)"
Jun,presence,"c(-68.25223, 41.97333)"
Jun,presence,"c(-69.377472, 42.123188)"
Jun,presence,"c(-69.65, 43.617)"
Jun,presence,"c(-69.23425, 42.9595)"
Jun,presence,"c(-69.00032, 40.86139)"
Jun,presence,"c(-68.36928, 42.05114)"
Jun,presence,"c(-68.26262, 42.39991)"
Jun,presence,"c(-69.16216, 41.73642)"
Jun,presence,"c(-71.07146, 41.036)"
Jun,presence,"c(-68.533, 43.45)"
Jun,presence,"c(-67.95924, 42.94881)"
Jun,presence,"c(-68.97142, 42.49958)"
Jun,presence,"c(-68.65455, 42.31007)"
Jun,presence,"c(-69.88596, 42.53252)"
Jun,presence,"c(-69.1381, 42.196)"
Jun,presence,"c(-72.03053, 40.7953)"
Jun,presence,"c(-68.76307, 41.43713)"
Jun,presence,"c(-69.0065, 41.41933)"
Jun,presence,"c(-67.9718, 43.92317)"
Jun,presence,"c(-69.68758, 40.949)"
Jun,presence,"c(-68.13693, 42.45874)"
Jun,presence,"c(-68.392, 43.25675)"
Jun,presence,"c(-67.89447, 43.16859)"
Jun,presence,"c(-69.36813, 42.04512)"
Jun,presence,"c(-68.617, 43.517)"
Jun,presence,"c(-69.3717, 42.60431)"
Jun,presence,"c(-72.1085, 40.133)"
Jun,presence,"c(-67.602989, 42.991673)"
Jun,presence,"c(-68.57503, 43.32294)"
Jun,presence,"c(-67.695694, 42.943173)"
Jun,presence,"c(-69.0472, 41.23197)"
Jun,presence,"c(-68.13551, 43.24318)"
Jun,presence,"c(-69.21535, 41.40842)"
Jun,presence,"c(-69.667, 43.517)"
Jun,presence,"c(-67.49397, 44.19469)"
Jun,presence,"c(-68.66681, 43.23905)"
Jun,presence,"c(-68.26782, 42.2588)"
Jun,presence,"c(-67.47017, 42.19667)"
Jun,presence,"c(-68.66688, 43.09811)"
Jun,presence,"c(-66.37846, 42.25929)"
Jun,presence,"c(-69.17222, 41.3883)"
Jun,presence,"c(-68.06061, 42.22258)"
Jun,presence,"c(-68.82609, 41.71123)"
Jun,presence,"c(-68.75378, 41.43726)"
Jun,presence,"c(-69.15633, 42.7935)"
Jun,presence,"c(-67.64268, 41.89221)"
Jun,presence,"c(-68.046, 42.33067)"
Jun,presence,"c(-69.88487, 41.95368)"
Jun,presence,"c(-69.25155, 41.88911)"
Jun,presence,"c(-69.303993, 41.056259)"
Jun,presence,"c(-68.70454, 41.99451)"
Jun,presence,"c(-68.59293, 41.53067)"
Jun,presence,"c(-67.95428, 43.14845)"
Jun,presence,"c(-68.51804, 41.85038)"
Jun,presence,"c(-68.86104, 41.89038)"
Jun,presence,"c(-67.16334, 42.28553)"
Jun,presence,"c(-69.48773, 42.47702)"
Jun,presence,"c(-68.95881, 41.15499)"
Jun,presence,"c(-68.86017, 42.04783)"
Jun,presence,"c(-68.641922, 41.772583)"
Jun,presence,"c(-68.59528, 42.43373)"
Jun,presence,"c(-68.65575, 42.17899)"
Jun,presence,"c(-68.56647, 41.61391)"
Jun,presence,"c(-70.11356, 42.80695)"
Jun,presence,"c(-68.91319, 41.75014)"
Jun,presence,"c(-70.90458, 40.78896)"
Jun,presence,"c(-68.73384, 43.33081)"
Jun,presence,"c(-67.7605, 42.10117)"
Jun,presence,"c(-67.63303, 42.26597)"
Jun,presence,"c(-68.10766, 43.58867)"
Jun,presence,"c(-67.36933, 41.14033)"
Jun,presence,"c(-69.62959, 41.59184)"
Jun,presence,"c(-69.752983, 43.642475)"
Jun,presence,"c(-69.52159, 41.08915)"
Jun,presence,"c(-72.34575, 40.45183)"
Jun,presence,"c(-68.633102, 42.443077)"
Jun,presence,"c(-71.167, 40.867)"
Jun,presence,"c(-69.1739, 41.42639)"
Jun,presence,"c(-70.02158, 40.78283)"
Jun,presence,"c(-72.736984, 39.135143)"
Jun,presence,"c(-69.21455, 43.12634)"
Jun,presence,"c(-66.47997, 42.36508)"
Jun,presence,"c(-70.90992, 41.14878)"
Jun,presence,"c(-69.18813, 41.12803)"
Jun,presence,"c(-69.55371, 41.49096)"
Jun,presence,"c(-67.8579, 41.79493)"
Jun,presence,"c(-68.84254, 42.02791)"
Jun,presence,"c(-67.58833, 42.19167)"
Jun,presence,"c(-69.04914, 41.84612)"
Jun,presence,"c(-68.98312, 42.68267)"
Jun,presence,"c(-69.12135, 42.36889)"
Jun,presence,"c(-70.08844, 41.06829)"
Jun,presence,"c(-67.7725, 42.20117)"
Jun,presence,"c(-69.69628, 42.18605)"
Jun,presence,"c(-70.42456, 41.87192)"
Jun,presence,"c(-68.97358, 41.822)"
Jun,presence,"c(-70.95, 40.7)"
Jun,presence,"c(-68.52824, 42.10045)"
Jun,presence,"c(-68.59304, 43.2575)"
Jun,presence,"c(-68.72681, 41.87852)"
Jun,presence,"c(-70.06799, 42.91368)"
Jun,presence,"c(-68.11531, 42.02757)"
Jun,presence,"c(-68.1851, 43.102)"
Jun,presence,"c(-68.017891, 43.703022)"
Jun,presence,"c(-68.42875, 42.46083)"
Jun,presence,"c(-68.92624, 42.76684)"
Jun,presence,"c(-69.55054, 41.75962)"
Jun,presence,"c(-69.98538, 42.24199)"
Jun,presence,"c(-69.9589, 42.56983)"
Jun,presence,"c(-66.99579, 40.95629)"
Jun,presence,"c(-69.646, 42.23419)"
Jun,presence,"c(-68.77757, 42.09188)"
Jun,presence,"c(-68.32505, 42.48025)"
Jun,presence,"c(-69.08978, 43.06311)"
Jun,presence,"c(-67.561, 44.12877)"
Jun,presence,"c(-70.15466, 42.95567)"
Jun,presence,"c(-68.94046, 42.11835)"
Jun,presence,"c(-70.28072, 43.1575)"
Jun,presence,"c(-69.20681, 41.35577)"
Jun,presence,"c(-68.19118, 42.11897)"
Jun,presence,"c(-68, 43.583)"
Jun,presence,"c(-69.52165, 41.88623)"
Jun,presence,"c(-69.140663, 43.64473)"
Jun,presence,"c(-67.86497, 43.91553)"
Jun,presence,"c(-68.66941, 41.38233)"
Jun,presence,"c(-70.152222, 43.335812)"
Jun,presence,"c(-67.72825, 42.60959)"
Jun,presence,"c(-70.02439, 43.45189)"
Jun,presence,"c(-70.03684, 42.79229)"
Jun,presence,"c(-73.029652, 38.885324)"
Jun,presence,"c(-70.71633, 41.08371)"
Jun,presence,"c(-69.54626, 42.90857)"
Jun,presence,"c(-68.43308, 42.0041)"
Jun,presence,"c(-68.26668, 43.30161)"
Jun,presence,"c(-67.98945, 43.09647)"
Jun,presence,"c(-70.09013, 40.815)"
Jun,presence,"c(-71.980923, 40.180933)"
Jun,presence,"c(-69.58864, 42.00236)"
Jun,presence,"c(-67.63298, 42.29429)"
Jun,presence,"c(-69.12392, 42.1285)"
Jun,presence,"c(-69.32258, 42.79367)"
Jun,presence,"c(-68.404205, 43.775108)"
Jun,presence,"c(-69.51072, 42.18317)"
Jun,presence,"c(-68.726914, 41.773083)"
Jun,presence,"c(-68.46567, 42.41833)"
Jun,presence,"c(-69.48998, 41.13991)"
Jun,presence,"c(-70.05682, 41.14036)"
Jun,presence,"c(-70.216, 41.90421)"
Jun,presence,"c(-68.62031, 41.53921)"
Jun,presence,"c(-68.39195, 42.24818)"
Jun,presence,"c(-72.5263, 39.166576)"
Jun,presence,"c(-69.54034, 41.23917)"
Jun,presence,"c(-67.75877, 44.00737)"
Jun,presence,"c(-72.530029, 39.177734)"
Jun,presence,"c(-67.32855, 42.41348)"
Jun,presence,"c(-69.50225, 42.75033)"
Jun,presence,"c(-70.30403, 41.05259)"
Jun,presence,"c(-70.71005, 41.23518)"
Jun,presence,"c(-72.594668, 39.514822)"
Jun,presence,"c(-69.25746, 41.33403)"
Jun,presence,"c(-70.11634, 42.38983)"
Jun,presence,"c(-69.9213, 42.04)"
Jun,presence,"c(-69.49047, 41.65428)"
Jun,presence,"c(-68.80083, 42.21718)"
Jun,presence,"c(-68.99531, 41.28127)"
Jun,presence,"c(-69.53228, 41.59653)"
Jun,presence,"c(-69.57358, 42.50075)"
Jun,presence,"c(-72.24967, 40.61842)"
Jun,presence,"c(-70.15755, 42.64603)"
Jun,presence,"c(-68.47019, 41.52141)"
Jun,presence,"c(-69.80517, 42.01858)"
Jun,presence,"c(-69.01148, 42.197)"
Jun,presence,"c(-68.317, 43.033)"
Jun,presence,"c(-67.89461, 44.0147)"
Jun,presence,"c(-70.48228, 42.38394)"
Jun,presence,"c(-68.73196, 43.19328)"
Jun,presence,"c(-69.8433, 42.3208)"
Jun,presence,"c(-69.78676, 41.93803)"
Jun,presence,"c(-68.8939, 42.40766)"
Jun,presence,"c(-69.36828, 42.62987)"
Jun,presence,"c(-69.55517, 42.566)"
Jun,presence,"c(-68.15998, 42.2425)"
Jun,presence,"c(-67.950249, 42.073792)"
Jun,presence,"c(-67.97108, 43.32263)"
Jun,presence,"c(-67.486778, 43.052509)"
Jun,presence,"c(-69.28837, 42.90449)"
Jun,presence,"c(-66.8464, 44.942933)"
Jun,presence,"c(-66.17238, 41.74913)"
Jun,presence,"c(-69.12615, 42.76595)"
Jun,presence,"c(-69.25535, 42.9407)"
Jun,presence,"c(-67.48568, 42.02895)"
Jun,presence,"c(-67.83587, 42.44558)"
Jun,presence,"c(-67.91734, 43.22827)"
Jun,presence,"c(-68.69367, 41.95817)"
Jun,presence,"c(-68.88273, 41.16447)"
Jun,presence,"c(-69.07917, 43.02486)"
Jun,presence,"c(-70.75, 40.733)"
Jun,presence,"c(-70.10329, 42.78222)"
Jun,presence,"c(-69.39677, 41.82355)"
Jun,presence,"c(-69.35419, 43.02621)"
Jun,presence,"c(-71.19917, 40.95879)"
Jun,presence,"c(-70.16389, 42.18819)"
Jun,presence,"c(-68.50657, 42.16435)"
Jun,presence,"c(-69.206406, 41.777458)"
Jun,presence,"c(-68.829216, 41.92012)"
Jun,presence,"c(-69.510002, 43.611069)"
Jun,presence,"c(-69.84152, 42.17449)"
Jun,presence,"c(-67.93343, 42.24582)"
Jun,presence,"c(-70.36897, 42.41504)"
Jun,presence,"c(-69.633, 42.7)"
Jun,presence,"c(-69.84423, 42.08913)"
Jun,presence,"c(-68.49278, 43.24542)"
Jun,presence,"c(-67.29916, 44.2117)"
Jun,presence,"c(-69.10307, 43.10583)"
Jun,presence,"c(-69.03575, 42.87025)"
Jun,presence,"c(-66.1338, 42.2808)"
Jun,presence,"c(-70.43517, 40.80352)"
Jun,presence,"c(-68.65916, 41.9)"
Jun,presence,"c(-68.1, 43.85)"
Jun,presence,"c(-67.93313, 42.06683)"
Jun,presence,"c(-69.6008, 42.74501)"
Jun,presence,"c(-69.28215, 42.37943)"
Jun,presence,"c(-69.81912, 40.90237)"
Jun,presence,"c(-71.083, 40.517)"
Jun,presence,"c(-69.83473, 42.011)"
Jun,presence,"c(-66.66028, 42.38765)"
Jun,presence,"c(-69.14427, 42.70053)"
Jun,presence,"c(-70.78257, 41.12117)"
Jun,presence,"c(-67.985367, 42.014076)"
Jun,presence,"c(-69.604012, 43.528835)"
Jun,presence,"c(-70.527, 42.34106)"
Jun,presence,"c(-68.29333, 41.522)"
Jun,presence,"c(-68.833, 43.4)"
Jun,presence,"c(-72.567468, 39.485602)"
Jun,presence,"c(-67.82577, 44.00631)"
Jun,presence,"c(-69.52176, 41.44894)"
Jun,presence,"c(-69.53467, 41.1528)"
Jun,presence,"c(-69.19865, 42.4179)"
Jun,presence,"c(-70.8726, 41.3583)"
Jun,presence,"c(-70.4417, 40.46895)"
Jun,presence,"c(-68.33424, 43.56941)"
Jun,presence,"c(-69.28078, 43.03072)"
Jun,presence,"c(-69.35099, 42.22297)"
Jun,presence,"c(-69.77334, 43.18489)"
Jun,presence,"c(-70.03864, 43.12233)"
Jun,presence,"c(-68.26661, 43.52321)"
Jun,presence,"c(-69.521, 43.519)"
Jun,presence,"c(-67.85161, 43.45189)"
Jun,presence,"c(-72.952139, 39.638039)"
Jun,presence,"c(-68.435959, 42.54974)"
Jun,presence,"c(-67.50953, 44.00991)"
Jun,presence,"c(-70.49547, 42.15281)"
Jun,presence,"c(-69.40185, 41.48158)"
Jun,presence,"c(-69.36596, 42.83317)"
Jun,presence,"c(-67.40051, 41.50961)"
Jun,presence,"c(-71.29593, 40.13141)"
Jun,presence,"c(-69.23754, 40.09837)"
Jun,presence,"c(-68.9715, 41.6684)"
Jun,presence,"c(-70.73083, 41.00532)"
Jun,presence,"c(-70.12288, 42.57242)"
Jun,presence,"c(-67.2461, 43.97802)"
Jun,presence,"c(-68.083, 43.133)"
Jun,presence,"c(-70.13807, 43.08873)"
Jun,presence,"c(-70.09402, 41.05581)"
Jun,presence,"c(-68.932, 43.0974)"
Jun,presence,"c(-68.64677, 42.74479)"
Jun,presence,"c(-67.06217, 41.85243)"
Jun,presence,"c(-69.48442, 42.91651)"
Jun,presence,"c(-68.03311, 41.95116)"
Jun,presence,"c(-68.5337, 43.44197)"
Jun,presence,"c(-70.82319, 40.80552)"
Jun,presence,"c(-68.89893, 42.86543)"
Jun,presence,"c(-69.7886, 41.8251)"
Jun,presence,"c(-72.685235, 39.074053)"
Jun,presence,"c(-68.90446, 43.319)"
Jun,presence,"c(-67.70786, 43.23039)"
Jun,presence,"c(-72.823583, 38.946124)"
Jun,presence,"c(-67.50312, 43.287396)"
Jun,presence,"c(-69.089218, 41.616131)"
Jun,presence,"c(-68.63656, 41.71579)"
Jun,presence,"c(-70.547096, 40.614021)"
Jun,presence,"c(-71.02375, 41.02742)"
Jun,presence,"c(-68.6145, 42.46183)"
Jun,presence,"c(-66.90731, 42.39029)"
Jun,presence,"c(-69.93896, 43.29554)"
Jun,presence,"c(-67.77692, 42.80825)"
Jun,presence,"c(-70.33902, 40.47568)"
Jun,presence,"c(-67.85, 43.667)"
Jun,presence,"c(-68.726, 42.1188)"
Jun,presence,"c(-70.08002, 42.334)"
Jun,presence,"c(-69.27917, 41.20016)"
Jun,presence,"c(-67.33137, 42.15893)"
Jun,presence,"c(-68.87462, 41.82999)"
Jun,presence,"c(-69.45325, 42.575)"
Jun,presence,"c(-72.12228, 40.80367)"
Jun,presence,"c(-69.91638, 43.04588)"
Jun,presence,"c(-67.96821, 42.72449)"
Jun,presence,"c(-70.867, 40.433)"
Jun,presence,"c(-68.39496, 41.63084)"
Jun,presence,"c(-67.79395, 41.98492)"
Jun,presence,"c(-68.69411, 42.28996)"
Jun,presence,"c(-70.73217, 42.864)"
Jun,presence,"c(-68.6668, 43.28238)"
Jun,presence,"c(-68.93024, 41.57103)"
Jun,presence,"c(-69.28469, 42.21757)"
Jun,presence,"c(-68.481575, 40.731796)"
Jun,presence,"c(-68.24725, 41.91917)"
Jun,presence,"c(-73.181495, 38.927176)"
Jun,presence,"c(-69.70855, 42.74677)"
Jun,presence,"c(-69.62772, 42.46233)"
Jun,presence,"c(-69.37054, 42.531)"
Jun,presence,"c(-70.36678, 41.96555)"
Jun,presence,"c(-68.2245, 41.57883)"
Jun,presence,"c(-71.79205, 40.919)"
Jun,presence,"c(-69.833, 43.267)"
Jun,presence,"c(-67.77316, 44.12795)"
Jun,presence,"c(-68.2666, 43.53119)"
Jun,presence,"c(-69.43304, 41.79161)"
Jun,presence,"c(-71.9218, 39.62566)"
Jun,presence,"c(-67.51202, 41.90258)"
Jun,presence,"c(-67.007835, 41.379559)"
Jun,presence,"c(-69.183, 42.233)"
Jun,presence,"c(-67.81473, 42.24018)"
Jun,presence,"c(-68.07082, 41.84883)"
Jun,presence,"c(-68.54969, 41.144424)"
Jun,presence,"c(-70.18505, 43.07694)"
Jun,presence,"c(-68.84764, 42.68858)"
Jun,presence,"c(-68.25558, 42.20628)"
Jun,presence,"c(-70.11317, 42.003)"
Jun,presence,"c(-69.19973, 42.18154)"
Jun,presence,"c(-70.17033, 41.126)"
Jun,presence,"c(-69.35441, 42.39061)"
Jun,presence,"c(-67.98565, 42.2346)"
Jun,presence,"c(-68.7755, 42.92367)"
Jun,presence,"c(-71.683649, 39.860065)"
Jun,presence,"c(-70.14808, 42.47621)"
Jun,presence,"c(-71.293318, 40.515631)"
Jun,presence,"c(-69.22984, 42.46233)"
Jun,presence,"c(-68.32181, 41.7733)"
Jun,presence,"c(-68.06748, 43.61098)"
Jun,presence,"c(-72.228197, 39.395598)"
Jun,presence,"c(-69.80011, 42.65417)"
Jun,presence,"c(-69.65195, 42.33126)"
Jun,presence,"c(-69.517, 43.717)"
Jun,presence,"c(-68.72134, 43.27467)"
Jun,presence,"c(-69.59171, 42.89018)"
Jun,presence,"c(-68.80949, 43.26536)"
Jun,presence,"c(-69.35978, 41.26589)"
Jun,presence,"c(-69.91581, 42.19425)"
Jun,presence,"c(-69.19222, 41.97299)"
Jun,presence,"c(-70.34968, 40.32146)"
Jun,presence,"c(-68.80889, 41.8325)"
Jun,presence,"c(-72.343044, 39.233066)"
Jun,presence,"c(-70.19077, 42.86757)"
Jun,presence,"c(-72.054777, 40.535586)"
Jun,presence,"c(-72.456127, 39.356364)"
Jun,presence,"c(-67.82762, 41.84911)"
Jun,presence,"c(-70.49824, 40.46582)"
Jun,presence,"c(-69.35988, 41.13932)"
Jun,presence,"c(-69.5844, 43.24006)"
Jun,presence,"c(-69.09005, 41.026901)"
Jun,presence,"c(-72.21607, 40.80116)"
Jun,presence,"c(-71.16206, 41.02166)"
Jun,presence,"c(-68.13994, 43.67283)"
Jun,presence,"c(-67.233, 42.433)"
Jun,presence,"c(-67.6149, 42.05076)"
Jun,presence,"c(-70.34953, 41.89292)"
Jun,presence,"c(-70.74615, 41.15766)"
Jun,presence,"c(-67.64261, 42.65245)"
Jun,presence,"c(-68.86613, 41.48476)"
Jun,presence,"c(-69.62294, 41.126)"
Jun,presence,"c(-67.36613, 44.23457)"
Jun,presence,"c(-72.647774, 39.31011)"
Jun,presence,"c(-69.16883, 41.13438)"
Jun,presence,"c(-69.185158, 41.852554)"
Jun,presence,"c(-69.617, 40.65)"
Jun,presence,"c(-70.30111, 41.15925)"
Jun,presence,"c(-68.36882, 43.9063)"
Jun,presence,"c(-67.4624, 42.24239)"
Jun,presence,"c(-68.11023, 41.881)"
Jun,presence,"c(-70.54773, 42.96318)"
Jun,presence,"c(-69.04632, 41.97732)"
Jun,presence,"c(-68.03139, 41.677)"
Jun,presence,"c(-67.8706, 42.45721)"
Jun,presence,"c(-69.64759, 41.46886)"
Jun,presence,"c(-71.80618, 40.25218)"
Jun,presence,"c(-70.296822, 43.447964)"
Jun,presence,"c(-71.545, 40.79355)"
Jun,presence,"c(-69.74247, 42.50437)"
Jun,presence,"c(-66.44265, 42.29807)"
Jun,presence,"c(-68.61833, 41.41233)"
Jun,presence,"c(-67.36778, 42.22008)"
Jun,presence,"c(-70.09791, 42.93249)"
Jun,presence,"c(-69.55271, 41.322)"
Jun,presence,"c(-69.51503, 42.29014)"
Jun,presence,"c(-68.73201, 43.06733)"
Jun,presence,"c(-70.25167, 41.8795)"
Jun,presence,"c(-68.67008, 42.98372)"
Jun,presence,"c(-67.43677, 43.83065)"
Jun,presence,"c(-66.48138, 42.27161)"
Jun,presence,"c(-71.33933, 40.80622)"
Jun,presence,"c(-68.16613, 42.12349)"
Jun,presence,"c(-71.55787, 39.53027)"
Jun,presence,"c(-66.77087, 42.27166)"
Jun,presence,"c(-67.7, 43.567)"
Jun,presence,"c(-69.85219, 41.76512)"
Jun,presence,"c(-70.3135, 42.84233)"
Jun,presence,"c(-67.34035, 43.97325)"
Jun,presence,"c(-70.44768, 43.18114)"
Jun,presence,"c(-68.48417, 42.79067)"
Jun,presence,"c(-71.033, 40.567)"
Jun,presence,"c(-70.6565, 42.78261)"
Jun,presence,"c(-72.718482, 39.652866)"
Jun,presence,"c(-70.39858, 42.25702)"
Jun,presence,"c(-70.38132, 41.24398)"
Jun,presence,"c(-68.34377, 41.63341)"
Jun,presence,"c(-71.386925, 40.344705)"
Jun,presence,"c(-69.833, 43.533)"
Jun,presence,"c(-69.377747, 43.352741)"
Jun,presence,"c(-69.1484, 42.016)"
Jun,presence,"c(-70.28265, 43.05264)"
Jun,presence,"c(-72.100336, 40.314739)"
Jun,presence,"c(-69.70044, 42.33793)"
Jun,presence,"c(-67.20776, 42.26653)"
Jun,presence,"c(-68.51822, 41.71133)"
Jun,presence,"c(-69.21647, 41.71263)"
Jun,presence,"c(-72.907014, 39.037711)"
Jun,presence,"c(-69.03206, 41.10037)"
Jun,presence,"c(-72.044212, 40.248882)"
Jun,presence,"c(-67.07247, 42.35071)"
Jun,presence,"c(-70.03302, 40.25042)"
Jun,presence,"c(-66.63295, 42.22093)"
Jun,presence,"c(-67.2384, 44.20838)"
Jun,presence,"c(-68.26572, 41.64669)"
Jun,presence,"c(-73.10293, 40.096)"
Jun,presence,"c(-69.88983, 42.87103)"
Jun,presence,"c(-69.833, 41.81)"
Jun,presence,"c(-69.417, 43.75)"
Jun,presence,"c(-67.63241, 42.97776)"
Jun,presence,"c(-68.27715, 41.97943)"
Jun,presence,"c(-69.5, 43.517)"
Jun,presence,"c(-68.8202, 41.48477)"
Jun,presence,"c(-69.8, 43.4)"
Jun,presence,"c(-68.59892, 41.83)"
Jun,presence,"c(-66.633, 41.467)"
Jun,presence,"c(-70.25511, 42.62126)"
Jun,presence,"c(-69.53183, 41.88066)"
Jun,presence,"c(-68.52717, 42.79317)"
Jun,presence,"c(-71.574874, 40.289002)"
Jun,presence,"c(-68.444031, 43.787106)"
Jun,presence,"c(-70.21718, 40.80174)"
Jun,presence,"c(-69.73183, 41.81667)"
Jun,presence,"c(-68.43449, 41.65205)"
Jun,presence,"c(-67.16798, 44.20012)"
Jun,presence,"c(-68.39897, 43.49495)"
Jun,presence,"c(-69.93233, 42.46067)"
Jun,presence,"c(-68.26853, 40.02577)"
Jun,presence,"c(-67.69981, 41.99367)"
Jun,presence,"c(-67.767, 43.317)"
Jun,presence,"c(-69.11113, 42.95946)"
Jun,presence,"c(-71.09513, 40.971)"
Jun,presence,"c(-70.05692, 42.46663)"
Jun,presence,"c(-70.34902, 43.2023)"
Jun,presence,"c(-71.46939, 40.79336)"
Jun,presence,"c(-68.2559, 41.86662)"
Jun,presence,"c(-69.25858, 42.32296)"
Jun,presence,"c(-72.601321, 38.979341)"
Jun,presence,"c(-72.455248, 39.087829)"
Jun,presence,"c(-66.8713, 42.15274)"
Jun,presence,"c(-70.767, 40.55)"
Jun,presence,"c(-68.62967, 41.56613)"
Jun,presence,"c(-70.3715, 43.11817)"
Jun,presence,"c(-69.61228, 41.156)"
Jun,presence,"c(-68.17712, 41.60654)"
Jun,presence,"c(-69.96643, 42.42088)"
Jun,presence,"c(-69.641, 43.13844)"
Jun,presence,"c(-68.7608, 41.3829)"
Jun,presence,"c(-67.867, 43.383)"
Jun,presence,"c(-68.45, 43.133)"
Jun,presence,"c(-70.20655, 42.32421)"
Jun,presence,"c(-69.54554, 42.69635)"
Jun,presence,"c(-70.9, 40.667)"
Jun,presence,"c(-67.003815, 41.391346)"
Jun,presence,"c(-68.48975, 42.46133)"
Jun,presence,"c(-69.05431, 42.66672)"
Jun,presence,"c(-68.98221, 41.99348)"
Jun,presence,"c(-71.472154, 39.896155)"
Jun,presence,"c(-68.26982, 42.34541)"
Jun,presence,"c(-72.512062, 39.871597)"
Jun,presence,"c(-67.85, 43.35)"
Jun,presence,"c(-68.33371, 43.32313)"
Jun,presence,"c(-68.82767, 41.30095)"
Jun,presence,"c(-70.00794, 43.04037)"
Jun,presence,"c(-71.9899, 40.465006)"
Jun,presence,"c(-68.52625, 43.564)"
Jun,presence,"c(-68.36655, 43.41564)"
Jun,presence,"c(-69.449883, 40.674)"
Jun,presence,"c(-67.7253, 43.02502)"
Jun,presence,"c(-72.843184, 39.51214)"
Jun,presence,"c(-70.546, 42.86767)"
Jun,presence,"c(-69.97454, 42.774)"
Jun,presence,"c(-69.31773, 42.46333)"
Jun,presence,"c(-68.33346, 43.45192)"
Jun,presence,"c(-69.48534, 43.04779)"
Jun,presence,"c(-71.6, 41.017)"
Jun,presence,"c(-70.8, 40.583)"
Jun,presence,"c(-68.58477, 43.644)"
Jun,presence,"c(-69.817, 43.55)"
Jun,presence,"c(-71.25992, 40.479158)"
Jun,presence,"c(-72.445976, 39.755032)"
Jun,presence,"c(-71.811432, 40.27562)"
Jun,presence,"c(-68.90883, 41.69963)"
Jun,presence,"c(-67.56113, 42.47998)"
Jun,presence,"c(-69.12935, 41.84805)"
Jun,presence,"c(-68.44902, 41.438778)"
Jun,presence,"c(-69.0955, 43.1585)"
Jun,presence,"c(-71.45872, 40.95383)"
Jun,presence,"c(-71.835441, 40.02841)"
Jun,presence,"c(-70.233, 42.033)"
Jun,presence,"c(-67.67811, 43.23883)"
Jun,presence,"c(-70.17856, 42.45046)"
Jun,presence,"c(-73.116981, 38.995346)"
Jun,presence,"c(-70.04559, 42.21963)"
Jun,presence,"c(-68.245064, 42.651962)"
Jun,presence,"c(-67.59625, 42.66783)"
Jun,presence,"c(-69.40728, 42.76806)"
Jun,presence,"c(-70.16229, 42.2287)"
Jun,presence,"c(-69.49371, 42.16326)"
Jun,presence,"c(-68.46108, 43.59033)"
Jun,presence,"c(-70.34428, 40.00848)"
Jun,presence,"c(-68.7558, 41.22127)"
Jun,presence,"c(-70.22626, 42.87433)"
Jun,presence,"c(-69.533, 43.433)"
Jun,presence,"c(-72.705515, 39.358476)"
Jun,presence,"c(-69.449326, 43.407646)"
Jun,presence,"c(-67.76137, 41.90872)"
Jun,presence,"c(-72.304042, 39.476149)"
Jun,presence,"c(-68.763046, 42.569763)"
Jun,presence,"c(-67.5231, 42.89286)"
Jun,presence,"c(-68.88387, 41.24815)"
Jun,presence,"c(-71.88973, 40.739)"
Jun,presence,"c(-71.355521, 40.31067)"
Jun,presence,"c(-67.54915, 42.24156)"
Jun,presence,"c(-70.4755, 42.72167)"
Jun,presence,"c(-69.880508, 41.544136)"
Jun,presence,"c(-69.00963, 42.77523)"
Jun,presence,"c(-72.568932, 39.763285)"
Jun,presence,"c(-70.483, 41.133)"
Jun,presence,"c(-68.99989, 42.86263)"
Jun,presence,"c(-69.35617, 41.05811)"
Jun,presence,"c(-67.99905, 42.1764)"
Jun,presence,"c(-72.26115, 40.8015)"
Jun,presence,"c(-68.59952, 42.565)"
Jun,presence,"c(-66.667, 40.86231)"
Jun,presence,"c(-67.76568, 44.02183)"
Jun,presence,"c(-72.38526, 40.4675)"
Jun,presence,"c(-70.83311, 41.20894)"
Jun,presence,"c(-67.02432, 41.89624)"
Jun,presence,"c(-66.446, 42.39342)"
Jun,presence,"c(-70.17947, 43.13277)"
Jun,presence,"c(-69.41905, 41.93033)"
Jun,presence,"c(-71.45418, 40.428717)"
Jun,presence,"c(-69.131, 40.22684)"
Jun,presence,"c(-69.15352, 43.336)"
Jun,presence,"c(-67.23202, 41.4746)"
Jun,presence,"c(-70.19534, 41.201)"
Jun,presence,"c(-67.336197, 40.404591)"
Jun,presence,"c(-68.674, 43.60767)"
Jun,presence,"c(-69.27974, 41.90195)"
Jun,presence,"c(-67.80117, 42.17533)"
Jun,presence,"c(-70.34039, 40.94054)"
Jun,presence,"c(-69.27011, 42.01572)"
Jun,presence,"c(-69.14832, 41.64825)"
Jun,presence,"c(-69.44988, 40.95576)"
Jun,presence,"c(-70.76317, 40.907)"
Jun,presence,"c(-69.88388, 42.6235)"
Jun,presence,"c(-68.43401, 43.44)"
Jun,presence,"c(-67.90412, 42.95319)"
Jun,presence,"c(-71.79317, 40.78933)"
Jun,presence,"c(-72.941539, 39.34907)"
Jun,presence,"c(-68.59061, 42.36148)"
Jun,presence,"c(-72.670156, 39.60441)"
Jun,presence,"c(-68.765038, 43.81704)"
Jun,presence,"c(-71.536316, 39.774189)"
Jun,presence,"c(-68.39072, 41.7638)"
Jun,presence,"c(-66.65391, 42.31637)"
Jun,presence,"c(-70.4457, 42.23088)"
Jun,presence,"c(-69.45483, 42.43957)"
Jun,presence,"c(-70.08969, 40.56693)"
Jun,presence,"c(-70.84076, 41.25262)"
Jun,presence,"c(-71.09842, 40.04112)"
Jun,presence,"c(-67.41896, 42.20903)"
Jun,presence,"c(-68.43875, 41.55392)"
Jun,presence,"c(-69.18122, 43.25722)"
Jun,presence,"c(-68.79185, 41.31954)"
Jun,presence,"c(-67.462776, 42.085564)"
Jun,presence,"c(-68.267, 43.267)"
Jun,presence,"c(-69.46754, 41.22132)"
Jun,presence,"c(-69.95983, 42.12561)"
Jun,presence,"c(-69.81095, 41.55)"
Jun,presence,"c(-71.06503, 41.13982)"
Jun,presence,"c(-70.41162, 43.111)"
Jun,presence,"c(-67.94105, 42.48018)"
Jun,presence,"c(-67.16724, 44.36293)"
Jun,presence,"c(-69.76917, 42.461)"
Jun,presence,"c(-68.50736, 43.06549)"
Jun,presence,"c(-68.394, 41.55265)"
Jun,presence,"c(-68.65102, 42.12715)"
Jun,presence,"c(-69.4685, 42.346)"
Jun,presence,"c(-67.70068, 42.32925)"
Jun,presence,"c(-69.57205, 42.10035)"
Jun,presence,"c(-66.881569, 41.747223)"
Jun,presence,"c(-67.29994, 42.12363)"
Jun,presence,"c(-72.284026, 39.446214)"
Jun,presence,"c(-67.36936, 43.90568)"
Jun,presence,"c(-72.79752, 38.918831)"
Jun,presence,"c(-69.658226, 40.104515)"
Jun,presence,"c(-70.26617, 41.97017)"
Jun,presence,"c(-69.73273, 41.52)"
Jun,presence,"c(-69.31214, 41.65535)"
Jun,presence,"c(-69.66445, 42.9912)"
Jun,presence,"c(-72.49483, 40.64627)"
Jun,presence,"c(-68.80203, 40.17979)"
Jun,presence,"c(-70.26808, 42.69883)"
Jun,presence,"c(-70.75747, 40.4565)"
Jun,presence,"c(-68.77937, 43.32949)"
Jun,presence,"c(-69.68945, 43.125)"
Jun,presence,"c(-70.52922, 42.60347)"
Jun,presence,"c(-69.3675, 42.14717)"
Jun,presence,"c(-69.08261, 42.5775)"
Jun,presence,"c(-71.900066, 40.100436)"
Jun,presence,"c(-67.6009, 41.2426)"
Jun,presence,"c(-70.59509, 42.32098)"
Jun,presence,"c(-70.4555, 41.25817)"
Jun,presence,"c(-69.75522, 42.047)"
Jun,presence,"c(-67.3619, 42.35558)"
Jun,presence,"c(-71.34563, 41.06007)"
Jun,presence,"c(-69.49104, 42.27531)"
Jun,presence,"c(-67.59119, 43.78453)"
Jun,presence,"c(-66.46875, 42.15652)"
Jun,presence,"c(-70.0174, 43.44)"
Jun,presence,"c(-69.72447, 43.273)"
Jun,presence,"c(-68.58611, 42.22908)"
Jun,presence,"c(-70.65458, 42.45333)"
Jun,presence,"c(-69.13013, 42.22204)"
Jun,presence,"c(-70.6779, 40.68)"
Jun,presence,"c(-69.38833, 43.45617)"
Jun,presence,"c(-73.567, 40.183)"
Jun,presence,"c(-73.13243, 40.096)"
Jun,presence,"c(-70.50506, 41.05475)"
Jun,presence,"c(-73.008881, 39.146478)"
Jun,presence,"c(-70.117, 43.383)"
Jun,presence,"c(-72.386845, 39.289374)"
Jun,presence,"c(-71.79082, 40.508481)"
Jun,presence,"c(-68.74764, 41.24829)"
Jun,presence,"c(-72.537415, 39.453342)"
Jun,presence,"c(-70.22643, 42.96679)"
Jun,presence,"c(-68.78877, 40.86243)"
Jun,presence,"c(-69.87214, 41.62994)"
Jun,presence,"c(-67.49852, 44.15179)"
Jun,presence,"c(-66.54069, 42.38912)"
Jun,presence,"c(-67.36647, 44.15618)"
Jun,presence,"c(-67.36487, 44.35078)"
Jun,presence,"c(-68.44003, 43.449)"
Jun,presence,"c(-70.24692, 42.9615)"
Jun,presence,"c(-69.9, 43.367)"
Jun,presence,"c(-69.98947, 40.85653)"
Jun,presence,"c(-70.44535, 39.79731)"
Jun,presence,"c(-68.72533, 41.57867)"
Jun,presence,"c(-70.16368, 43.44941)"
Jun,presence,"c(-71.212172, 40.424928)"
Jun,presence,"c(-69.183, 43.733)"
Jun,presence,"c(-66.841896, 42.167515)"
Jun,presence,"c(-70.94247, 41.13882)"
Jun,presence,"c(-71.739492, 40.719293)"
Jun,presence,"c(-69.30817, 40.88388)"
Jun,presence,"c(-68.65158, 42.79183)"
Jun,presence,"c(-66.58574, 40.92873)"
Jun,presence,"c(-71.33807, 39.90716)"
Jun,presence,"c(-71.1, 40.45)"
Jun,presence,"c(-66.09367, 42.59767)"
Jun,presence,"c(-68.63186, 43.18911)"
Jun,background,"c(-69.2977530700264, 41.5121381860992)"
Jun,background,"c(-69.4622806185367, 43.1574136712022)"
Jun,background,"c(-68.8041704244955, 41.9234570573749)"
Jun,background,"c(-72.5883040402324, 39.4555438297204)"
Jun,background,"c(-68.6396428759852, 41.5121381860992)"
Jun,background,"c(-70.6139734581088, 42.3347759286507)"
Jun,background,"c(-68.1460602304543, 43.6509963167331)"
Jun,background,"c(-69.5445443927918, 43.4042049939677)"
Jun,background,"c(-69.9558632640676, 42.4170397029058)"
Jun,background,"c(-68.9686979730058, 43.1574136712022)"
Jun,background,"c(-69.4622806185367, 41.5121381860992)"
Jun,background,"c(-68.9686979730058, 41.1830830890786)"
Jun,background,"c(-69.5445443927918, 43.6509963167331)"
Jun,background,"c(-69.0509617472609, 41.8411932831198)"
Jun,background,"c(-67.8170051334337, 43.1574136712022)"
Jun,background,"c(-69.1332255215161, 41.6766657346095)"
Jun,background,"c(-67.4056862621579, 44.144578962264)"
Jun,background,"c(-72.341512717467, 39.3732800554653)"
Jun,background,"c(-69.1332255215161, 42.5815672514161)"
Jun,background,"c(-67.8170051334337, 42.7460947999264)"
Jun,background,"c(-68.1460602304543, 43.8155238652434)"
Jun,background,"c(-72.2592489432118, 39.4555438297204)"
Jun,background,"c(-69.2154892957712, 41.3476106375889)"
Jun,background,"c(-68.2283240047094, 41.6766657346095)"
Jun,background,"c(-69.4622806185367, 41.1830830890786)"
Jun,background,"c(-70.202654586833, 42.0057208316301)"
Jun,background,"c(-68.6396428759852, 42.1702483801404)"
Jun,background,"c(-68.1460602304543, 42.0879846058852)"
Jun,background,"c(-71.7656662976809, 40.6895004435477)"
Jun,background,"c(-69.5445443927918, 43.2396774454574)"
Jun,background,"c(-68.3105877789646, 42.0879846058852)"
Jun,background,"c(-68.3928515532197, 42.0879846058852)"
Jun,background,"c(-67.5702138106682, 42.5815672514161)"
Jun,background,"c(-71.6011387491706, 40.6072366692925)"
Jun,background,"c(-68.7219066502403, 42.2525121543955)"
Jun,background,"c(-68.7219066502403, 41.8411932831198)"
Jun,background,"c(-70.4494459095985, 40.7717642178028)"
Jun,background,"c(-68.9686979730058, 42.7460947999264)"
Jun,background,"c(-70.2849183610882, 42.8283585741816)"
Jun,background,"c(-69.5445443927918, 42.9106223484367)"
Jun,background,"c(-69.0509617472609, 42.1702483801404)"
Jun,background,"c(-69.4622806185367, 42.3347759286507)"
Jun,background,"c(-68.3105877789646, 42.4170397029058)"
Jun,background,"c(-67.2411587136476, 41.2653468633337)"
Jun,background,"c(-70.0381270383227, 42.8283585741816)"
Jun,background,"c(-72.2592489432118, 40.4427091207822)"
Jun,background,"c(-72.341512717467, 39.4555438297204)"
Jun,background,"c(-68.3105877789646, 42.2525121543955)"
Jun,background,"c(-69.626808167047, 41.8411932831198)"
Jun,background,"c(-68.55737910173, 41.6766657346095)"
Jun,background,"c(-68.8041704244955, 42.1702483801404)"
Jun,background,"c(-69.7090719413021, 41.8411932831198)"
Jun,background,"c(-69.9558632640676, 41.8411932831198)"
Jun,background,"c(-69.626808167047, 42.6638310256713)"
Jun,background,"c(-69.5445443927918, 41.9234570573749)"
Jun,background,"c(-67.8992689076888, 43.4042049939677)"
Jun,background,"c(-70.5317096838536, 42.6638310256713)"
Jun,background,"c(-69.9558632640676, 42.5815672514161)"
Jun,background,"c(-68.4751153274749, 41.8411932831198)"
Jun,background,"c(-69.1332255215161, 41.2653468633337)"
Jun,background,"c(-69.2154892957712, 41.7589295088646)"
Jun,background,"c(-69.0509617472609, 41.6766657346095)"
Jun,background,"c(-69.9558632640676, 43.0751498969471)"
Jun,background,"c(-69.2977530700264, 43.0751498969471)"
Jun,background,"c(-69.2154892957712, 42.0057208316301)"
Jun,background,"c(-68.9686979730058, 42.499303477161)"
Jun,background,"c(-70.0381270383227, 42.499303477161)"
Jun,background,"c(-69.9558632640676, 40.7717642178028)"
Jun,background,"c(-68.4751153274749, 43.4042049939677)"
Jun,background,"c(-68.9686979730058, 42.1702483801404)"
Jun,background,"c(-68.6396428759852, 42.2525121543955)"
Jun,background,"c(-68.7219066502403, 41.9234570573749)"
Jun,background,"c(-70.1203908125779, 40.6895004435477)"
Jun,background,"c(-67.7347413591785, 43.9800514137537)"
Jun,background,"c(-69.9558632640676, 42.0057208316301)"
Jun,background,"c(-69.3800168442815, 41.9234570573749)"
Jun,background,"c(-73.0818866857633, 38.8796974099344)"
Jun,background,"c(-69.0509617472609, 41.5944019603543)"
Jun,background,"c(-69.0509617472609, 40.5249728950374)"
Jun,background,"c(-69.626808167047, 41.7589295088646)"
Jun,background,"c(-69.4622806185367, 43.0751498969471)"
Jun,background,"c(-72.8350953629979, 39.208752506955)"
Jun,background,"c(-66.8298398423719, 44.9672167048155)"
Jun,background,"c(-69.5445443927918, 42.9928861226919)"
Jun,background,"c(-67.2411587136476, 44.3091065107743)"
Jun,background,"c(-68.0637964561991, 42.1702483801404)"
Jun,background,"c(-68.9686979730058, 43.3219412197125)"
Jun,background,"c(-68.55737910173, 43.4042049939677)"
Jun,background,"c(-69.2154892957712, 41.5121381860992)"
Jun,background,"c(-68.7219066502403, 42.9928861226919)"
Jun,background,"c(-69.626808167047, 42.8283585741816)"
Jun,background,"c(-69.2977530700264, 42.3347759286507)"
Jun,background,"c(-71.1075561036397, 39.784598926741)"
Jun,background,"c(-69.626808167047, 41.5944019603543)"
Jun,background,"c(-69.1332255215161, 42.9928861226919)"
Jun,background,"c(-67.2411587136476, 42.3347759286507)"
Jun,background,"c(-69.9558632640676, 42.1702483801404)"
Jun,background,"c(-68.3928515532197, 42.2525121543955)"
Jun,background,"c(-66.7475760681167, 42.3347759286507)"
Jun,background,"c(-71.0252923293846, 40.6895004435477)"
Jun,background,"c(-69.3800168442815, 41.5944019603543)"
Jun,background,"c(-66.6653122938615, 45.0494804790707)"
Jun,background,"c(-69.2154892957712, 42.6638310256713)"
Jun,background,"c(-72.4237764917221, 39.5378076039756)"
Jun,background,"c(-68.6396428759852, 41.9234570573749)"
Jun,background,"c(-66.4185209710961, 44.8849529305604)"
Jun,background,"c(-72.5883040402324, 39.5378076039756)"
Jun,background,"c(-70.202654586833, 43.1574136712022)"
Jun,background,"c(-72.2592489432118, 40.1959177980168)"
Jun,background,"c(-72.5060402659773, 39.3732800554653)"
Jun,background,"c(-67.1588949393925, 40.854027992058)"
Jun,background,"c(-71.27208365215, 39.9491264752513)"
Jun,background,"c(-69.0509617472609, 41.1830830890786)"
Jun,background,"c(-67.981532681944, 41.9234570573749)"
Jun,background,"c(-69.0509617472609, 41.429874411844)"
Jun,background,"c(-69.2154892957712, 43.2396774454574)"
Jun,background,"c(-69.1332255215161, 41.1830830890786)"
Jun,background,"c(-70.4494459095985, 41.1008193148234)"
Jun,background,"c(-69.626808167047, 42.0057208316301)"
Jun,background,"c(-69.2154892957712, 41.5944019603543)"
Jun,background,"c(-71.1898198778948, 40.6072366692925)"
Jun,background,"c(-70.1203908125779, 41.1008193148234)"
Jun,background,"c(-71.9301938461912, 40.1136540237616)"
Jun,background,"c(-70.5317096838536, 40.7717642178028)"
Jun,background,"c(-68.4751153274749, 42.4170397029058)"
Jun,background,"c(-70.5317096838536, 40.9362917663131)"
Jun,background,"c(-69.3800168442815, 43.2396774454574)"
Jun,background,"c(-67.7347413591785, 42.1702483801404)"
Jun,background,"c(-70.6139734581088, 40.7717642178028)"
Jun,background,"c(-68.7219066502403, 41.429874411844)"
Jun,background,"c(-69.0509617472609, 42.2525121543955)"
Jun,background,"c(-69.7913357155573, 42.5815672514161)"
Jun,background,"c(-68.55737910173, 43.4864687682228)"
Jun,background,"c(-69.3800168442815, 41.429874411844)"
Jun,background,"c(-68.7219066502403, 42.3347759286507)"
Jun,background,"c(-72.0947213947015, 40.6895004435477)"
Jun,background,"c(-72.4237764917221, 39.6200713782307)"
Jun,background,"c(-67.7347413591785, 43.7332600909883)"
Jun,background,"c(-68.55737910173, 42.0879846058852)"
Jun,background,"c(-70.0381270383227, 42.5815672514161)"
Jun,background,"c(-68.6396428759852, 41.6766657346095)"
Jun,background,"c(-68.4751153274749, 41.9234570573749)"
Jun,background,"c(-69.2977530700264, 41.3476106375889)"
Jun,background,"c(-71.4366112006603, 39.8668627009962)"
Jun,background,"c(-69.2977530700264, 41.2653468633337)"
Jun,background,"c(-71.1075561036397, 40.4427091207822)"
Jun,background,"c(-70.1203908125779, 43.0751498969471)"
Jun,background,"c(-68.1460602304543, 43.4864687682228)"
Jun,background,"c(-69.2977530700264, 42.5815672514161)"
Jun,background,"c(-68.3928515532197, 42.3347759286507)"
Jun,background,"c(-69.3800168442815, 42.0057208316301)"
Jun,background,"c(-71.7656662976809, 39.9491264752513)"
Jun,background,"c(-69.7090719413021, 43.568732542478)"
Jun,background,"c(-72.2592489432118, 39.7023351524859)"
Jun,background,"c(-71.7656662976809, 39.6200713782307)"
Jun,background,"c(-68.4751153274749, 41.7589295088646)"
Jun,background,"c(-69.7913357155573, 41.5121381860992)"
Jun,background,"c(-68.0637964561991, 43.9800514137537)"
Jun,background,"c(-72.0124576204464, 39.7023351524859)"
Jun,background,"c(-68.9686979730058, 41.1008193148234)"
Jun,background,"c(-71.7656662976809, 40.2781815722719)"
Jun,background,"c(-69.5445443927918, 41.7589295088646)"
Jun,background,"c(-71.4366112006603, 40.3604453465271)"
Jun,background,"c(-70.6139734581088, 42.8283585741816)"
Jun,background,"c(-69.1332255215161, 42.7460947999264)"
Jun,background,"c(-68.55737910173, 42.4170397029058)"
Jun,background,"c(-71.5188749749155, 39.7023351524859)"
Jun,background,"c(-70.5317096838536, 42.9928861226919)"
Jun,background,"c(-67.4056862621579, 42.0879846058852)"
Jun,background,"c(-69.0509617472609, 41.3476106375889)"
Jun,background,"c(-69.1332255215161, 41.8411932831198)"
Jun,background,"c(-67.3234224879028, 44.144578962264)"
Jun,background,"c(-67.8992689076888, 43.8155238652434)"
Jun,background,"c(-69.2977530700264, 41.8411932831198)"
Jun,background,"c(-71.1075561036397, 40.7717642178028)"
Jun,background,"c(-70.202654586833, 42.2525121543955)"
Jun,background,"c(-67.5702138106682, 44.144578962264)"
Jun,background,"c(-68.8864341987506, 42.5815672514161)"
Jun,background,"c(-69.2154892957712, 41.429874411844)"
Jun,background,"c(-72.0947213947015, 40.0313902495065)"
Jun,background,"c(-72.341512717467, 39.7023351524859)"
Jun,background,"c(-72.8350953629979, 38.9619611841895)"
Jun,background,"c(-70.7785010066191, 40.4427091207822)"
Jun,background,"c(-66.4185209710961, 41.3476106375889)"
Jun,background,"c(-69.2977530700264, 42.6638310256713)"
Jun,background,"c(-68.7219066502403, 43.4042049939677)"
Jun,background,"c(-72.4237764917221, 40.5249728950374)"
Jun,background,"c(-67.7347413591785, 42.4170397029058)"
Jun,background,"c(-68.8864341987506, 41.8411932831198)"
Jun,background,"c(-69.1332255215161, 41.429874411844)"
Jun,background,"c(-72.2592489432118, 39.8668627009962)"
Jun,background,"c(-68.9686979730058, 41.7589295088646)"
Jun,background,"c(-72.4237764917221, 39.3732800554653)"
Jun,background,"c(-68.9686979730058, 43.0751498969471)"
Jun,background,"c(-69.1332255215161, 43.1574136712022)"
Jun,background,"c(-68.8864341987506, 41.2653468633337)"
Jun,background,"c(-67.1588949393925, 44.3913702850295)"
Jun,background,"c(-70.1203908125779, 42.2525121543955)"
Jun,background,"c(-68.55737910173, 42.8283585741816)"
Jun,background,"c(-69.8735994898124, 42.4170397029058)"
Jun,background,"c(-70.8607647808742, 40.4427091207822)"
Jun,background,"c(-67.981532681944, 43.1574136712022)"
Jun,background,"c(-68.8041704244955, 42.0057208316301)"
Jun,background,"c(-68.8864341987506, 41.1830830890786)"
Jun,background,"c(-69.7913357155573, 41.8411932831198)"
Jun,background,"c(-68.8041704244955, 41.6766657346095)"
Jun,background,"c(-68.8864341987506, 41.5121381860992)"
Jun,background,"c(-69.4622806185367, 41.5944019603543)"
Jun,background,"c(-71.3543474264052, 40.5249728950374)"
Jun,background,"c(-69.4622806185367, 41.9234570573749)"
Jun,background,"c(-69.7090719413021, 41.7589295088646)"
Jun,background,"c(-69.9558632640676, 42.499303477161)"
Jun,background,"c(-71.7656662976809, 39.4555438297204)"
Jun,background,"c(-68.3105877789646, 43.2396774454574)"
Jun,background,"c(-69.0509617472609, 41.2653468633337)"
Jun,background,"c(-69.7090719413021, 41.5121381860992)"
Jun,background,"c(-68.9686979730058, 42.0879846058852)"
Jun,background,"c(-72.9996229115082, 39.8668627009962)"
Jun,background,"c(-72.4237764917221, 40.6895004435477)"
Jun,background,"c(-69.3800168442815, 41.3476106375889)"
Jun,background,"c(-68.55737910173, 41.9234570573749)"
Jun,background,"c(-71.8479300719361, 39.9491264752513)"
Jun,background,"c(-72.0947213947015, 39.9491264752513)"
Jun,background,"c(-68.7219066502403, 43.4864687682228)"
Jun,background,"c(-69.0509617472609, 43.4042049939677)"
Jun,background,"c(-69.3800168442815, 41.7589295088646)"
Jun,background,"c(-68.1460602304543, 43.568732542478)"
Jun,background,"c(-71.27208365215, 40.1136540237616)"
Jun,background,"c(-70.4494459095985, 40.854027992058)"
Jun,background,"c(-68.3928515532197, 41.9234570573749)"
Jun,background,"c(-68.1460602304543, 41.1830830890786)"
Jun,background,"c(-68.8864341987506, 43.0751498969471)"
Jun,background,"c(-69.8735994898124, 42.1702483801404)"
Jun,background,"c(-71.7656662976809, 39.7023351524859)"
Jun,background,"c(-68.9686979730058, 42.8283585741816)"
Jun,background,"c(-71.1898198778948, 40.6895004435477)"
Jun,background,"c(-69.2977530700264, 42.1702483801404)"
Jun,background,"c(-68.6396428759852, 42.0057208316301)"
Jun,background,"c(-69.0509617472609, 41.5121381860992)"
Jun,background,"c(-67.3234224879028, 44.2268427365192)"
Jun,background,"c(-69.0509617472609, 42.0879846058852)"
Jun,background,"c(-66.5007847453512, 44.5558978335398)"
Jun,background,"c(-68.3105877789646, 42.0057208316301)"
Jun,background,"c(-67.4056862621579, 42.4170397029058)"
Jun,background,"c(-70.9430285551294, 39.6200713782307)"
Jun,background,"c(-69.2977530700264, 41.429874411844)"
Jun,background,"c(-71.6011387491706, 40.4427091207822)"
Jun,background,"c(-70.202654586833, 40.6895004435477)"
Jun,background,"c(-67.1588949393925, 43.9800514137537)"
Jun,background,"c(-68.55737910173, 42.1702483801404)"
Jun,background,"c(-70.5317096838536, 41.0185555405683)"
Jun,background,"c(-69.0509617472609, 42.3347759286507)"
Jun,background,"c(-68.9686979730058, 43.4864687682228)"
Jun,background,"c(-68.8041704244955, 41.5944019603543)"
Jun,background,"c(-69.7913357155573, 41.5944019603543)"
Jun,background,"c(-68.4751153274749, 43.3219412197125)"
Jun,background,"c(-67.6524775849234, 43.4042049939677)"
Jun,background,"c(-67.5702138106682, 43.9800514137537)"
Jun,background,"c(-66.8298398423719, 42.2525121543955)"
Jun,background,"c(-69.5445443927918, 42.0057208316301)"
Jun,background,"c(-68.7219066502403, 41.5121381860992)"
Jun,background,"c(-72.2592489432118, 40.3604453465271)"
Jun,background,"c(-69.2154892957712, 42.9106223484367)"
Jun,background,"c(-69.7090719413021, 42.8283585741816)"
Jun,background,"c(-71.5188749749155, 39.9491264752513)"
Jun,background,"c(-68.3928515532197, 41.6766657346095)"
Jun,background,"c(-72.5060402659773, 39.5378076039756)"
Jun,background,"c(-69.1332255215161, 43.568732542478)"
Jun,background,"c(-72.0947213947015, 40.7717642178028)"
Jun,background,"c(-69.1332255215161, 42.2525121543955)"
Jun,background,"c(-72.1769851689567, 39.4555438297204)"
Jun,background,"c(-68.7219066502403, 42.1702483801404)"
Jun,background,"c(-68.7219066502403, 41.1830830890786)"
Jun,background,"c(-69.5445443927918, 41.2653468633337)"
Jun,background,"c(-72.1769851689567, 40.7717642178028)"
Jun,background,"c(-69.7913357155573, 42.9106223484367)"
Jun,background,"c(-69.2977530700264, 41.6766657346095)"
Jun,background,"c(-69.5445443927918, 41.6766657346095)"
Jun,background,"c(-69.9558632640676, 42.0879846058852)"
Jun,background,"c(-67.8992689076888, 42.1702483801404)"
Jun,background,"c(-69.7913357155573, 43.3219412197125)"
Jun,background,"c(-67.8170051334337, 42.4170397029058)"
Jun,background,"c(-70.2849183610882, 42.6638310256713)"
Jun,background,"c(-69.1332255215161, 41.1008193148234)"
Jun,background,"c(-71.1075561036397, 41.1008193148234)"
Jun,background,"c(-69.626808167047, 43.2396774454574)"
Jun,background,"c(-72.2592489432118, 39.784598926741)"
Jun,background,"c(-69.0509617472609, 43.0751498969471)"
Jun,background,"c(-68.8864341987506, 41.9234570573749)"
Jun,background,"c(-69.9558632640676, 42.8283585741816)"
Jun,background,"c(-68.8041704244955, 43.2396774454574)"
Jun,background,"c(-68.4751153274749, 42.2525121543955)"
Jun,background,"c(-68.4751153274749, 43.2396774454574)"
Jun,background,"c(-67.8992689076888, 42.9106223484367)"
Jun,background,"c(-71.5188749749155, 40.3604453465271)"
Jun,background,"c(-68.3105877789646, 41.5944019603543)"
Jun,background,"c(-67.4879500364131, 42.499303477161)"
Jun,background,"c(-68.7219066502403, 42.0057208316301)"
Jun,background,"c(-69.3800168442815, 41.6766657346095)"
Jun,background,"c(-68.1460602304543, 42.6638310256713)"
Jun,background,"c(-71.8479300719361, 40.4427091207822)"
Jun,background,"c(-68.4751153274749, 43.1574136712022)"
Jun,background,"c(-72.0947213947015, 40.6072366692925)"
Jun,background,"c(-72.917359137253, 39.2910162812101)"
Jun,background,"c(-72.341512717467, 39.6200713782307)"
Jun,background,"c(-69.1332255215161, 41.5944019603543)"
Jun,background,"c(-68.8041704244955, 41.2653468633337)"
Jun,background,"c(-73.3286780085288, 40.2781815722719)"
Jun,background,"c(-68.6396428759852, 41.5944019603543)"
Jun,background,"c(-71.8479300719361, 39.7023351524859)"
Jun,background,"c(-68.3105877789646, 41.9234570573749)"
Jun,background,"c(-69.4622806185367, 42.9106223484367)"
Jun,background,"c(-67.2411587136476, 43.4042049939677)"
Jun,background,"c(-70.1203908125779, 42.6638310256713)"
Jun,background,"c(-72.9996229115082, 39.3732800554653)"
Jun,background,"c(-68.6396428759852, 43.1574136712022)"
Jun,background,"c(-69.626808167047, 43.0751498969471)"
Jun,background,"c(-69.3800168442815, 41.5121381860992)"
Jun,background,"c(-68.55737910173, 41.1830830890786)"
Jun,background,"c(-68.8041704244955, 42.3347759286507)"
Jun,background,"c(-69.7913357155573, 42.6638310256713)"
Jun,background,"c(-69.8735994898124, 42.2525121543955)"
Jun,background,"c(-72.8350953629979, 38.8796974099344)"
Jun,background,"c(-67.3234224879028, 40.3604453465271)"
Jun,background,"c(-71.27208365215, 40.7717642178028)"
Jun,background,"c(-69.7913357155573, 42.0057208316301)"
Jun,background,"c(-67.8992689076888, 43.4864687682228)"
Jun,background,"c(-69.1332255215161, 42.0057208316301)"
Jun,background,"c(-67.7347413591785, 40.3604453465271)"
Jun,background,"c(-69.2154892957712, 42.4170397029058)"
Jun,background,"c(-70.1203908125779, 42.0057208316301)"
Jun,background,"c(-68.0637964561991, 43.4042049939677)"
Jun,background,"c(-68.55737910173, 41.8411932831198)"
Jun,background,"c(-67.5702138106682, 42.2525121543955)"
Jun,background,"c(-69.626808167047, 42.9106223484367)"
Jun,background,"c(-70.8607647808742, 40.6895004435477)"
Jun,background,"c(-70.3671821353433, 42.4170397029058)"
Jun,background,"c(-69.7090719413021, 43.4042049939677)"
Jun,background,"c(-70.0381270383227, 42.3347759286507)"
Jun,background,"c(-70.8607647808742, 39.784598926741)"
Jun,background,"c(-68.9686979730058, 42.4170397029058)"
Jun,background,"c(-71.6011387491706, 39.6200713782307)"
Jun,background,"c(-70.4494459095985, 43.0751498969471)"
Jun,background,"c(-71.1075561036397, 40.5249728950374)"
Jun,background,"c(-68.1460602304543, 42.1702483801404)"
Jun,background,"c(-67.5702138106682, 44.0623151880089)"
Jun,background,"c(-71.3543474264052, 39.8668627009962)"
Jun,background,"c(-69.0509617472609, 42.6638310256713)"
Jun,background,"c(-68.2283240047094, 42.0057208316301)"
Jun,background,"c(-67.7347413591785, 42.0057208316301)"
Jun,background,"c(-68.8864341987506, 42.2525121543955)"
Jun,background,"c(-68.3928515532197, 41.7589295088646)"
Jun,background,"c(-71.1075561036397, 40.0313902495065)"
Jun,background,"c(-72.6705678144876, 39.9491264752513)"
Jun,background,"c(-67.5702138106682, 43.0751498969471)"
Jun,background,"c(-67.981532681944, 42.0057208316301)"
Jun,background,"c(-72.0124576204464, 40.6072366692925)"
Jun,background,"c(-69.2154892957712, 41.1830830890786)"
Jun,background,"c(-68.8041704244955, 39.9491264752513)"
Jun,background,"c(-67.7347413591785, 43.8977876394986)"
Jun,background,"c(-66.5007847453512, 44.8849529305604)"
Jun,background,"c(-67.4056862621579, 40.3604453465271)"
Jun,background,"c(-68.3105877789646, 43.568732542478)"
Jun,background,"c(-69.9558632640676, 42.7460947999264)"
Jun,background,"c(-71.5188749749155, 40.0313902495065)"
Jun,background,"c(-69.4622806185367, 41.7589295088646)"
Jun,background,"c(-70.4494459095985, 42.3347759286507)"
Jun,background,"c(-70.6139734581088, 40.854027992058)"
Jun,background,"c(-68.0637964561991, 42.0057208316301)"
Jun,background,"c(-69.626808167047, 41.6766657346095)"
Jun,background,"c(-69.2977530700264, 41.5944019603543)"
Jun,background,"c(-72.0124576204464, 40.5249728950374)"
Jun,background,"c(-69.0509617472609, 42.9106223484367)"
Jun,background,"c(-69.4622806185367, 41.429874411844)"
Jun,background,"c(-68.2283240047094, 43.2396774454574)"
Jun,background,"c(-69.2154892957712, 41.9234570573749)"
Jun,background,"c(-69.7913357155573, 43.1574136712022)"
Jun,background,"c(-68.6396428759852, 43.7332600909883)"
Jun,background,"c(-71.0252923293846, 41.0185555405683)"
Jun,background,"c(-66.4185209710961, 44.5558978335398)"
Jun,background,"c(-72.0124576204464, 40.2781815722719)"
Jun,background,"c(-71.9301938461912, 40.7717642178028)"
Jun,background,"c(-69.7090719413021, 42.9928861226919)"
Jun,background,"c(-69.3800168442815, 42.5815672514161)"
Jun,background,"c(-68.0637964561991, 43.7332600909883)"
Jun,background,"c(-70.1203908125779, 42.3347759286507)"
Jun,background,"c(-68.9686979730058, 41.6766657346095)"
Jun,background,"c(-70.2849183610882, 40.5249728950374)"
Jun,background,"c(-68.8041704244955, 41.3476106375889)"
Jun,background,"c(-67.4879500364131, 44.2268427365192)"
Jun,background,"c(-71.1898198778948, 41.0185555405683)"
Jun,background,"c(-67.4879500364131, 43.9800514137537)"
Jun,background,"c(-68.2283240047094, 43.4864687682228)"
Jun,background,"c(-69.0509617472609, 42.4170397029058)"
Jun,background,"c(-69.7090719413021, 42.6638310256713)"
Jun,background,"c(-68.9686979730058, 42.2525121543955)"
Jun,background,"c(-68.3105877789646, 42.1702483801404)"
Jun,background,"c(-72.5883040402324, 38.9619611841895)"
Jun,background,"c(-72.1769851689567, 39.8668627009962)"
Jun,background,"c(-67.8170051334337, 42.0057208316301)"
Jun,background,"c(-69.2154892957712, 42.8283585741816)"
Jun,background,"c(-70.1203908125779, 42.7460947999264)"
Jun,background,"c(-70.7785010066191, 41.1008193148234)"
Jun,background,"c(-67.5702138106682, 44.2268427365192)"
Jun,background,"c(-68.6396428759852, 42.3347759286507)"
Jun,background,"c(-69.7913357155573, 42.499303477161)"
Jun,background,"c(-68.3105877789646, 42.3347759286507)"
Jun,background,"c(-68.6396428759852, 41.8411932831198)"
Jun,background,"c(-69.9558632640676, 42.2525121543955)"
Jun,background,"c(-68.9686979730058, 41.2653468633337)"
Jun,background,"c(-72.341512717467, 40.1959177980168)"
Jun,background,"c(-69.1332255215161, 42.0879846058852)"
Jun,background,"c(-68.8041704244955, 42.499303477161)"
Jun,background,"c(-69.0509617472609, 43.8155238652434)"
Jun,background,"c(-72.6705678144876, 39.208752506955)"
Jun,background,"c(-72.917359137253, 39.3732800554653)"
Jun,background,"c(-70.5317096838536, 42.2525121543955)"
Jun,background,"c(-68.3928515532197, 42.499303477161)"
Jun,background,"c(-66.5007847453512, 44.6381616077949)"
Jun,background,"c(-72.4237764917221, 39.0442249584447)"
Jun,background,"c(-69.8735994898124, 42.8283585741816)"
Jun,background,"c(-69.3800168442815, 41.8411932831198)"
Jun,background,"c(-69.4622806185367, 41.8411932831198)"
Jun,background,"c(-68.8041704244955, 41.5121381860992)"
Jun,background,"c(-68.8864341987506, 42.3347759286507)"
Jun,background,"c(-67.2411587136476, 44.3913702850295)"
Jun,background,"c(-69.7090719413021, 42.0057208316301)"
Jun,background,"c(-68.6396428759852, 43.2396774454574)"
Jun,background,"c(-68.3105877789646, 43.6509963167331)"
Jun,background,"c(-69.9558632640676, 42.9106223484367)"
Jun,background,"c(-67.8170051334337, 43.2396774454574)"
Jun,background,"c(-72.7528315887427, 39.1264887326998)"
Jun,background,"c(-69.2154892957712, 42.7460947999264)"
Jun,background,"c(-68.2283240047094, 42.1702483801404)"
Jun,background,"c(-71.0252923293846, 39.9491264752513)"
Jun,background,"c(-68.3928515532197, 41.5121381860992)"
Jun,background,"c(-70.5317096838536, 40.4427091207822)"
Jun,background,"c(-70.2849183610882, 41.0185555405683)"
Jun,background,"c(-69.1332255215161, 41.5121381860992)"
Jun,background,"c(-68.2283240047094, 42.3347759286507)"
Jun,background,"c(-68.3105877789646, 42.8283585741816)"
Jun,background,"c(-70.5317096838536, 42.8283585741816)"
Jun,background,"c(-69.5445443927918, 42.7460947999264)"
Jun,background,"c(-68.4751153274749, 42.3347759286507)"
Jun,background,"c(-69.5445443927918, 42.5815672514161)"
Jun,background,"c(-69.4622806185367, 42.5815672514161)"
Jun,background,"c(-69.8735994898124, 43.3219412197125)"
Jun,background,"c(-69.2154892957712, 43.6509963167331)"
Jun,background,"c(-67.0766311651373, 45.0494804790707)"
Jun,background,"c(-67.1588949393925, 42.2525121543955)"
Jun,background,"c(-71.3543474264052, 39.9491264752513)"
Jun,background,"c(-67.6524775849234, 42.6638310256713)"
Jun,background,"c(-66.5007847453512, 42.1702483801404)"
Jun,background,"c(-68.7219066502403, 42.0879846058852)"
Jun,background,"c(-68.8864341987506, 41.6766657346095)"
Jun,background,"c(-66.4185209710961, 44.6381616077949)"
Jun,background,"c(-69.2154892957712, 42.9928861226919)"
Jun,background,"c(-72.0124576204464, 39.784598926741)"
Jun,background,"c(-71.6011387491706, 39.7023351524859)"
Jun,background,"c(-68.3105877789646, 43.4864687682228)"
Jun,background,"c(-71.27208365215, 40.5249728950374)"
Jun,background,"c(-65.5136194542894, 42.9928861226919)"
Jun,background,"c(-71.8479300719361, 39.5378076039756)"
Jun,background,"c(-72.917359137253, 39.6200713782307)"
Jun,background,"c(-69.7913357155573, 42.3347759286507)"
Jun,background,"c(-68.3928515532197, 41.8411932831198)"
Jun,background,"c(-67.8170051334337, 42.5815672514161)"
Jun,background,"c(-69.2977530700264, 42.7460947999264)"
Jun,background,"c(-66.6653122938615, 44.7204253820501)"
Jun,background,"c(-67.8992689076888, 42.499303477161)"
Jun,background,"c(-66.6653122938615, 42.2525121543955)"
Jun,background,"c(-68.8864341987506, 41.7589295088646)"
Jun,background,"c(-69.7090719413021, 43.1574136712022)"
Jun,background,"c(-67.8992689076888, 43.8977876394986)"
Jun,background,"c(-70.3671821353433, 42.0879846058852)"
Jun,background,"c(-69.2154892957712, 43.568732542478)"
Jun,background,"c(-68.3928515532197, 41.5944019603543)"
Jun,background,"c(-69.0509617472609, 40.2781815722719)"
Jun,background,"c(-72.4237764917221, 40.4427091207822)"
Jun,background,"c(-68.4751153274749, 42.499303477161)"
Jun,background,"c(-69.2977530700264, 41.1830830890786)"
Jun,background,"c(-69.3800168442815, 42.9106223484367)"
Jun,background,"c(-67.4879500364131, 42.2525121543955)"
Jun,background,"c(-68.8864341987506, 42.9928861226919)"
Jun,background,"c(-68.7219066502403, 41.7589295088646)"
Jun,background,"c(-69.5445443927918, 43.1574136712022)"
Jun,background,"c(-68.8864341987506, 41.3476106375889)"
Jun,background,"c(-68.7219066502403, 43.568732542478)"
Jun,background,"c(-68.3928515532197, 43.4042049939677)"
Jun,background,"c(-69.7913357155573, 41.9234570573749)"
Jun,background,"c(-69.1332255215161, 41.3476106375889)"
Jun,background,"c(-69.2977530700264, 43.568732542478)"
Jun,background,"c(-71.8479300719361, 40.6895004435477)"
Jun,background,"c(-67.2411587136476, 43.568732542478)"
Jun,background,"c(-66.3362571968409, 44.8026891563052)"
Jun,background,"c(-72.1769851689567, 39.3732800554653)"
Jun,background,"c(-67.0766311651373, 42.1702483801404)"
Jun,background,"c(-70.202654586833, 42.9106223484367)"
Jun,background,"c(-71.6834025234258, 39.4555438297204)"
Jun,background,"c(-69.4622806185367, 42.499303477161)"
Jun,background,"c(-70.1203908125779, 42.8283585741816)"
Jun,background,"c(-69.1332255215161, 41.7589295088646)"
Jun,background,"c(-71.27208365215, 40.4427091207822)"
Jun,background,"c(-69.626808167047, 42.9928861226919)"
Jun,background,"c(-67.8992689076888, 43.1574136712022)"
Jun,background,"c(-69.2154892957712, 40.1136540237616)"
Jun,background,"c(-67.5702138106682, 43.1574136712022)"
Jun,background,"c(-70.8607647808742, 41.2653468633337)"
Jun,background,"c(-69.626808167047, 41.9234570573749)"
Jun,background,"c(-69.1332255215161, 43.0751498969471)"
Jun,background,"c(-67.7347413591785, 42.7460947999264)"
Jun,background,"c(-70.2849183610882, 41.9234570573749)"
Jun,background,"c(-68.9686979730058, 42.0057208316301)"
Jun,background,"c(-65.5136194542894, 42.0057208316301)"
Jun,background,"c(-68.55737910173, 41.5944019603543)"
Jun,background,"c(-69.626808167047, 40.7717642178028)"
Jun,background,"c(-69.4622806185367, 43.2396774454574)"
Jun,background,"c(-71.9301938461912, 40.0313902495065)"
Jun,background,"c(-71.8479300719361, 40.9362917663131)"
Jun,background,"c(-73.1641504600185, 40.5249728950374)"
Jun,background,"c(-68.3105877789646, 43.4042049939677)"
Jun,background,"c(-71.6834025234258, 39.784598926741)"
Jun,background,"c(-69.2154892957712, 42.499303477161)"
Jun,background,"c(-68.8864341987506, 41.429874411844)"
Jun,background,"c(-68.2283240047094, 43.8977876394986)"
Jun,background,"c(-69.1332255215161, 41.9234570573749)"
Jun,background,"c(-69.8735994898124, 42.7460947999264)"
Jun,background,"c(-68.8864341987506, 42.1702483801404)"
Jun,background,"c(-67.8992689076888, 43.0751498969471)"
Jun,background,"c(-72.2592489432118, 39.9491264752513)"
Jun,background,"c(-69.3800168442815, 43.4042049939677)"
Jun,background,"c(-69.7090719413021, 43.3219412197125)"
Jun,background,"c(-67.8170051334337, 43.8155238652434)"
Jun,background,"c(-69.2154892957712, 42.0879846058852)"
Jun,background,"c(-67.5702138106682, 43.7332600909883)"
Jun,background,"c(-68.6396428759852, 42.0879846058852)"
Jun,background,"c(-68.7219066502403, 41.3476106375889)"
Jun,background,"c(-67.8992689076888, 42.9928861226919)"
Jun,background,"c(-71.7656662976809, 40.1136540237616)"
Jun,background,"c(-69.2154892957712, 41.1008193148234)"
Jun,background,"c(-70.1203908125779, 40.4427091207822)"
Jun,background,"c(-68.9686979730058, 42.3347759286507)"
Jun,background,"c(-70.202654586833, 41.429874411844)"
Jun,background,"c(-66.6653122938615, 44.8849529305604)"
Jun,background,"c(-69.1332255215161, 42.1702483801404)"
Jun,background,"c(-69.2154892957712, 41.2653468633337)"
Jun,background,"c(-72.5883040402324, 39.784598926741)"
Jun,background,"c(-68.9686979730058, 41.5121381860992)"
Jun,background,"c(-68.7219066502403, 40.6895004435477)"
Jun,background,"c(-67.4056862621579, 44.2268427365192)"
Jun,background,"c(-67.4879500364131, 43.1574136712022)"
Jun,background,"c(-68.9686979730058, 41.9234570573749)"
Jun,background,"c(-68.4751153274749, 41.5121381860992)"
Jun,background,"c(-67.6524775849234, 43.1574136712022)"
Jun,background,"c(-73.0818866857633, 40.6072366692925)"
Jun,background,"c(-68.3928515532197, 43.2396774454574)"
Jun,background,"c(-66.5007847453512, 43.0751498969471)"
Jun,background,"c(-69.7090719413021, 41.9234570573749)"
Jun,background,"c(-68.1460602304543, 41.9234570573749)"
Jun,background,"c(-70.3671821353433, 42.1702483801404)"
Jun,background,"c(-72.9996229115082, 38.8796974099344)"
Jun,background,"c(-67.981532681944, 42.5815672514161)"
Jun,background,"c(-66.912103616627, 40.5249728950374)"
Jun,background,"c(-70.4494459095985, 42.0879846058852)"
Jun,background,"c(-69.9558632640676, 42.6638310256713)"
Jun,background,"c(-72.341512717467, 39.784598926741)"
Jun,background,"c(-68.8864341987506, 42.4170397029058)"
Jun,background,"c(-69.9558632640676, 43.1574136712022)"
Jun,background,"c(-68.0637964561991, 42.0879846058852)"
Jun,background,"c(-69.5445443927918, 42.0879846058852)"
Jun,background,"c(-69.5445443927918, 43.0751498969471)"
Jun,background,"c(-69.8735994898124, 41.429874411844)"
Jun,background,"c(-69.1332255215161, 42.499303477161)"
Jun,background,"c(-72.2592489432118, 40.6895004435477)"
Jun,background,"c(-69.8735994898124, 42.0879846058852)"
Jun,background,"c(-68.4751153274749, 41.6766657346095)"
Jun,background,"c(-68.3928515532197, 42.4170397029058)"
Jun,background,"c(-69.2154892957712, 43.1574136712022)"
Jun,background,"c(-67.6524775849234, 42.0879846058852)"
Jun,background,"c(-70.0381270383227, 42.6638310256713)"
Jun,background,"c(-69.8735994898124, 41.8411932831198)"
Jun,background,"c(-67.4879500364131, 43.2396774454574)"
Jun,background,"c(-67.7347413591785, 43.2396774454574)"
Jun,background,"c(-66.5830485196064, 44.6381616077949)"
Jun,background,"c(-70.3671821353433, 42.3347759286507)"
Jun,background,"c(-69.4622806185367, 42.1702483801404)"
Jun,background,"c(-69.626808167047, 42.5815672514161)"
Jun,background,"c(-69.0509617472609, 42.9928861226919)"
Jun,background,"c(-70.8607647808742, 41.1830830890786)"
Jun,background,"c(-67.8170051334337, 42.8283585741816)"
Jun,background,"c(-68.7219066502403, 41.6766657346095)"
Jun,background,"c(-69.4622806185367, 42.8283585741816)"
Jun,background,"c(-66.8298398423719, 42.1702483801404)"
Jun,background,"c(-72.2592489432118, 39.2910162812101)"
Jun,background,"c(-68.55737910173, 42.499303477161)"
Jun,background,"c(-69.2977530700264, 41.7589295088646)"
Jun,background,"c(-69.4622806185367, 41.6766657346095)"
Jun,background,"c(-69.3800168442815, 42.4170397029058)"
Jun,background,"c(-71.4366112006603, 39.6200713782307)"
Jun,background,"c(-67.4056862621579, 44.0623151880089)"
Jun,background,"c(-69.3800168442815, 42.1702483801404)"
Jun,background,"c(-68.2283240047094, 43.568732542478)"
Jun,background,"c(-72.4237764917221, 39.4555438297204)"
Jun,background,"c(-68.55737910173, 41.429874411844)"
Jun,background,"c(-69.5445443927918, 41.8411932831198)"
Jun,background,"c(-70.202654586833, 41.2653468633337)"
Jun,background,"c(-70.8607647808742, 40.7717642178028)"
Jun,background,"c(-68.9686979730058, 42.6638310256713)"
Jun,background,"c(-71.7656662976809, 40.6072366692925)"
Jun,background,"c(-70.6139734581088, 40.3604453465271)"
Jun,background,"c(-70.8607647808742, 39.7023351524859)"
Jun,background,"c(-68.8041704244955, 39.8668627009962)"
Jun,background,"c(-69.4622806185367, 42.4170397029058)"
Jun,background,"c(-69.7090719413021, 42.0879846058852)"
Jun,background,"c(-70.0381270383227, 41.1008193148234)"
Jun,background,"c(-69.2977530700264, 42.499303477161)"
Jun,background,"c(-68.7219066502403, 43.0751498969471)"
Jun,background,"c(-68.8041704244955, 41.429874411844)"
Jun,background,"c(-70.3671821353433, 40.5249728950374)"
Jun,background,"c(-69.7913357155573, 42.8283585741816)"
Jun,background,"c(-66.7475760681167, 43.8977876394986)"
Jun,background,"c(-71.9301938461912, 39.784598926741)"
Jun,background,"c(-69.7090719413021, 42.4170397029058)"
Jun,background,"c(-69.2154892957712, 42.1702483801404)"
Jun,background,"c(-66.4185209710961, 42.1702483801404)"
Jun,background,"c(-69.5445443927918, 43.4864687682228)"
Jun,background,"c(-66.7475760681167, 43.4042049939677)"
Jun,background,"c(-67.2411587136476, 44.2268427365192)"
Jun,background,"c(-68.7219066502403, 43.2396774454574)"
Jun,background,"c(-68.8041704244955, 42.2525121543955)"
Jun,background,"c(-69.2154892957712, 41.8411932831198)"
Jun,background,"c(-68.55737910173, 41.7589295088646)"
Jun,background,"c(-69.4622806185367, 42.9928861226919)"
Jun,background,"c(-72.2592489432118, 39.3732800554653)"
Jun,background,"c(-72.1769851689567, 39.5378076039756)"
Jun,background,"c(-68.1460602304543, 43.8977876394986)"
Jun,background,"c(-66.3362571968409, 42.1702483801404)"
Jun,background,"c(-69.7090719413021, 40.9362917663131)"
Jun,background,"c(-71.6011387491706, 40.9362917663131)"
Jun,background,"c(-68.9686979730058, 41.8411932831198)"
Jun,background,"c(-67.4879500364131, 44.0623151880089)"
Jun,background,"c(-69.5445443927918, 41.429874411844)"
Jul,presence,"c(-70.383, 40.65)"
Jul,presence,"c(-69.59992, 42.97788)"
Jul,presence,"c(-68.39154, 42.12178)"
Jul,presence,"c(-68.81355, 41.98385)"
Jul,presence,"c(-69.91596, 42.59021)"
Jul,presence,"c(-69.519744873, 43.1452503204)"
Jul,presence,"c(-68.83823, 41.46)"
Jul,presence,"c(-69.157, 43.03833)"
Jul,presence,"c(-69.32476, 43.15313)"
Jul,presence,"c(-67.33342, 42.363293)"
Jul,presence,"c(-69.16413, 42.6125)"
Jul,presence,"c(-68.55771, 43.02505)"
Jul,presence,"c(-69.35545, 41.90204)"
Jul,presence,"c(-68.36053, 41.84453)"
Jul,presence,"c(-69.66228, 41.7424)"
Jul,presence,"c(-68.8719, 42.16873)"
Jul,presence,"c(-68.41016, 43.48817)"
Jul,presence,"c(-65.2492, 43.09303)"
Jul,presence,"c(-69.5315, 42.1555)"
Jul,presence,"c(-69.50196, 43.24614)"
Jul,presence,"c(-68.54158, 41.70292)"
Jul,presence,"c(-69.45099, 42.77067)"
Jul,presence,"c(-68.97601, 42.44437)"
Jul,presence,"c(-70.02775, 42.35699)"
Jul,presence,"c(-67.663994, 42.646187)"
Jul,presence,"c(-68.22767, 43.2625)"
Jul,presence,"c(-68.74094, 42.3588)"
Jul,presence,"c(-69.80887, 42.54052)"
Jul,presence,"c(-69.75409, 41.73999)"
Jul,presence,"c(-68.8645, 41.37025)"
Jul,presence,"c(-70.10018, 42.2345)"
Jul,presence,"c(-69.27345, 41.48)"
Jul,presence,"c(-69.93567, 43.0905)"
Jul,presence,"c(-70.722, 40.6711)"
Jul,presence,"c(-69.82633, 43.04548)"
Jul,presence,"c(-69.18483, 41.4618)"
Jul,presence,"c(-69.59617, 43.3355)"
Jul,presence,"c(-69.74147, 41.79383)"
Jul,presence,"c(-68.94674, 41.123)"
Jul,presence,"c(-65.071693, 43.220177)"
Jul,presence,"c(-68.33123, 42.33477)"
Jul,presence,"c(-69.01406, 42.93062)"
Jul,presence,"c(-70.07373, 42.06878)"
Jul,presence,"c(-67.491913, 43.973282)"
Jul,presence,"c(-70.07999, 43.054)"
Jul,presence,"c(-68.92629, 43.16867)"
Jul,presence,"c(-69.9815, 42.43722)"
Jul,presence,"c(-68.84659, 42.59283)"
Jul,presence,"c(-69.6632, 43.09079)"
Jul,presence,"c(-69.14315, 42.36338)"
Jul,presence,"c(-69.39397, 42.59742)"
Jul,presence,"c(-68.89285, 41.276)"
Jul,presence,"c(-67.40847, 42.428017)"
Jul,presence,"c(-68.13326, 43.5347)"
Jul,presence,"c(-69.34633, 42.46769)"
Jul,presence,"c(-69.489, 41.45483)"
Jul,presence,"c(-69.73797, 43.05526)"
Jul,presence,"c(-67.96766, 43.96255)"
Jul,presence,"c(-68.58756, 42.13157)"
Jul,presence,"c(-68.27883, 42.14966)"
Jul,presence,"c(-69.19141, 42.7116)"
Jul,presence,"c(-69.06417, 42.496)"
Jul,presence,"c(-69.78326, 42.53541)"
Jul,presence,"c(-68.55036, 42.21845)"
Jul,presence,"c(-67.623283, 42.61187)"
Jul,presence,"c(-70.23828, 40.78683)"
Jul,presence,"c(-67.8895, 43.76983)"
Jul,presence,"c(-69.55275, 42.56985)"
Jul,presence,"c(-68.96716, 41.22417)"
Jul,presence,"c(-69.2330360413, 43.1710357666)"
Jul,presence,"c(-68.88312, 41.76384)"
Jul,presence,"c(-67.133, 43.983)"
Jul,presence,"c(-69.767, 43.317)"
Jul,presence,"c(-69.06458, 41.46989)"
Jul,presence,"c(-68.1115, 43.43817)"
Jul,presence,"c(-65.0796, 43.18741)"
Jul,presence,"c(-68.488, 41.62733)"
Jul,presence,"c(-68.01753, 42.08833)"
Jul,presence,"c(-69.16433, 41.39883)"
Jul,presence,"c(-69.4545021057, 43.0488300323)"
Jul,presence,"c(-68.53371, 43.48008)"
Jul,presence,"c(-68.80394, 41.32367)"
Jul,presence,"c(-68.97105, 42.96579)"
Jul,presence,"c(-68.71762, 42.17717)"
Jul,presence,"c(-68.33339, 43.52607)"
Jul,presence,"c(-68.97486, 42.15871)"
Jul,presence,"c(-68.8178, 42.27874)"
Jul,presence,"c(-69.1, 41.5)"
Jul,presence,"c(-69.08405, 41.50713)"
Jul,presence,"c(-68.33083, 43.23933)"
Jul,presence,"c(-69.33084, 41.79585)"
Jul,presence,"c(-71.835208, 40.829379)"
Jul,presence,"c(-69.78052, 41.80095)"
Jul,presence,"c(-69.91225, 43.04617)"
Jul,presence,"c(-69.30686, 42.59581)"
Jul,presence,"c(-69.67067, 43.19517)"
Jul,presence,"c(-68.93472, 42.25739)"
Jul,presence,"c(-68.13326, 43.68056)"
Jul,presence,"c(-69.56017, 43.58833)"
Jul,presence,"c(-68.79694, 42.10609)"
Jul,presence,"c(-67.525635, 42.530113)"
Jul,presence,"c(-68.4151, 41.75652)"
Jul,presence,"c(-69.03392, 41.10096)"
Jul,presence,"c(-66.14189, 42.20553)"
Jul,presence,"c(-69.60661, 42.95059)"
Jul,presence,"c(-69.39762, 41.8458)"
Jul,presence,"c(-68.98252, 42.67964)"
Jul,presence,"c(-69.74619, 42.45322)"
Jul,presence,"c(-69.54708, 43.04656)"
Jul,presence,"c(-68.92576, 41.184)"
Jul,presence,"c(-68.76541, 43.31259)"
Jul,presence,"c(-71.42554, 41.15721)"
Jul,presence,"c(-69.03738, 42.25017)"
Jul,presence,"c(-69.15046, 41.95265)"
Jul,presence,"c(-69.05, 41.69)"
Jul,presence,"c(-69.49817, 41.79483)"
Jul,presence,"c(-69.39167, 41.124)"
Jul,presence,"c(-66.81647, 42.1902)"
Jul,presence,"c(-69.5283317566, 43.2038097382)"
Jul,presence,"c(-68.7216, 41.71747)"
Jul,presence,"c(-68.68716, 41.60015)"
Jul,presence,"c(-67.230125, 42.274025)"
Jul,presence,"c(-69.57378, 41.7945)"
Jul,presence,"c(-68.30524, 42.27216)"
Jul,presence,"c(-69.79469, 41.95998)"
Jul,presence,"c(-69.72552, 41.7157)"
Jul,presence,"c(-68.53737, 41.47218)"
Jul,presence,"c(-70.42494, 40.78755)"
Jul,presence,"c(-69.08277, 41.83118)"
Jul,presence,"c(-68.70118, 41.43884)"
Jul,presence,"c(-68.45275, 41.74485)"
Jul,presence,"c(-70.0945, 42.35347)"
Jul,presence,"c(-69.10298, 40.25781)"
Jul,presence,"c(-69.28783, 41.29344)"
Jul,presence,"c(-68.12017, 43.89611)"
Jul,presence,"c(-69.09856, 42.97462)"
Jul,presence,"c(-67.276947, 42.314507)"
Jul,presence,"c(-68.5031, 42.2689)"
Jul,presence,"c(-68.31184, 43.60265)"
Jul,presence,"c(-68.94227, 41.31672)"
Jul,presence,"c(-70.183, 40.483)"
Jul,presence,"c(-69.883, 43.333)"
Jul,presence,"c(-68.36404, 42.3451)"
Jul,presence,"c(-70.42966, 42.09792)"
Jul,presence,"c(-69.15083, 41.82033)"
Jul,presence,"c(-68.40048, 41.88663)"
Jul,presence,"c(-67.821823, 42.77977)"
Jul,presence,"c(-69.71765, 42.01693)"
Jul,presence,"c(-68.1, 43.967)"
Jul,presence,"c(-68.34033, 43.77167)"
Jul,presence,"c(-69.742, 43.3035)"
Jul,presence,"c(-69.60868, 42.51296)"
Jul,presence,"c(-69.11859, 41.06112)"
Jul,presence,"c(-71.88, 40.72)"
Jul,presence,"c(-68.57426, 43.22998)"
Jul,presence,"c(-68.49183, 43.44017)"
Jul,presence,"c(-69.2805, 41.32506)"
Jul,presence,"c(-68.56548, 41.97665)"
Jul,presence,"c(-68.59961, 43.32931)"
Jul,presence,"c(-69.2738, 41.40464)"
Jul,presence,"c(-68.74816, 43.20472)"
Jul,presence,"c(-69.18447, 42.68648)"
Jul,presence,"c(-70.167, 43)"
Jul,presence,"c(-72.867, 40.267)"
Jul,presence,"c(-68.73367, 42.98962)"
Jul,presence,"c(-70.38146, 41.10233)"
Jul,presence,"c(-68.86087, 42.75983)"
Jul,presence,"c(-66.35587, 42.17911)"
Jul,presence,"c(-69.42, 41.66)"
Jul,presence,"c(-66.606751, 43.245018)"
Jul,presence,"c(-71.215457, 40.435016)"
Jul,presence,"c(-67.749893, 42.718613)"
Jul,presence,"c(-69.21366, 43.05)"
Jul,presence,"c(-66.40627, 42.38464)"
Jul,presence,"c(-68.8812, 42.68671)"
Jul,presence,"c(-69.1705, 42.41733)"
Jul,presence,"c(-69.34651, 41.46413)"
Jul,presence,"c(-69.43344, 42.85964)"
Jul,presence,"c(-68.9674, 43.09887)"
Jul,presence,"c(-68.43567, 41.46083)"
Jul,presence,"c(-68.42352, 43.18095)"
Jul,presence,"c(-68.89867, 41.39167)"
Jul,presence,"c(-69.19133, 41.12567)"
Jul,presence,"c(-71.04668, 40.93053)"
Jul,presence,"c(-68.61185, 42.31129)"
Jul,presence,"c(-69.54644, 41.96792)"
Jul,presence,"c(-69.79848, 41.96973)"
Jul,presence,"c(-66.501846, 43.157642)"
Jul,presence,"c(-69.17132, 41.33286)"
Jul,presence,"c(-69.63, 41.93)"
Jul,presence,"c(-68.61934, 42.186)"
Jul,presence,"c(-68.99033, 41.70167)"
Jul,presence,"c(-68.47882, 42.36582)"
Jul,presence,"c(-69.36967, 41.79565)"
Jul,presence,"c(-68.95895, 41.22489)"
Jul,presence,"c(-68.68294, 43.39108)"
Jul,presence,"c(-67.93613, 43.84157)"
Jul,presence,"c(-69.57361, 42.52066)"
Jul,presence,"c(-69.20489, 42.8434)"
Jul,presence,"c(-67.767, 43.833)"
Jul,presence,"c(-69.10523, 42.27307)"
Jul,presence,"c(-68.73393, 43.04958)"
Jul,presence,"c(-68.13313, 43.46963)"
Jul,presence,"c(-68.4871, 42.80467)"
Jul,presence,"c(-67.88167, 43.49333)"
Jul,presence,"c(-68.64943, 41.76383)"
Jul,presence,"c(-68.215, 43.49)"
Jul,presence,"c(-69.75336, 43.25356)"
Jul,presence,"c(-70.3894, 40.8564)"
Jul,presence,"c(-69.64266, 43.20522)"
Jul,presence,"c(-69.40596, 42.98937)"
Jul,presence,"c(-69.29566, 41.14068)"
Jul,presence,"c(-69.07437, 42.59303)"
Jul,presence,"c(-69.29687, 42.25397)"
Jul,presence,"c(-69.92084, 42.1015)"
Jul,presence,"c(-69.56117, 42.87951)"
Jul,presence,"c(-70.0735816956, 43.1322517395)"
Jul,presence,"c(-68.77683, 41.78967)"
Jul,presence,"c(-69.02016, 41.263)"
Jul,presence,"c(-68.8821, 42.38273)"
Jul,presence,"c(-69.17592, 41.33298)"
Jul,presence,"c(-65.22665, 42.93799)"
Jul,presence,"c(-69.29252, 42.64714)"
Jul,presence,"c(-68.25817, 42.15656)"
Jul,presence,"c(-69.85909, 42.01742)"
Jul,presence,"c(-69.07867, 41.176)"
Jul,presence,"c(-72.86678, 40.40395)"
Jul,presence,"c(-70.21222, 42.92244)"
Jul,presence,"c(-69.31291, 43.03836)"
Jul,presence,"c(-69.00163, 42.33513)"
Jul,presence,"c(-70.02, 39.89)"
Jul,presence,"c(-70.7141, 42.37549)"
Jul,presence,"c(-69.126, 41.63917)"
Jul,presence,"c(-69.83846, 41.94427)"
Jul,presence,"c(-68.52728, 41.81808)"
Jul,presence,"c(-70.16417, 42.4855)"
Jul,presence,"c(-69.5, 41.933)"
Jul,presence,"c(-69.13445, 41.19858)"
Jul,presence,"c(-69.56706, 42.07991)"
Jul,presence,"c(-67.865578, 42.816158)"
Jul,presence,"c(-71.70667, 40.88271)"
Jul,presence,"c(-67.93882, 43.85892)"
Jul,presence,"c(-68.33339, 43.324)"
Jul,presence,"c(-68.71289, 41.817)"
Jul,presence,"c(-68.84679, 42.90901)"
Jul,presence,"c(-70.035, 43.04817)"
Jul,presence,"c(-69.65911, 42.64956)"
Jul,presence,"c(-66.74187, 42.29593)"
Jul,presence,"c(-69.48856, 42.34134)"
Jul,presence,"c(-69.28603, 42.13472)"
Jul,presence,"c(-65.08343, 43.0252)"
Jul,presence,"c(-68.97466, 41.41293)"
Jul,presence,"c(-68.36322, 42.18999)"
Jul,presence,"c(-69.217, 41.883)"
Jul,presence,"c(-69.46951, 42.39618)"
Jul,presence,"c(-69.38271, 42.68017)"
Jul,presence,"c(-67.62955, 44.10083)"
Jul,presence,"c(-68.91063, 42.28687)"
Jul,presence,"c(-70.41412, 40.81558)"
Jul,presence,"c(-71.423447, 40.395998)"
Jul,presence,"c(-69.09603, 41.26687)"
Jul,presence,"c(-66.764069, 43.37661)"
Jul,presence,"c(-69.41005, 43.83611)"
Jul,presence,"c(-68.5854, 42.39304)"
Jul,presence,"c(-69.26172, 41.9428)"
Jul,presence,"c(-69.20103, 41.1965)"
Jul,presence,"c(-68.79556, 41.7038)"
Jul,presence,"c(-73, 39.083)"
Jul,presence,"c(-69.59407, 42.59913)"
Jul,presence,"c(-70.0560073853, 43.2179946899)"
Jul,presence,"c(-65.93742, 41.24)"
Jul,presence,"c(-69.95, 42.32836)"
Jul,presence,"c(-68.60783, 41.88192)"
Jul,presence,"c(-68.76817, 41.24208)"
Jul,presence,"c(-67.633, 43.933)"
Jul,presence,"c(-68.917, 40.683)"
Jul,presence,"c(-69.16552, 41.62212)"
Jul,presence,"c(-69.58465, 41.5965)"
Jul,presence,"c(-69.45188, 41.4923)"
Jul,presence,"c(-67.096017, 45.078967)"
Jul,presence,"c(-70.365324, 40.925672)"
Jul,presence,"c(-68.481087, 43.330177)"
Jul,presence,"c(-67.90839, 42.11672)"
Jul,presence,"c(-68.39509, 43.44099)"
Jul,presence,"c(-69.69227, 42.09995)"
Jul,presence,"c(-69.07041, 41.56695)"
Jul,presence,"c(-68.62152, 43.574)"
Jul,presence,"c(-69.99467, 42.4612)"
Jul,presence,"c(-71.928404, 40.655429)"
Jul,presence,"c(-69.18325, 42.14171)"
Jul,presence,"c(-66.5493, 42.19184)"
Jul,presence,"c(-65.183167, 42.533005)"
Jul,presence,"c(-68.99317, 42.11601)"
Jul,presence,"c(-68.5334, 43.41177)"
Jul,presence,"c(-68.90736, 41.5216)"
Jul,presence,"c(-67.187, 44.34566)"
Jul,presence,"c(-68.97015, 41.053)"
Jul,presence,"c(-70.31141, 42.09392)"
Jul,presence,"c(-69.85365, 42.0765)"
Jul,presence,"c(-71.67636, 40.43867)"
Jul,presence,"c(-67.583, 44.133)"
Jul,presence,"c(-69.23695, 41.51373)"
Jul,presence,"c(-68.99989, 41.616)"
Jul,presence,"c(-70.41554, 42.21575)"
Jul,presence,"c(-68.76017, 41.28167)"
Jul,presence,"c(-68.74138, 42.10771)"
Jul,presence,"c(-68.84419, 42.69968)"
Jul,presence,"c(-67.026627, 42.40889)"
Jul,presence,"c(-69.09619, 42.10938)"
Jul,presence,"c(-69.42842, 43.58916)"
Jul,presence,"c(-67.66525, 42.0905)"
Jul,presence,"c(-65.61867, 42.94449)"
Jul,presence,"c(-66.54263, 42.38172)"
Jul,presence,"c(-69.45, 41.57)"
Jul,presence,"c(-69.02185, 42.69879)"
Jul,presence,"c(-69.3045, 41.86617)"
Jul,presence,"c(-67.09575, 44.258)"
Jul,presence,"c(-69.20455, 42.9637)"
Jul,presence,"c(-68.74733, 41.4805)"
Jul,presence,"c(-69.94702, 42.25695)"
Jul,presence,"c(-68.92212, 43.05944)"
Jul,presence,"c(-70.275, 42.16583)"
Jul,presence,"c(-70.02029, 40.43459)"
Jul,presence,"c(-68.95597, 41.73254)"
Jul,presence,"c(-68.74138, 42.44516)"
Jul,presence,"c(-71.994088, 40.720598)"
Jul,presence,"c(-69.346, 41.3055)"
Jul,presence,"c(-68.26204, 42.41001)"
Jul,presence,"c(-69.77025, 41.43001)"
Jul,presence,"c(-69.9945, 43.18284)"
Jul,presence,"c(-69.74595, 41.80215)"
Jul,presence,"c(-68.4415, 43.1185)"
Jul,presence,"c(-67.85439, 42.36982)"
Jul,presence,"c(-67.59517, 43.40067)"
Jul,presence,"c(-70.44453, 42.30308)"
Jul,presence,"c(-68.24658, 42.37282)"
Jul,presence,"c(-69.66417, 41.4725)"
Jul,presence,"c(-68.82934, 42.33017)"
Jul,presence,"c(-69.24826, 41.75949)"
Jul,presence,"c(-69.86892, 41.83974)"
Jul,presence,"c(-69.10423, 41.97269)"
Jul,presence,"c(-69.39783, 41.19836)"
Jul,presence,"c(-70.42342, 41.96)"
Jul,presence,"c(-69.51891, 42.29932)"
Jul,presence,"c(-68.87608, 41.66928)"
Jul,presence,"c(-69.39406, 41.61487)"
Jul,presence,"c(-69.21328, 41.65877)"
Jul,presence,"c(-69.13053, 40.569)"
Jul,presence,"c(-69.85733, 43.02217)"
Jul,presence,"c(-69.51404, 42.28678)"
Jul,presence,"c(-67.413994, 43.910465)"
Jul,presence,"c(-67.121048, 42.259335)"
Jul,presence,"c(-67.185, 44.352)"
Jul,presence,"c(-70.45282, 42.585)"
Jul,presence,"c(-68.62365, 41.4724)"
Jul,presence,"c(-69.65397, 41.68962)"
Jul,presence,"c(-69.8086, 42.305)"
Jul,presence,"c(-65.42133, 42.93219)"
Jul,presence,"c(-68.69305, 43.15172)"
Jul,presence,"c(-70.033, 43.35)"
Jul,presence,"c(-71.852619, 40.575053)"
Jul,presence,"c(-68.34855, 41.93218)"
Jul,presence,"c(-70.87736, 41.03299)"
Jul,presence,"c(-68.38512, 42.46378)"
Jul,presence,"c(-70.21986, 42.36817)"
Jul,presence,"c(-70.39791, 42.15838)"
Jul,presence,"c(-65.48375, 43.10119)"
Jul,presence,"c(-68.86392, 42.97159)"
Jul,presence,"c(-66.313, 44.688)"
Jul,presence,"c(-70.267, 40.567)"
Jul,presence,"c(-68.97935, 41.91258)"
Jul,presence,"c(-71.467, 40.833)"
Jul,presence,"c(-65.47704, 42.92679)"
Jul,presence,"c(-67.06739, 42.344349)"
Jul,presence,"c(-66.61138, 44.7211)"
Jul,presence,"c(-69.8865, 42.80888)"
Jul,presence,"c(-67.998184, 42.928253)"
Jul,presence,"c(-68.36118, 42.40686)"
Jul,presence,"c(-68.05874, 43.23724)"
Jul,presence,"c(-69.17815, 42.94085)"
Jul,presence,"c(-66.864, 43.604)"
Jul,presence,"c(-68.06392, 43.69906)"
Jul,presence,"c(-69.48656, 41.69262)"
Jul,presence,"c(-71.02182, 40.84375)"
Jul,presence,"c(-69.95817, 42.17374)"
Jul,presence,"c(-68.203201, 43.0994)"
Jul,presence,"c(-69.91454, 42.20724)"
Jul,presence,"c(-68.90567, 42.80175)"
Jul,presence,"c(-69.84451, 42.54743)"
Jul,presence,"c(-67.559471, 44.028343)"
Jul,presence,"c(-69.68684, 41.90839)"
Jul,presence,"c(-68.57584, 41.62767)"
Jul,presence,"c(-65.16963, 43.10071)"
Jul,presence,"c(-69.47366, 43.34517)"
Jul,presence,"c(-68.29278, 42.11644)"
Jul,presence,"c(-68.08672, 43.92539)"
Jul,presence,"c(-69.13815, 42.51324)"
Jul,presence,"c(-66.812553, 42.744682)"
Jul,presence,"c(-68.56601, 43.31182)"
Jul,presence,"c(-69.87959, 42.73711)"
Jul,presence,"c(-68.1995, 43.5449)"
Jul,presence,"c(-69.65849, 43.15316)"
Jul,presence,"c(-68.15, 43.967)"
Jul,presence,"c(-68.35034, 41.809)"
Jul,presence,"c(-72.223018, 39.91528)"
Jul,presence,"c(-69.50183, 41.1225)"
Jul,presence,"c(-65.23128, 42.96232)"
Jul,presence,"c(-65.5424, 42.97744)"
Jul,presence,"c(-67.511, 44.241)"
Jul,presence,"c(-70.00789, 42.38166)"
Jul,presence,"c(-67.61995, 42.1845)"
Jul,presence,"c(-65.32476, 43.295624)"
Jul,presence,"c(-70.72967, 42.42683)"
Jul,presence,"c(-69.68941, 43.20154)"
Jul,presence,"c(-69.29835, 42.34442)"
Jul,presence,"c(-69.39032, 42.87577)"
Jul,presence,"c(-69.04733, 41.36666)"
Jul,presence,"c(-69.536, 41.6436)"
Jul,presence,"c(-69.01208, 42.81901)"
Jul,presence,"c(-66.07274, 42.32993)"
Jul,presence,"c(-72.570252, 40.548108)"
Jul,presence,"c(-69.92166, 42.97775)"
Jul,presence,"c(-69.00521, 42.76006)"
Jul,presence,"c(-71.492776, 40.460348)"
Jul,presence,"c(-69.02683, 42.71833)"
Jul,presence,"c(-68.50517, 41.90575)"
Jul,presence,"c(-68.9639, 42.03331)"
Jul,presence,"c(-71.865999, 40.061273)"
Jul,presence,"c(-69.78734, 42.90861)"
Jul,presence,"c(-69.76915, 41.55488)"
Jul,presence,"c(-68.81616, 41.54482)"
Jul,presence,"c(-68.49772, 41.71778)"
Jul,presence,"c(-69.083, 41.9)"
Jul,presence,"c(-67.65, 43.75)"
Jul,presence,"c(-71.383, 40.65)"
Jul,presence,"c(-69.47474, 41.84982)"
Jul,presence,"c(-67.53094, 43.7675)"
Jul,presence,"c(-70.458, 40.9767)"
Jul,presence,"c(-69.01686, 40.26069)"
Jul,presence,"c(-69.44651, 42.90978)"
Jul,presence,"c(-69.88789, 41.44961)"
Jul,presence,"c(-70.35194, 42.38513)"
Jul,presence,"c(-69.39523, 43.20811)"
Jul,presence,"c(-67.75, 43.967)"
Jul,presence,"c(-68.62342, 41.45509)"
Jul,presence,"c(-67.916, 44.101)"
Jul,presence,"c(-69.45883, 43.15967)"
Jul,presence,"c(-69.84958, 41.79952)"
Jul,presence,"c(-69.2139, 42.57124)"
Jul,presence,"c(-70.16604, 42.74799)"
Jul,presence,"c(-66.617561, 43.047192)"
Jul,presence,"c(-68.44416, 43.77183)"
Jul,presence,"c(-67.95949, 43.93048)"
Jul,presence,"c(-68.71165, 42.28814)"
Jul,presence,"c(-68.06088, 43.4095)"
Jul,presence,"c(-68.19979, 41.92631)"
Jul,presence,"c(-68.6985, 43.34184)"
Jul,presence,"c(-68.13375, 43.25073)"
Jul,presence,"c(-69.37986, 42.04014)"
Jul,presence,"c(-69.34633, 43.33533)"
Jul,presence,"c(-69.75803, 42.41013)"
Jul,presence,"c(-68.57535, 42.11199)"
Jul,presence,"c(-68.5205, 42.30184)"
Jul,presence,"c(-68.93002, 42.51266)"
Jul,presence,"c(-66.767, 40.567)"
Jul,presence,"c(-70.4981, 40.7987)"
Jul,presence,"c(-66.54491, 44.666)"
Jul,presence,"c(-67.683, 43.95)"
Jul,presence,"c(-67.10511, 44.364)"
Jul,presence,"c(-69.2375, 41.29533)"
Jul,presence,"c(-67.82653, 42.25164)"
Jul,presence,"c(-67.333, 44.25)"
Jul,presence,"c(-69.23898, 42.1115)"
Jul,presence,"c(-69.28424, 41.01832)"
Jul,presence,"c(-66.87996, 42.31662)"
Jul,presence,"c(-67.566399, 42.563198)"
Jul,presence,"c(-69.99975, 40.65158)"
Jul,presence,"c(-65.39449, 42.85513)"
Jul,presence,"c(-69.55766, 41.474)"
Jul,presence,"c(-70.02337, 42.4843)"
Jul,presence,"c(-69.64876, 42.05171)"
Jul,presence,"c(-70.6831, 40.7727)"
Jul,presence,"c(-69.98547, 41.95999)"
Jul,presence,"c(-68.64975, 41.60933)"
Jul,presence,"c(-70.28071, 42.28283)"
Jul,presence,"c(-71.833, 39.95)"
Jul,presence,"c(-68.36692, 43.53537)"
Jul,presence,"c(-69.32586, 42.53256)"
Jul,presence,"c(-68.25, 43.667)"
Jul,presence,"c(-66.28818, 44.647)"
Jul,presence,"c(-68.82754, 41.94118)"
Jul,presence,"c(-68.98431, 43.24147)"
Jul,presence,"c(-66.43254, 42.16895)"
Jul,presence,"c(-68.54628, 41.93851)"
Jul,presence,"c(-69.07991, 43.02882)"
Jul,presence,"c(-68.78467, 41.589)"
Jul,presence,"c(-67.96217, 43.845)"
Jul,presence,"c(-67.967, 43.75)"
Jul,presence,"c(-69.64791, 42.01275)"
Jul,presence,"c(-68.3336, 43.38241)"
Jul,presence,"c(-68.23278, 42.08004)"
Jul,presence,"c(-69.61179, 42.82051)"
Jul,presence,"c(-69.89653, 42.368)"
Jul,presence,"c(-66.980675, 42.481968)"
Jul,presence,"c(-70.00879, 40.63668)"
Jul,presence,"c(-67.4438, 44.25114)"
Jul,presence,"c(-68.5554, 41.45727)"
Jul,presence,"c(-68.28249, 43.62202)"
Jul,presence,"c(-66.74783, 42.14364)"
Jul,presence,"c(-68.48583, 43.0775)"
Jul,presence,"c(-67.73133, 43.76883)"
Jul,presence,"c(-68.11327, 42.02509)"
Jul,presence,"c(-69.85165, 42.23486)"
Jul,presence,"c(-69.15877, 42.20042)"
Jul,presence,"c(-68.23544, 42.49481)"
Jul,presence,"c(-68.64508, 42.23158)"
Jul,presence,"c(-69.48803, 42.66548)"
Jul,presence,"c(-69.65, 41.867)"
Jul,presence,"c(-69.07844, 42.39307)"
Jul,presence,"c(-71.790644, 40.777472)"
Jul,presence,"c(-71.15, 40.7)"
Jul,presence,"c(-67.24997, 43.777103)"
Jul,presence,"c(-69.99706, 42.77067)"
Jul,presence,"c(-68.93158, 41.49512)"
Jul,presence,"c(-69.73944, 41.11983)"
Jul,presence,"c(-69.24133, 42.47972)"
Jul,presence,"c(-68.50362, 42.05138)"
Jul,presence,"c(-67.36809, 42.2819)"
Jul,presence,"c(-66.38027, 44.134)"
Jul,presence,"c(-70.01644, 42.85763)"
Jul,presence,"c(-69.35282, 42.45259)"
Jul,presence,"c(-68.76258, 41.37567)"
Jul,presence,"c(-70.75228, 41.12067)"
Jul,presence,"c(-68.44337, 42.47658)"
Jul,presence,"c(-66.353, 45.022)"
Jul,presence,"c(-69.30746, 43.00848)"
Jul,presence,"c(-69.2629, 42.75416)"
Jul,presence,"c(-70.18578, 42.16394)"
Jul,presence,"c(-68.61929, 42.0663)"
Jul,presence,"c(-69.03256, 42.00367)"
Jul,presence,"c(-69.68159, 42.6171)"
Jul,presence,"c(-71.81, 40.91)"
Jul,presence,"c(-69.31756, 41.55355)"
Jul,presence,"c(-70.34184, 42.66075)"
Jul,presence,"c(-67.10265, 44.339)"
Jul,presence,"c(-67.87291, 43.57017)"
Jul,presence,"c(-66.75605, 41.13098)"
Jul,presence,"c(-69.37672, 42.20511)"
Jul,presence,"c(-68.48323, 41.83677)"
Jul,presence,"c(-69.79975, 42.63625)"
Jul,presence,"c(-66.931, 44.296)"
Jul,presence,"c(-68.53611, 41.79596)"
Jul,presence,"c(-68.69414, 41.92157)"
Jul,presence,"c(-66.34119, 42.25147)"
Jul,presence,"c(-69.27058, 41.66342)"
Jul,presence,"c(-68.83767, 42.406)"
Jul,presence,"c(-67.328476, 43.841187)"
Jul,presence,"c(-70.6546, 40.6705)"
Jul,presence,"c(-67.783, 43.85)"
Jul,presence,"c(-68.28408, 42.37983)"
Jul,presence,"c(-68.87183, 42.05183)"
Jul,presence,"c(-68.06503, 41.91835)"
Jul,presence,"c(-68.75278, 41.79989)"
Jul,presence,"c(-67.836678, 42.791855)"
Jul,presence,"c(-70.63575, 40.96016)"
Jul,presence,"c(-68.669457, 43.484364)"
Jul,presence,"c(-68.84891, 43.25194)"
Jul,presence,"c(-68.89869, 42.50502)"
Jul,presence,"c(-68.5415, 43.05067)"
Jul,presence,"c(-67.76667, 42.18417)"
Jul,presence,"c(-69.783, 40.2)"
Jul,presence,"c(-65.6152, 42.706)"
Jul,presence,"c(-70.517, 41.033)"
Jul,presence,"c(-70.92423, 40.96006)"
Jul,presence,"c(-68.61267, 43.4405)"
Jul,presence,"c(-71.117, 40.7)"
Jul,presence,"c(-69.17159, 42.63981)"
Jul,presence,"c(-68.98561, 42.56775)"
Jul,presence,"c(-69.867, 43.267)"
Jul,presence,"c(-70.9, 40.917)"
Jul,presence,"c(-69.52739, 41.8634)"
Jul,presence,"c(-69.4386, 42.10091)"
Jul,presence,"c(-68.59957, 43.27241)"
Jul,presence,"c(-67.96687, 43.49488)"
Jul,presence,"c(-67.2355, 44.23917)"
Jul,presence,"c(-68.79912, 41.80012)"
Jul,presence,"c(-70.583, 40.8)"
Jul,presence,"c(-69.21388, 41.81111)"
Jul,presence,"c(-68.84043, 42.48092)"
Jul,presence,"c(-68.172, 43.77133)"
Jul,presence,"c(-71.85, 40.78)"
Jul,presence,"c(-72.24, 40.71)"
Jul,background,"c(-68.8041704244955, 41.3476106375889)"
Jul,background,"c(-72.0947213947015, 40.6072366692925)"
Jul,background,"c(-72.0947213947015, 40.7717642178028)"
Jul,background,"c(-69.9558632640676, 42.4170397029058)"
Jul,background,"c(-69.8735994898124, 42.499303477161)"
Jul,background,"c(-70.1203908125779, 42.7460947999264)"
Jul,background,"c(-72.2592489432118, 40.4427091207822)"
Jul,background,"c(-67.5702138106682, 40.2781815722719)"
Jul,background,"c(-70.2849183610882, 40.6072366692925)"
Jul,background,"c(-69.7090719413021, 41.8411932831198)"
Jul,background,"c(-67.981532681944, 43.8977876394986)"
Jul,background,"c(-69.5445443927918, 43.4864687682228)"
Jul,background,"c(-68.6396428759852, 43.0751498969471)"
Jul,background,"c(-68.8864341987506, 42.499303477161)"
Jul,background,"c(-71.0252923293846, 40.9362917663131)"
Jul,background,"c(-69.2977530700264, 41.0185555405683)"
Jul,background,"c(-69.0509617472609, 42.9928861226919)"
Jul,background,"c(-72.0947213947015, 39.8668627009962)"
Jul,background,"c(-68.3105877789646, 43.4864687682228)"
Jul,background,"c(-70.3671821353433, 42.3347759286507)"
Jul,background,"c(-70.6139734581088, 42.8283585741816)"
Jul,background,"c(-69.626808167047, 43.4042049939677)"
Jul,background,"c(-67.5702138106682, 43.1574136712022)"
Jul,background,"c(-69.3800168442815, 41.9234570573749)"
Jul,background,"c(-69.5445443927918, 43.2396774454574)"
Jul,background,"c(-68.3928515532197, 40.7717642178028)"
Jul,background,"c(-70.4494459095985, 40.9362917663131)"
Jul,background,"c(-69.0509617472609, 42.0879846058852)"
Jul,background,"c(-71.1075561036397, 40.9362917663131)"
Jul,background,"c(-67.6524775849234, 43.8977876394986)"
Jul,background,"c(-69.1332255215161, 42.0057208316301)"
Jul,background,"c(-70.5317096838536, 40.9362917663131)"
Jul,background,"c(-69.2977530700264, 41.5121381860992)"
Jul,background,"c(-68.2283240047094, 43.6509963167331)"
Jul,background,"c(-68.8041704244955, 42.0057208316301)"
Jul,background,"c(-69.7090719413021, 41.6766657346095)"
Jul,background,"c(-69.2154892957712, 42.1702483801404)"
Jul,background,"c(-69.2154892957712, 41.9234570573749)"
Jul,background,"c(-70.2849183610882, 43.1574136712022)"
Jul,background,"c(-70.1203908125779, 40.4427091207822)"
Jul,background,"c(-69.7913357155573, 42.3347759286507)"
Jul,background,"c(-71.6011387491706, 39.7023351524859)"
Jul,background,"c(-69.9558632640676, 40.854027992058)"
Jul,background,"c(-68.9686979730058, 41.3476106375889)"
Jul,background,"c(-72.1769851689567, 39.5378076039756)"
Jul,background,"c(-69.0509617472609, 41.2653468633337)"
Jul,background,"c(-72.2592489432118, 39.7023351524859)"
Jul,background,"c(-70.0381270383227, 42.3347759286507)"
Jul,background,"c(-68.9686979730058, 42.4170397029058)"
Jul,background,"c(-68.7219066502403, 41.5121381860992)"
Jul,background,"c(-69.5445443927918, 42.0879846058852)"
Jul,background,"c(-68.7219066502403, 42.9928861226919)"
Jul,background,"c(-67.6524775849234, 43.1574136712022)"
Jul,background,"c(-69.4622806185367, 42.0057208316301)"
Jul,background,"c(-69.4622806185367, 42.6638310256713)"
Jul,background,"c(-69.1332255215161, 41.429874411844)"
Jul,background,"c(-68.8041704244955, 41.429874411844)"
Jul,background,"c(-68.3928515532197, 41.7589295088646)"
Jul,background,"c(-68.1460602304543, 43.568732542478)"
Jul,background,"c(-68.0637964561991, 43.8155238652434)"
Jul,background,"c(-69.1332255215161, 41.1008193148234)"
Jul,background,"c(-69.7913357155573, 41.9234570573749)"
Jul,background,"c(-67.8992689076888, 43.9800514137537)"
Jul,background,"c(-65.5958832285446, 42.9106223484367)"
Jul,background,"c(-68.8041704244955, 42.3347759286507)"
Jul,background,"c(-72.341512717467, 39.784598926741)"
Jul,background,"c(-68.8864341987506, 42.4170397029058)"
Jul,background,"c(-69.2154892957712, 41.8411932831198)"
Jul,background,"c(-69.8735994898124, 42.0057208316301)"
Jul,background,"c(-69.0509617472609, 42.4170397029058)"
Jul,background,"c(-70.6962372323639, 42.7460947999264)"
Jul,background,"c(-70.0381270383227, 42.9928861226919)"
Jul,background,"c(-68.55737910173, 42.0879846058852)"
Jul,background,"c(-67.8170051334337, 43.1574136712022)"
Jul,background,"c(-65.5136194542894, 42.9106223484367)"
Jul,background,"c(-69.4622806185367, 42.9106223484367)"
Jul,background,"c(-68.8041704244955, 42.2525121543955)"
Jul,background,"c(-68.9686979730058, 42.5815672514161)"
Jul,background,"c(-69.3800168442815, 42.9928861226919)"
Jul,background,"c(-69.1332255215161, 42.2525121543955)"
Jul,background,"c(-69.0509617472609, 41.3476106375889)"
Jul,background,"c(-69.2977530700264, 43.568732542478)"
Jul,background,"c(-68.55737910173, 43.0751498969471)"
Jul,background,"c(-73.2464142342736, 38.8796974099344)"
Jul,background,"c(-68.3928515532197, 41.8411932831198)"
Jul,background,"c(-68.8041704244955, 43.3219412197125)"
Jul,background,"c(-68.55737910173, 42.1702483801404)"
Jul,background,"c(-68.8041704244955, 41.1830830890786)"
Jul,background,"c(-68.3105877789646, 42.1702483801404)"
Jul,background,"c(-67.3234224879028, 42.4170397029058)"
Jul,background,"c(-68.8041704244955, 41.5121381860992)"
Jul,background,"c(-70.1203908125779, 42.9928861226919)"
Jul,background,"c(-67.8170051334337, 44.0623151880089)"
Jul,background,"c(-69.626808167047, 40.6895004435477)"
Jul,background,"c(-68.4751153274749, 42.0057208316301)"
Jul,background,"c(-69.2977530700264, 41.6766657346095)"
Jul,background,"c(-70.0381270383227, 40.6895004435477)"
Jul,background,"c(-68.6396428759852, 41.8411932831198)"
Jul,background,"c(-71.5188749749155, 40.854027992058)"
Jul,background,"c(-68.9686979730058, 43.4864687682228)"
Jul,background,"c(-68.8864341987506, 41.5121381860992)"
Jul,background,"c(-69.0509617472609, 41.1830830890786)"
Jul,background,"c(-70.1203908125779, 43.3219412197125)"
Jul,background,"c(-69.626808167047, 42.0057208316301)"
Jul,background,"c(-69.4622806185367, 41.6766657346095)"
Jul,background,"c(-68.3928515532197, 42.3347759286507)"
Jul,background,"c(-69.2977530700264, 41.7589295088646)"
Jul,background,"c(-72.5060402659773, 39.784598926741)"
Jul,background,"c(-69.626808167047, 41.7589295088646)"
Jul,background,"c(-70.2849183610882, 42.6638310256713)"
Jul,background,"c(-69.626808167047, 42.5815672514161)"
Jul,background,"c(-72.8350953629979, 38.8796974099344)"
Jul,background,"c(-71.7656662976809, 39.7023351524859)"
Jul,background,"c(-70.1203908125779, 42.0879846058852)"
Jul,background,"c(-68.0637964561991, 43.4864687682228)"
Jul,background,"c(-69.626808167047, 42.9106223484367)"
Jul,background,"c(-69.2154892957712, 42.0879846058852)"
Jul,background,"c(-67.8992689076888, 43.4864687682228)"
Jul,background,"c(-69.5445443927918, 43.1574136712022)"
Jul,background,"c(-68.8864341987506, 41.3476106375889)"
Jul,background,"c(-73.6577331055494, 40.1959177980168)"
Jul,background,"c(-67.6524775849234, 42.9928861226919)"
Jul,background,"c(-68.9686979730058, 42.0057208316301)"
Jul,background,"c(-73.1641504600185, 38.9619611841895)"
Jul,background,"c(-67.4056862621579, 44.0623151880089)"
Jul,background,"c(-70.1203908125779, 41.1008193148234)"
Jul,background,"c(-68.1460602304543, 43.8155238652434)"
Jul,background,"c(-68.9686979730058, 42.1702483801404)"
Jul,background,"c(-71.1075561036397, 40.1136540237616)"
Jul,background,"c(-68.2283240047094, 40.4427091207822)"
Jul,background,"c(-69.4622806185367, 43.0751498969471)"
Jul,background,"c(-69.7090719413021, 43.1574136712022)"
Jul,background,"c(-65.9249383255652, 41.2653468633337)"
Jul,background,"c(-72.0124576204464, 40.2781815722719)"
Jul,background,"c(-71.8479300719361, 39.5378076039756)"
Jul,background,"c(-66.5830485196064, 44.7204253820501)"
Jul,background,"c(-70.202654586833, 42.2525121543955)"
Jul,background,"c(-67.8992689076888, 43.8155238652434)"
Jul,background,"c(-69.626808167047, 43.2396774454574)"
Jul,background,"c(-69.0509617472609, 42.5815672514161)"
Jul,background,"c(-71.8479300719361, 39.784598926741)"
Jul,background,"c(-68.8864341987506, 41.7589295088646)"
Jul,background,"c(-71.6834025234258, 39.784598926741)"
Jul,background,"c(-69.0509617472609, 41.0185555405683)"
Jul,background,"c(-70.0381270383227, 40.6072366692925)"
Jul,background,"c(-69.7090719413021, 42.2525121543955)"
Jul,background,"c(-70.6962372323639, 41.429874411844)"
Jul,background,"c(-69.626808167047, 41.429874411844)"
Jul,background,"c(-69.7913357155573, 41.7589295088646)"
Jul,background,"c(-69.0509617472609, 41.7589295088646)"
Jul,background,"c(-69.3800168442815, 41.6766657346095)"
Jul,background,"c(-72.4237764917221, 39.3732800554653)"
Jul,background,"c(-70.3671821353433, 43.0751498969471)"
Jul,background,"c(-67.3234224879028, 44.0623151880089)"
Jul,background,"c(-68.8864341987506, 42.8283585741816)"
Jul,background,"c(-68.7219066502403, 42.0057208316301)"
Jul,background,"c(-69.5445443927918, 41.9234570573749)"
Jul,background,"c(-69.1332255215161, 42.0879846058852)"
Jul,background,"c(-70.202654586833, 42.3347759286507)"
Jul,background,"c(-68.9686979730058, 41.429874411844)"
Jul,background,"c(-69.2977530700264, 41.3476106375889)"
Jul,background,"c(-72.1769851689567, 40.4427091207822)"
Jul,background,"c(-67.6524775849234, 42.4170397029058)"
Jul,background,"c(-68.4751153274749, 42.4170397029058)"
Jul,background,"c(-69.2154892957712, 42.3347759286507)"
Jul,background,"c(-72.5883040402324, 40.1136540237616)"
Jul,background,"c(-68.0637964561991, 44.0623151880089)"
Jul,background,"c(-71.27208365215, 40.0313902495065)"
Jul,background,"c(-71.9301938461912, 40.6895004435477)"
Jul,background,"c(-72.2592489432118, 40.3604453465271)"
Jul,background,"c(-68.7219066502403, 42.499303477161)"
Jul,background,"c(-69.1332255215161, 41.3476106375889)"
Jul,background,"c(-69.4622806185367, 41.429874411844)"
Jul,background,"c(-66.4185209710961, 42.1702483801404)"
Jul,background,"c(-69.2154892957712, 41.5121381860992)"
Jul,background,"c(-69.1332255215161, 41.5944019603543)"
Jul,background,"c(-72.2592489432118, 39.4555438297204)"
Jul,background,"c(-69.2977530700264, 41.2653468633337)"
Jul,background,"c(-69.7913357155573, 42.8283585741816)"
Jul,background,"c(-69.9558632640676, 43.1574136712022)"
Jul,background,"c(-69.8735994898124, 42.3347759286507)"
Jul,background,"c(-72.4237764917221, 39.5378076039756)"
Jul,background,"c(-67.8992689076888, 42.9928861226919)"
Jul,background,"c(-69.4622806185367, 43.1574136712022)"
Jul,background,"c(-70.9430285551294, 39.6200713782307)"
Jul,background,"c(-69.9558632640676, 43.0751498969471)"
Jul,background,"c(-71.6011387491706, 39.6200713782307)"
Jul,background,"c(-68.3928515532197, 42.2525121543955)"
Jul,background,"c(-73.2464142342736, 39.0442249584447)"
Jul,background,"c(-68.55737910173, 41.9234570573749)"
Jul,background,"c(-69.2977530700264, 40.854027992058)"
Jul,background,"c(-69.8735994898124, 42.1702483801404)"
Jul,background,"c(-66.1717296483306, 42.1702483801404)"
Jul,background,"c(-69.0509617472609, 42.7460947999264)"
Jul,background,"c(-66.8298398423719, 42.2525121543955)"
Jul,background,"c(-67.8170051334337, 42.7460947999264)"
Jul,background,"c(-68.0637964561991, 42.0879846058852)"
Jul,background,"c(-70.1203908125779, 42.5815672514161)"
Jul,background,"c(-72.2592489432118, 39.784598926741)"
Jul,background,"c(-69.2154892957712, 41.3476106375889)"
Jul,background,"c(-71.6834025234258, 39.5378076039756)"
Jul,background,"c(-67.4056862621579, 42.1702483801404)"
Jul,background,"c(-68.8864341987506, 42.1702483801404)"
Jul,background,"c(-72.2592489432118, 39.8668627009962)"
Jul,background,"c(-69.0509617472609, 41.6766657346095)"
Jul,background,"c(-68.6396428759852, 41.7589295088646)"
Jul,background,"c(-69.626808167047, 43.3219412197125)"
Jul,background,"c(-68.3105877789646, 41.8411932831198)"
Jul,background,"c(-67.2411587136476, 44.3091065107743)"
Jul,background,"c(-69.7090719413021, 41.9234570573749)"
Jul,background,"c(-69.2154892957712, 41.6766657346095)"
Jul,background,"c(-67.5702138106682, 42.6638310256713)"
Jul,background,"c(-69.0509617472609, 41.429874411844)"
Jul,background,"c(-67.1588949393925, 43.9800514137537)"
Jul,background,"c(-70.202654586833, 42.9106223484367)"
Jul,background,"c(-72.341512717467, 39.3732800554653)"
Jul,background,"c(-69.4622806185367, 42.9928861226919)"
Jul,background,"c(-68.7219066502403, 43.4042049939677)"
Jul,background,"c(-68.9686979730058, 42.3347759286507)"
Jul,background,"c(-69.2977530700264, 43.0751498969471)"
Jul,background,"c(-70.5317096838536, 41.1008193148234)"
Jul,background,"c(-71.4366112006603, 39.8668627009962)"
Jul,background,"c(-72.0947213947015, 40.6895004435477)"
Jul,background,"c(-68.8864341987506, 42.2525121543955)"
Jul,background,"c(-68.9686979730058, 41.9234570573749)"
Jul,background,"c(-68.7219066502403, 42.3347759286507)"
Jul,background,"c(-68.8041704244955, 41.7589295088646)"
Jul,background,"c(-68.3105877789646, 42.0879846058852)"
Jul,background,"c(-70.0381270383227, 42.499303477161)"
Jul,background,"c(-72.7528315887427, 38.8796974099344)"
Jul,background,"c(-72.341512717467, 39.4555438297204)"
Jul,background,"c(-69.5445443927918, 42.0057208316301)"
Jul,background,"c(-71.4366112006603, 40.3604453465271)"
Jul,background,"c(-67.5702138106682, 44.144578962264)"
Jul,background,"c(-69.4622806185367, 43.568732542478)"
Jul,background,"c(-68.4751153274749, 41.9234570573749)"
Jul,background,"c(-70.2849183610882, 42.2525121543955)"
Jul,background,"c(-70.8607647808742, 41.1008193148234)"
Jul,background,"c(-69.5445443927918, 41.7589295088646)"
Jul,background,"c(-72.5060402659773, 39.5378076039756)"
Jul,background,"c(-71.27208365215, 39.9491264752513)"
Jul,background,"c(-67.981532681944, 43.0751498969471)"
Jul,background,"c(-70.0381270383227, 42.5815672514161)"
Jul,background,"c(-70.8607647808742, 40.1136540237616)"
Jul,background,"c(-70.9430285551294, 40.9362917663131)"
Jul,background,"c(-71.8479300719361, 40.4427091207822)"
Jul,background,"c(-69.0509617472609, 41.5121381860992)"
Jul,background,"c(-69.1332255215161, 41.1830830890786)"
Jul,background,"c(-68.3928515532197, 43.6509963167331)"
Jul,background,"c(-72.5060402659773, 39.1264887326998)"
Jul,background,"c(-67.0766311651373, 45.0494804790707)"
Jul,background,"c(-66.6653122938615, 42.4170397029058)"
Jul,background,"c(-67.8992689076888, 42.1702483801404)"
Jul,background,"c(-69.7090719413021, 42.1702483801404)"
Jul,background,"c(-72.2592489432118, 39.3732800554653)"
Jul,background,"c(-69.0509617472609, 42.2525121543955)"
Jul,background,"c(-69.9558632640676, 42.0057208316301)"
Jul,background,"c(-68.2283240047094, 42.3347759286507)"
Jul,background,"c(-69.2977530700264, 42.0879846058852)"
Jul,background,"c(-69.8735994898124, 42.2525121543955)"
Jul,background,"c(-66.7475760681167, 41.1830830890786)"
Jul,background,"c(-68.3928515532197, 43.4042049939677)"
Jul,background,"c(-70.2849183610882, 41.9234570573749)"
Jul,background,"c(-68.6396428759852, 41.2653468633337)"
Jul,background,"c(-69.2977530700264, 41.5944019603543)"
Jul,background,"c(-68.2283240047094, 43.4864687682228)"
Jul,background,"c(-72.6705678144876, 39.2910162812101)"
Jul,background,"c(-67.2411587136476, 44.2268427365192)"
Jul,background,"c(-70.6139734581088, 40.9362917663131)"
Jul,background,"c(-69.3800168442815, 41.5121381860992)"
Jul,background,"c(-71.1075561036397, 39.8668627009962)"
Jul,background,"c(-66.8298398423719, 44.9672167048155)"
Jul,background,"c(-68.8864341987506, 42.9928861226919)"
Jul,background,"c(-68.0637964561991, 43.2396774454574)"
Jul,background,"c(-70.2849183610882, 42.1702483801404)"
Jul,background,"c(-67.8992689076888, 42.499303477161)"
Jul,background,"c(-72.1769851689567, 39.4555438297204)"
Jul,background,"c(-69.3800168442815, 41.8411932831198)"
Jul,background,"c(-66.9943673908821, 44.2268427365192)"
Jul,background,"c(-72.5060402659773, 39.3732800554653)"
Jul,background,"c(-68.8041704244955, 41.9234570573749)"
Jul,background,"c(-69.3800168442815, 41.7589295088646)"
Jul,background,"c(-67.8170051334337, 43.8977876394986)"
Jul,background,"c(-69.7090719413021, 42.0057208316301)"
Jul,background,"c(-68.8864341987506, 41.6766657346095)"
Jul,background,"c(-68.6396428759852, 42.2525121543955)"
Jul,background,"c(-69.2154892957712, 42.7460947999264)"
Jul,background,"c(-67.5702138106682, 42.0879846058852)"
Jul,background,"c(-68.0637964561991, 43.7332600909883)"
Jul,background,"c(-67.5702138106682, 43.8977876394986)"
Jul,background,"c(-67.4879500364131, 43.3219412197125)"
Jul,background,"c(-67.4879500364131, 42.2525121543955)"
Jul,background,"c(-66.0072020998203, 41.1830830890786)"
Jul,background,"c(-68.7219066502403, 42.1702483801404)"
Jul,background,"c(-68.55737910173, 41.429874411844)"
Jul,background,"c(-66.4185209710961, 42.4170397029058)"
Jul,background,"c(-70.1203908125779, 43.0751498969471)"
Jul,background,"c(-69.2977530700264, 43.3219412197125)"
Jul,background,"c(-67.8170051334337, 42.9928861226919)"
Jul,background,"c(-68.3928515532197, 43.4864687682228)"
Jul,background,"c(-71.8479300719361, 40.6895004435477)"
Jul,background,"c(-71.6011387491706, 40.2781815722719)"
Jul,background,"c(-69.2977530700264, 41.8411932831198)"
Jul,background,"c(-69.7090719413021, 40.9362917663131)"
Jul,background,"c(-68.3928515532197, 42.0057208316301)"
Jul,background,"c(-69.0509617472609, 42.6638310256713)"
Jul,background,"c(-68.55737910173, 43.4042049939677)"
Jul,background,"c(-68.7219066502403, 42.4170397029058)"
Jul,background,"c(-68.8041704244955, 42.4170397029058)"
Jul,background,"c(-69.3800168442815, 42.0057208316301)"
Jul,background,"c(-68.1460602304543, 42.1702483801404)"
Jul,background,"c(-67.8992689076888, 42.7460947999264)"
Jul,background,"c(-67.3234224879028, 43.9800514137537)"
Jul,background,"c(-69.626808167047, 41.8411932831198)"
Jul,background,"c(-68.6396428759852, 42.1702483801404)"
Jul,background,"c(-69.5445443927918, 42.6638310256713)"
Jul,background,"c(-68.4751153274749, 41.7589295088646)"
Jul,background,"c(-68.3928515532197, 43.2396774454574)"
Jul,background,"c(-69.2977530700264, 41.429874411844)"
Jul,background,"c(-69.2154892957712, 41.429874411844)"
Jul,background,"c(-68.3105877789646, 43.2396774454574)"
Jul,background,"c(-69.2154892957712, 42.0057208316301)"
Jul,background,"c(-67.4879500364131, 44.144578962264)"
Jul,background,"c(-68.8864341987506, 41.8411932831198)"
Jul,background,"c(-68.3928515532197, 41.5944019603543)"
Jul,background,"c(-72.0947213947015, 40.854027992058)"
Jul,background,"c(-68.9686979730058, 43.2396774454574)"
Jul,background,"c(-70.1203908125779, 42.6638310256713)"
Jul,background,"c(-68.2283240047094, 43.568732542478)"
Jul,background,"c(-68.55737910173, 42.4170397029058)"
Jul,background,"c(-69.4622806185367, 41.9234570573749)"
Jul,background,"c(-68.6396428759852, 42.0057208316301)"
Jul,background,"c(-70.1203908125779, 40.6895004435477)"
Jul,background,"c(-70.1203908125779, 42.8283585741816)"
Jul,background,"c(-68.8864341987506, 42.3347759286507)"
Jul,background,"c(-68.0637964561991, 42.0057208316301)"
Jul,background,"c(-68.55737910173, 41.6766657346095)"
Jul,background,"c(-69.3800168442815, 41.429874411844)"
Jul,background,"c(-72.341512717467, 40.7717642178028)"
Jul,background,"c(-71.1075561036397, 41.0185555405683)"
Jul,background,"c(-67.981532681944, 42.7460947999264)"
Jul,background,"c(-70.9430285551294, 40.3604453465271)"
Jul,background,"c(-68.6396428759852, 43.2396774454574)"
Jul,background,"c(-68.7219066502403, 41.8411932831198)"
Jul,background,"c(-68.4751153274749, 40.9362917663131)"
Jul,background,"c(-68.3105877789646, 42.499303477161)"
Jul,background,"c(-67.4879500364131, 44.2268427365192)"
Jul,background,"c(-69.8735994898124, 41.8411932831198)"
Jul,background,"c(-69.3800168442815, 41.5944019603543)"
Jul,background,"c(-69.1332255215161, 43.4864687682228)"
Jul,background,"c(-67.3234224879028, 42.3347759286507)"
Jul,background,"c(-70.0381270383227, 43.2396774454574)"
Jul,background,"c(-71.3543474264052, 39.9491264752513)"
Jul,background,"c(-69.626808167047, 41.9234570573749)"
Jul,background,"c(-69.4622806185367, 41.7589295088646)"
Jul,background,"c(-67.5702138106682, 43.9800514137537)"
Jul,background,"c(-68.8041704244955, 42.9106223484367)"
Jul,background,"c(-68.8041704244955, 41.2653468633337)"
Jul,background,"c(-68.3105877789646, 43.568732542478)"
Jul,background,"c(-68.8864341987506, 43.0751498969471)"
Jul,background,"c(-70.4494459095985, 42.7460947999264)"
Jul,background,"c(-67.2411587136476, 42.2525121543955)"
Jul,background,"c(-66.6653122938615, 44.8849529305604)"
Jul,background,"c(-68.3928515532197, 40.5249728950374)"
Jul,background,"c(-71.9301938461912, 39.6200713782307)"
Jul,background,"c(-70.8607647808742, 40.6895004435477)"
Jul,background,"c(-70.3671821353433, 42.1702483801404)"
Jul,background,"c(-70.8607647808742, 39.784598926741)"
Jul,background,"c(-71.9301938461912, 40.1136540237616)"
Jul,background,"c(-70.8607647808742, 40.7717642178028)"
Jul,background,"c(-71.4366112006603, 39.784598926741)"
Jul,background,"c(-71.5188749749155, 39.784598926741)"
Jul,background,"c(-68.6396428759852, 41.6766657346095)"
Jul,background,"c(-67.6524775849234, 44.144578962264)"
Jul,background,"c(-69.626808167047, 43.0751498969471)"
Jul,background,"c(-69.1332255215161, 43.568732542478)"
Jul,background,"c(-68.6396428759852, 42.3347759286507)"
Jul,background,"c(-66.9943673908821, 42.4170397029058)"
Jul,background,"c(-68.7219066502403, 43.1574136712022)"
Jul,background,"c(-68.8041704244955, 42.0879846058852)"
Jul,background,"c(-67.1588949393925, 44.3091065107743)"
Jul,background,"c(-70.2849183610882, 42.9106223484367)"
Jul,background,"c(-69.8735994898124, 42.9928861226919)"
Jul,background,"c(-68.1460602304543, 40.1136540237616)"
Jul,background,"c(-69.9558632640676, 42.1702483801404)"
Jul,background,"c(-69.7913357155573, 43.3219412197125)"
Jul,background,"c(-71.1898198778948, 41.2653468633337)"
Jul,background,"c(-68.7219066502403, 41.7589295088646)"
Jul,background,"c(-70.1203908125779, 42.0057208316301)"
Jul,background,"c(-69.626808167047, 41.6766657346095)"
Jul,background,"c(-69.2977530700264, 42.6638310256713)"
Jul,background,"c(-67.0766311651373, 42.1702483801404)"
Jul,background,"c(-70.5317096838536, 41.0185555405683)"
Jul,background,"c(-67.5702138106682, 42.5815672514161)"
Jul,background,"c(-69.2154892957712, 43.2396774454574)"
Jul,background,"c(-72.0947213947015, 39.9491264752513)"
Jul,background,"c(-69.7090719413021, 42.499303477161)"
Jul,background,"c(-69.7913357155573, 41.6766657346095)"
Jul,background,"c(-66.6653122938615, 42.2525121543955)"
Jul,background,"c(-68.6396428759852, 42.9928861226919)"
Jul,background,"c(-67.0766311651373, 43.4042049939677)"
Jul,background,"c(-67.981532681944, 42.0057208316301)"
Jul,background,"c(-69.8735994898124, 42.7460947999264)"
Jul,background,"c(-67.7347413591785, 43.8155238652434)"
Jul,background,"c(-68.7219066502403, 41.9234570573749)"
Jul,background,"c(-71.0252923293846, 39.9491264752513)"
Jul,background,"c(-67.3234224879028, 42.0879846058852)"
Jul,background,"c(-72.7528315887427, 39.208752506955)"
Jul,background,"c(-72.4237764917221, 40.4427091207822)"
Jul,background,"c(-73.2464142342736, 39.784598926741)"
Jul,background,"c(-67.8992689076888, 43.8977876394986)"
Jul,background,"c(-71.5188749749155, 39.8668627009962)"
Jul,background,"c(-69.2154892957712, 41.1008193148234)"
Jul,background,"c(-69.9558632640676, 42.2525121543955)"
Jul,background,"c(-70.3671821353433, 40.854027992058)"
Jul,background,"c(-68.55737910173, 42.8283585741816)"
Jul,background,"c(-68.2283240047094, 42.7460947999264)"
Jul,background,"c(-71.7656662976809, 40.6895004435477)"
Jul,background,"c(-67.5702138106682, 43.4042049939677)"
Jul,background,"c(-68.0637964561991, 43.9800514137537)"
Jul,background,"c(-65.4313556800343, 42.9106223484367)"
Jul,background,"c(-66.5007847453512, 42.2525121543955)"
Jul,background,"c(-69.2977530700264, 42.9928861226919)"
Jul,background,"c(-68.9686979730058, 42.499303477161)"
Jul,background,"c(-69.3800168442815, 42.6638310256713)"
Jul,background,"c(-70.6139734581088, 42.2525121543955)"
Jul,background,"c(-69.0509617472609, 42.1702483801404)"
Jul,background,"c(-68.55737910173, 40.9362917663131)"
Jul,background,"c(-70.4494459095985, 39.784598926741)"
Jul,background,"c(-67.4056862621579, 44.144578962264)"
Jul,background,"c(-72.341512717467, 39.7023351524859)"
Jul,background,"c(-69.0509617472609, 42.8283585741816)"
Jul,background,"c(-72.0947213947015, 39.2910162812101)"
Jul,background,"c(-68.3105877789646, 42.2525121543955)"
Jul,background,"c(-69.3800168442815, 42.499303477161)"
Jul,background,"c(-70.2849183610882, 43.4864687682228)"
Jul,background,"c(-70.3671821353433, 41.1008193148234)"
Jul,background,"c(-69.1332255215161, 41.2653468633337)"
Jul,background,"c(-69.0509617472609, 42.499303477161)"
Jul,background,"c(-73.2464142342736, 39.208752506955)"
Jul,background,"c(-68.4751153274749, 43.4864687682228)"
Jul,background,"c(-68.2283240047094, 42.2525121543955)"
Jul,background,"c(-69.7913357155573, 42.0057208316301)"
Jul,background,"c(-67.4879500364131, 44.0623151880089)"
Jul,background,"c(-69.8735994898124, 42.8283585741816)"
Jul,background,"c(-69.4622806185367, 43.2396774454574)"
Jul,background,"c(-69.4622806185367, 41.8411932831198)"
Jul,background,"c(-69.0509617472609, 42.3347759286507)"
Jul,background,"c(-68.8041704244955, 42.499303477161)"
Jul,background,"c(-70.2849183610882, 42.7460947999264)"
Jul,background,"c(-73.2464142342736, 39.9491264752513)"
Jul,background,"c(-69.1332255215161, 41.7589295088646)"
Jul,background,"c(-68.3928515532197, 42.0879846058852)"
Jul,background,"c(-69.2154892957712, 41.7589295088646)"
Jul,background,"c(-69.7913357155573, 42.7460947999264)"
Jul,background,"c(-69.4622806185367, 41.5944019603543)"
Jul,background,"c(-67.4879500364131, 43.7332600909883)"
Jul,background,"c(-67.8170051334337, 42.0057208316301)"
Jul,background,"c(-72.1769851689567, 39.208752506955)"
Jul,background,"c(-67.5702138106682, 42.1702483801404)"
Jul,background,"c(-67.7347413591785, 44.144578962264)"
Jul,background,"c(-68.8041704244955, 41.6766657346095)"
Jul,background,"c(-67.6524775849234, 42.5815672514161)"
Jul,background,"c(-67.4879500364131, 42.1702483801404)"
Jul,background,"c(-69.1332255215161, 41.6766657346095)"
Jul,background,"c(-69.9558632640676, 42.6638310256713)"
Jul,background,"c(-66.9943673908821, 41.9234570573749)"
Jul,background,"c(-67.3234224879028, 40.3604453465271)"
Jul,background,"c(-68.7219066502403, 41.429874411844)"
Jul,background,"c(-66.9943673908821, 41.3476106375889)"
Jul,background,"c(-71.7656662976809, 39.9491264752513)"
Jul,background,"c(-68.8864341987506, 41.2653468633337)"
Jul,background,"c(-68.6396428759852, 41.5944019603543)"
Jul,background,"c(-72.0124576204464, 40.6072366692925)"
Jul,background,"c(-66.5830485196064, 44.4736340592846)"
Jul,background,"c(-66.9943673908821, 44.144578962264)"
Jul,background,"c(-70.202654586833, 40.854027992058)"
Jul,background,"c(-69.8735994898124, 43.568732542478)"
Jul,background,"c(-71.5188749749155, 39.7023351524859)"
Jul,background,"c(-68.1460602304543, 42.0879846058852)"
Jul,background,"c(-68.9686979730058, 41.5121381860992)"
Jul,background,"c(-69.4622806185367, 41.1008193148234)"
Jul,background,"c(-69.2154892957712, 43.1574136712022)"
Jul,background,"c(-71.6834025234258, 39.6200713782307)"
Jul,background,"c(-68.8041704244955, 43.8155238652434)"
Jul,background,"c(-72.2592489432118, 39.9491264752513)"
Jul,background,"c(-69.1332255215161, 41.9234570573749)"
Jul,background,"c(-67.7347413591785, 40.3604453465271)"
Jul,background,"c(-68.0637964561991, 41.9234570573749)"
Jul,background,"c(-72.4237764917221, 39.4555438297204)"
Jul,background,"c(-70.7785010066191, 40.4427091207822)"
Jul,background,"c(-69.8735994898124, 43.1574136712022)"
Jul,background,"c(-68.55737910173, 42.3347759286507)"
Jul,background,"c(-69.3800168442815, 43.4042049939677)"
Jul,background,"c(-69.1332255215161, 41.8411932831198)"
Jul,background,"c(-67.5702138106682, 44.0623151880089)"
Jul,background,"c(-68.8041704244955, 41.8411932831198)"
Jul,background,"c(-68.0637964561991, 42.1702483801404)"
Jul,background,"c(-72.0124576204464, 40.4427091207822)"
Jul,background,"c(-70.0381270383227, 42.8283585741816)"
Jul,background,"c(-70.4494459095985, 42.3347759286507)"
Jul,background,"c(-72.0124576204464, 39.7023351524859)"
Jul,background,"c(-67.4056862621579, 42.2525121543955)"
Jul,background,"c(-67.2411587136476, 44.3913702850295)"
Jul,background,"c(-68.7219066502403, 42.0879846058852)"
Jul,background,"c(-72.4237764917221, 39.6200713782307)"
Jul,background,"c(-70.8607647808742, 41.3476106375889)"
Jul,background,"c(-67.8170051334337, 42.8283585741816)"
Jul,background,"c(-69.4622806185367, 42.5815672514161)"
Jul,background,"c(-72.5060402659773, 39.7023351524859)"
Jul,background,"c(-70.202654586833, 40.6895004435477)"
Jul,background,"c(-69.4622806185367, 42.499303477161)"
Jul,background,"c(-67.8992689076888, 42.0057208316301)"
Jul,background,"c(-68.3105877789646, 43.4042049939677)"
Jul,background,"c(-69.7913357155573, 42.499303477161)"
Jul,background,"c(-68.6396428759852, 42.0879846058852)"
Jul,background,"c(-71.9301938461912, 40.6072366692925)"
Jul,background,"c(-70.4494459095985, 41.1008193148234)"
Jul,background,"c(-68.1460602304543, 41.8411932831198)"
Jul,background,"c(-67.6524775849234, 44.2268427365192)"
Jul,background,"c(-69.3800168442815, 43.7332600909883)"
Jul,background,"c(-71.9301938461912, 40.5249728950374)"
Jul,background,"c(-68.8864341987506, 42.9106223484367)"
Jul,background,"c(-70.1203908125779, 42.3347759286507)"
Jul,background,"c(-71.8479300719361, 39.7023351524859)"
Jul,background,"c(-68.4751153274749, 41.5121381860992)"
Jul,background,"c(-68.3928515532197, 42.4170397029058)"
Jul,background,"c(-69.2977530700264, 41.9234570573749)"
Jul,background,"c(-69.2977530700264, 42.9106223484367)"
Jul,background,"c(-68.8864341987506, 41.429874411844)"
Jul,background,"c(-66.5007847453512, 44.7204253820501)"
Jul,background,"c(-71.7656662976809, 40.6072366692925)"
Jul,background,"c(-69.4622806185367, 40.6895004435477)"
Jul,background,"c(-68.6396428759852, 41.9234570573749)"
Jul,background,"c(-70.0381270383227, 42.0879846058852)"
Jul,background,"c(-68.0637964561991, 43.4042049939677)"
Jul,background,"c(-69.1332255215161, 41.5121381860992)"
Jul,background,"c(-71.6834025234258, 40.4427091207822)"
Jul,background,"c(-67.6524775849234, 43.0751498969471)"
Jul,background,"c(-68.55737910173, 43.2396774454574)"
Jul,background,"c(-68.4751153274749, 42.3347759286507)"
Jul,background,"c(-71.7656662976809, 40.1136540237616)"
Jul,background,"c(-70.6962372323639, 41.0185555405683)"
Jul,background,"c(-72.4237764917221, 40.2781815722719)"
Jul,background,"c(-67.6524775849234, 44.0623151880089)"
Jul,background,"c(-67.981532681944, 42.9106223484367)"
Jul,background,"c(-70.202654586833, 39.9491264752513)"
Jul,background,"c(-69.626808167047, 41.1830830890786)"
Jul,background,"c(-69.626808167047, 42.3347759286507)"
Jul,background,"c(-72.1769851689567, 39.8668627009962)"
Jul,background,"c(-67.7347413591785, 42.9106223484367)"
Jul,background,"c(-67.4056862621579, 44.2268427365192)"
Jul,background,"c(-71.3543474264052, 40.0313902495065)"
Jul,background,"c(-69.0509617472609, 42.0057208316301)"
Jul,background,"c(-68.3928515532197, 42.9106223484367)"
Jul,background,"c(-68.4751153274749, 43.568732542478)"
Jul,background,"c(-72.0124576204464, 40.854027992058)"
Jul,background,"c(-67.6524775849234, 42.3347759286507)"
Jul,background,"c(-72.9996229115082, 39.8668627009962)"
Jul,background,"c(-68.9686979730058, 41.8411932831198)"
Jul,background,"c(-66.5007847453512, 44.8849529305604)"
Jul,background,"c(-71.0252923293846, 40.5249728950374)"
Jul,background,"c(-68.55737910173, 41.5121381860992)"
Jul,background,"c(-67.8992689076888, 42.0879846058852)"
Jul,background,"c(-69.7913357155573, 41.8411932831198)"
Jul,background,"c(-69.5445443927918, 40.9362917663131)"
Jul,background,"c(-68.3928515532197, 41.5121381860992)"
Jul,background,"c(-67.8170051334337, 43.6509963167331)"
Jul,background,"c(-67.6524775849234, 42.6638310256713)"
Jul,background,"c(-70.8607647808742, 40.6072366692925)"
Jul,background,"c(-71.6834025234258, 39.7023351524859)"
Jul,background,"c(-73.4109417827839, 39.0442249584447)"
Jul,background,"c(-68.3928515532197, 42.1702483801404)"
Jul,background,"c(-66.1717296483306, 42.2525121543955)"
Jul,background,"c(-70.2849183610882, 41.8411932831198)"
Jul,background,"c(-72.0124576204464, 40.1959177980168)"
Jul,background,"c(-67.4056862621579, 41.1008193148234)"
Jul,background,"c(-70.6139734581088, 40.6895004435477)"
Jul,background,"c(-69.7913357155573, 39.784598926741)"
Jul,background,"c(-70.0381270383227, 43.1574136712022)"
Jul,background,"c(-66.5830485196064, 41.5121381860992)"
Jul,background,"c(-66.4185209710961, 42.3347759286507)"
Jul,background,"c(-69.1332255215161, 42.1702483801404)"
Jul,background,"c(-69.8735994898124, 43.4864687682228)"
Jul,background,"c(-68.3105877789646, 41.7589295088646)"
Jul,background,"c(-68.8864341987506, 41.1830830890786)"
Jul,background,"c(-67.6524775849234, 40.2781815722719)"
Jul,background,"c(-69.1332255215161, 43.8977876394986)"
Jul,background,"c(-67.4879500364131, 42.0057208316301)"
Jul,background,"c(-68.8864341987506, 41.5944019603543)"
Jul,background,"c(-69.2977530700264, 42.8283585741816)"
Jul,background,"c(-69.3800168442815, 42.5815672514161)"
Jul,background,"c(-69.5445443927918, 41.429874411844)"
Jul,background,"c(-68.9686979730058, 41.5944019603543)"
Jul,background,"c(-69.7090719413021, 42.0879846058852)"
Jul,background,"c(-69.1332255215161, 42.7460947999264)"
Jul,background,"c(-65.5958832285446, 41.3476106375889)"
Jul,background,"c(-72.5060402659773, 39.4555438297204)"
Jul,background,"c(-72.0124576204464, 39.4555438297204)"
Jul,background,"c(-70.8607647808742, 41.2653468633337)"
Jul,background,"c(-69.9558632640676, 40.7717642178028)"
Jul,background,"c(-71.3543474264052, 41.0185555405683)"
Jul,background,"c(-69.5445443927918, 41.6766657346095)"
Jul,background,"c(-70.7785010066191, 40.7717642178028)"
Jul,background,"c(-67.7347413591785, 43.9800514137537)"
Jul,background,"c(-68.7219066502403, 43.3219412197125)"
Jul,background,"c(-69.626808167047, 42.9928861226919)"
Jul,background,"c(-68.4751153274749, 43.0751498969471)"
Jul,background,"c(-70.202654586833, 40.5249728950374)"
Jul,background,"c(-67.8170051334337, 42.1702483801404)"
Jul,background,"c(-72.341512717467, 39.208752506955)"
Jul,background,"c(-67.4879500364131, 42.0879846058852)"
Jul,background,"c(-67.0766311651373, 44.3913702850295)"
Jul,background,"c(-72.4237764917221, 40.6895004435477)"
Jul,background,"c(-68.55737910173, 43.3219412197125)"
Jul,background,"c(-67.7347413591785, 43.8977876394986)"
Jul,background,"c(-69.4622806185367, 42.7460947999264)"
Jul,background,"c(-69.5445443927918, 42.3347759286507)"
Jul,background,"c(-68.0637964561991, 43.8977876394986)"
Jul,background,"c(-68.3105877789646, 43.3219412197125)"
Jul,background,"c(-68.8864341987506, 42.5815672514161)"
Jul,background,"c(-68.2283240047094, 41.8411932831198)"
Jul,background,"c(-72.0124576204464, 39.8668627009962)"
Jul,background,"c(-68.9686979730058, 41.6766657346095)"
Jul,background,"c(-69.626808167047, 42.8283585741816)"
Jul,background,"c(-67.4879500364131, 43.8155238652434)"
Jul,background,"c(-70.0381270383227, 41.5121381860992)"
Jul,background,"c(-70.0381270383227, 40.5249728950374)"
Jul,background,"c(-70.8607647808742, 41.1830830890786)"
Jul,background,"c(-68.9686979730058, 41.1008193148234)"
Jul,background,"c(-68.9686979730058, 41.1830830890786)"
Jul,background,"c(-68.3928515532197, 41.9234570573749)"
Jul,background,"c(-72.9996229115082, 38.8796974099344)"
Jul,background,"c(-69.3800168442815, 43.568732542478)"
Jul,background,"c(-72.5883040402324, 39.4555438297204)"
Jul,background,"c(-69.2154892957712, 43.568732542478)"
Jul,background,"c(-70.0381270383227, 42.2525121543955)"
Jul,background,"c(-67.5702138106682, 44.2268427365192)"
Jul,background,"c(-68.0637964561991, 43.3219412197125)"
Jul,background,"c(-70.1203908125779, 42.2525121543955)"
Jul,background,"c(-69.0509617472609, 41.9234570573749)"
Jul,background,"c(-70.9430285551294, 40.5249728950374)"
Aug,presence,"c(-68.105362, 44.08675)"
Aug,presence,"c(-72.417, 39.967)"
Aug,presence,"c(-71.767, 40.6945)"
Aug,presence,"c(-67.652397, 43.399105)"
Aug,presence,"c(-68.491821, 43.806896)"
Aug,presence,"c(-68.22, 43.49)"
Aug,presence,"c(-68.78233, 41.43567)"
Aug,presence,"c(-69.107, 43.553)"
Aug,presence,"c(-70.469734, 40.774742)"
Aug,presence,"c(-72.2626, 40.4024)"
Aug,presence,"c(-71.8672, 40.6577)"
Aug,presence,"c(-69.73, 42.28)"
Aug,presence,"c(-69.57172, 42.37254)"
Aug,presence,"c(-69.802, 41.984)"
Aug,presence,"c(-72.086, 40.8053)"
Aug,presence,"c(-69.99, 42.38)"
Aug,presence,"c(-72.333, 40.233)"
Aug,presence,"c(-69.172875, 43.189083)"
Aug,presence,"c(-66.50584, 44.67367)"
Aug,presence,"c(-72.259049, 40.676056)"
Aug,presence,"c(-69.60083, 41.92667)"
Aug,presence,"c(-67.15461, 42.45018)"
Aug,presence,"c(-67.658257, 42.641892)"
Aug,presence,"c(-66.70383, 44.875)"
Aug,presence,"c(-72.267, 40.2)"
Aug,presence,"c(-70.64397, 40.76978)"
Aug,presence,"c(-69.03017, 41.44283)"
Aug,presence,"c(-67.85, 43.71)"
Aug,presence,"c(-71.7301, 40.6023)"
Aug,presence,"c(-69.4, 41.94)"
Aug,presence,"c(-68.31184, 41.69067)"
Aug,presence,"c(-67.133, 43.983)"
Aug,presence,"c(-70.0354, 43.243237)"
Aug,presence,"c(-66.39658, 44.66917)"
Aug,presence,"c(-70.22408, 41.44936)"
Aug,presence,"c(-69.522949, 43.462135)"
Aug,presence,"c(-71.43, 40.658)"
Aug,presence,"c(-68.719711, 41.669605)"
Aug,presence,"c(-72.4095, 40.4834)"
Aug,presence,"c(-66.4563, 44.8629)"
Aug,presence,"c(-68.99367, 41.33744)"
Aug,presence,"c(-68.756378, 43.554512)"
Aug,presence,"c(-68.370903, 42.908798)"
Aug,presence,"c(-72.6175, 40.0761)"
Aug,presence,"c(-72.0987, 40.63)"
Aug,presence,"c(-66.5471, 44.5905)"
Aug,presence,"c(-69.086334, 43.471664)"
Aug,presence,"c(-67.9, 43.75)"
Aug,presence,"c(-67.62661, 44.135567)"
Aug,presence,"c(-69.789162, 41.920803)"
Aug,presence,"c(-72.2545, 40.3871)"
Aug,presence,"c(-68.16, 43.79)"
Aug,presence,"c(-73.2701, 39.8992)"
Aug,presence,"c(-69.68, 41.86)"
Aug,presence,"c(-68.61124, 42.31193)"
Aug,presence,"c(-69.61, 42.75)"
Aug,presence,"c(-67.216545, 44.348301)"
Aug,presence,"c(-70.106, 42.264)"
Aug,presence,"c(-69.71, 41.72)"
Aug,presence,"c(-69.925209, 40.570969)"
Aug,presence,"c(-68.31, 43.56)"
Aug,presence,"c(-69.519, 43.591)"
Aug,presence,"c(-66.69, 41.39)"
Aug,presence,"c(-67.87, 43.84)"
Aug,presence,"c(-69.689087, 42.966717)"
Aug,presence,"c(-72.7597, 40.7111)"
Aug,presence,"c(-68.562973, 43.398071)"
Aug,presence,"c(-67.979706, 43.670364)"
Aug,presence,"c(-67.827156, 43.905098)"
Aug,presence,"c(-68.053078, 43.729885)"
Aug,presence,"c(-67.71, 43.05)"
Aug,presence,"c(-66.619026, 41.476303)"
Aug,presence,"c(-71.5315, 40.7124)"
Aug,presence,"c(-66.731, 44.147)"
Aug,presence,"c(-67.308807, 42.34166)"
Aug,presence,"c(-68.388962, 43.634251)"
Aug,presence,"c(-68.1, 43.967)"
Aug,presence,"c(-72.101395, 40.189079)"
Aug,presence,"c(-71.008186, 40.761978)"
Aug,presence,"c(-69.917, 42.33)"
Aug,presence,"c(-73.473567, 40.276413)"
Aug,presence,"c(-68.319099, 42.185913)"
Aug,presence,"c(-67.28, 43.92)"
Aug,presence,"c(-67.682, 44.099)"
Aug,presence,"c(-66.96826, 42.37511)"
Aug,presence,"c(-66.53568, 44.57902)"
Aug,presence,"c(-67.6, 43.81)"
Aug,presence,"c(-70.033, 42.983)"
Aug,presence,"c(-66.46, 44.78)"
Aug,presence,"c(-68.962, 41.665)"
Aug,presence,"c(-68.060844, 41.91399)"
Aug,presence,"c(-68.38425, 43.56818)"
Aug,presence,"c(-69.24, 41.99)"
Aug,presence,"c(-68.15, 43.91)"
Aug,presence,"c(-68.39891, 41.92933)"
Aug,presence,"c(-66.185, 44.766)"
Aug,presence,"c(-68.97211, 41.222)"
Aug,presence,"c(-72.4296, 40.536)"
Aug,presence,"c(-69.18, 43.54)"
Aug,presence,"c(-69.67, 42.8)"
Aug,presence,"c(-66.217, 44.626)"
Aug,presence,"c(-70.119835, 42.994347)"
Aug,presence,"c(-66.555, 44.911)"
Aug,presence,"c(-70.73687, 40.577374)"
Aug,presence,"c(-67.2, 43.59)"
Aug,presence,"c(-69.3655, 41.62792)"
Aug,presence,"c(-67.85, 43.84)"
Aug,presence,"c(-68.088547, 44.033394)"
Aug,presence,"c(-68.52, 43.74)"
Aug,presence,"c(-67.733, 43.867)"
Aug,presence,"c(-68.35549, 42.1532)"
Aug,presence,"c(-69.96083, 42.25233)"
Aug,presence,"c(-71.247, 40.4781)"
Aug,presence,"c(-69.499771, 42.139576)"
Aug,presence,"c(-67.22596, 44.400688)"
Aug,presence,"c(-68.73, 43.42)"
Aug,presence,"c(-70.105881, 40.472752)"
Aug,presence,"c(-68.663, 43.71)"
Aug,presence,"c(-66.548, 44.737)"
Aug,presence,"c(-67.1, 43.4)"
Aug,presence,"c(-69.47744, 43.426735)"
Aug,presence,"c(-67.404808, 42.425114)"
Aug,presence,"c(-72.121, 40.655)"
Aug,presence,"c(-72.3289, 40.7403)"
Aug,presence,"c(-68.941826, 43.357563)"
Aug,presence,"c(-68.372147, 42.551792)"
Aug,presence,"c(-68.695595, 43.508167)"
Aug,presence,"c(-67.4188, 43.972744)"
Aug,presence,"c(-70.6938, 40.6685)"
Aug,presence,"c(-68.61, 43.44)"
Aug,presence,"c(-71.592, 40.906)"
Aug,presence,"c(-68.3, 43.75)"
Aug,presence,"c(-71.467, 40.3)"
Aug,presence,"c(-66.206, 44.919)"
Aug,presence,"c(-66.661, 44.186)"
Aug,presence,"c(-69.284, 41.578)"
Aug,presence,"c(-67.141, 44.13)"
Aug,presence,"c(-69.083458, 43.122547)"
Aug,presence,"c(-67.361168, 42.38715)"
Aug,presence,"c(-69.369, 42.18634)"
Aug,presence,"c(-68.163361, 43.448734)"
Aug,presence,"c(-66.9666671753, 45)"
Aug,presence,"c(-68.43097, 42.2668)"
Aug,presence,"c(-67.719116, 42.376423)"
Aug,presence,"c(-67.443489, 42.458237)"
Aug,presence,"c(-67.800209, 42.039124)"
Aug,presence,"c(-68.486221, 43.921967)"
Aug,presence,"c(-71.548, 40.838)"
Aug,presence,"c(-68.503395, 43.727325)"
Aug,presence,"c(-70.26, 42.23133)"
Aug,presence,"c(-68.46408, 41.66683)"
Aug,presence,"c(-67.0965, 45.08565)"
Aug,presence,"c(-66.99685, 41.96827)"
Aug,presence,"c(-68.494, 41.75083)"
Aug,presence,"c(-68.624512, 43.447723)"
Aug,presence,"c(-68.7015, 41.52583)"
Aug,presence,"c(-66.428, 44.751)"
Aug,presence,"c(-66.841767, 44.936133)"
Aug,presence,"c(-67.790932, 42.753437)"
Aug,presence,"c(-69.18983, 41.27675)"
Aug,presence,"c(-66.537, 44.893)"
Aug,presence,"c(-69.04611, 42.22883)"
Aug,presence,"c(-66.41, 44.84)"
Aug,presence,"c(-71.261772, 39.925308)"
Aug,presence,"c(-71.007813, 40.721031)"
Aug,presence,"c(-66.018631, 42.05394)"
Aug,presence,"c(-72.3931, 40.7237)"
Aug,presence,"c(-68.58083, 41.66017)"
Aug,presence,"c(-70.167, 43.183)"
Aug,presence,"c(-69.9, 42.77)"
Aug,presence,"c(-68.233833, 43.938648)"
Aug,presence,"c(-66.51517, 44.7525)"
Aug,presence,"c(-69, 43.44)"
Aug,presence,"c(-67.696312, 41.48943)"
Aug,presence,"c(-67.308754, 42.104832)"
Aug,presence,"c(-65.9, 45.1)"
Aug,presence,"c(-68.198, 42.118)"
Aug,presence,"c(-67.515617, 43.652855)"
Aug,presence,"c(-70.384468, 40.426933)"
Aug,presence,"c(-67.579666, 43.911888)"
Aug,presence,"c(-66.66272, 44.83424)"
Aug,presence,"c(-68.90641, 41.29617)"
Aug,presence,"c(-69.11, 43.49)"
Aug,presence,"c(-68.3295, 41.83317)"
Aug,presence,"c(-68.33134, 42.38096)"
Aug,presence,"c(-66.869, 44.332)"
Aug,presence,"c(-71.981, 40.454)"
Aug,presence,"c(-66.481522, 45.045712)"
Aug,presence,"c(-67.287529, 44.152855)"
Aug,presence,"c(-66.62, 43.67)"
Aug,presence,"c(-69.45, 41.93)"
Aug,presence,"c(-67.763504, 42.054611)"
Aug,presence,"c(-67.75, 44)"
Aug,presence,"c(-66.573, 44.94)"
Aug,presence,"c(-67.52, 43.84)"
Aug,presence,"c(-69.63, 41.87)"
Aug,presence,"c(-67.67, 43.93)"
Aug,presence,"c(-71.5, 40.333)"
Aug,presence,"c(-67.58, 43.97)"
Aug,presence,"c(-68.958374, 43.020096)"
Aug,presence,"c(-72.667, 39.45)"
Aug,presence,"c(-67.467903, 44.320171)"
Aug,presence,"c(-66.66783, 44.74733)"
Aug,presence,"c(-72.4428, 40.2502)"
Aug,presence,"c(-68.58, 42.21)"
Aug,presence,"c(-73.0771, 40.6257)"
Aug,presence,"c(-71.4875, 40.92067)"
Aug,presence,"c(-69.22108, 41.59208)"
Aug,presence,"c(-66.86, 43.96)"
Aug,presence,"c(-68.83, 43.64)"
Aug,presence,"c(-66.9, 44)"
Aug,presence,"c(-70.217, 42.95)"
Aug,presence,"c(-67.840042, 43.54821)"
Aug,presence,"c(-66.28, 44.86)"
Aug,presence,"c(-70.32495, 42.00172)"
Aug,presence,"c(-67.22, 43.44)"
Aug,presence,"c(-67.856918, 41.002926)"
Aug,presence,"c(-72.817, 40.5)"
Aug,presence,"c(-69.272705, 43.676983)"
Aug,presence,"c(-68.200043, 43.097618)"
Aug,presence,"c(-68.69733, 41.92983)"
Aug,presence,"c(-68.80429, 42.27026)"
Aug,presence,"c(-69.82987, 43.19736)"
Aug,presence,"c(-67.405899, 44.02631)"
Aug,presence,"c(-68.77378, 42.40579)"
Aug,presence,"c(-65.966484, 42.780712)"
Aug,presence,"c(-69.01, 43.44)"
Aug,presence,"c(-68.73367, 42.26083)"
Aug,presence,"c(-69.82, 42.15)"
Aug,presence,"c(-68.794, 40.866)"
Aug,presence,"c(-68.07, 43.36)"
Aug,presence,"c(-67.711708, 42.370232)"
Aug,presence,"c(-68.51408, 41.50675)"
Aug,presence,"c(-69.219223, 43.64679)"
Aug,presence,"c(-68.223442, 42.785542)"
Aug,presence,"c(-70.31945, 42.05573)"
Aug,presence,"c(-66.542, 44.804)"
Aug,presence,"c(-68.8855, 41.334)"
Aug,presence,"c(-68.35674, 42.12477)"
Aug,presence,"c(-68.114, 42.007)"
Aug,presence,"c(-69.16155, 42.16722)"
Aug,presence,"c(-67.022095, 44.176186)"
Aug,presence,"c(-69.517, 43.25)"
Aug,presence,"c(-66.203812, 44.452072)"
Aug,presence,"c(-66.43983, 44.5905)"
Aug,presence,"c(-69.024384, 43.641636)"
Aug,presence,"c(-68.94383, 41.92983)"
Aug,presence,"c(-69.380486, 43.355301)"
Aug,presence,"c(-68.45242, 41.9295)"
Aug,presence,"c(-70.333, 42.6)"
Aug,presence,"c(-68.933, 41.767)"
Aug,presence,"c(-67.53, 44.11)"
Aug,presence,"c(-69.76, 41.76)"
Aug,presence,"c(-68.01636, 41.99719)"
Aug,presence,"c(-68.601, 43.917)"
Aug,presence,"c(-68.105461, 42.692768)"
Aug,presence,"c(-69.333, 42.96)"
Aug,presence,"c(-67.64, 43.8)"
Aug,presence,"c(-67.42, 43.52)"
Aug,presence,"c(-72.517, 39.85)"
Aug,presence,"c(-68.97324, 42.19724)"
Aug,presence,"c(-69.313271, 43.299011)"
Aug,presence,"c(-68.25985, 42.40481)"
Aug,presence,"c(-68.73367, 41.28316)"
Aug,presence,"c(-68.428, 41.493)"
Aug,presence,"c(-67.105125, 44.366863)"
Aug,presence,"c(-69.223, 41.027)"
Aug,presence,"c(-67.44, 44.25)"
Aug,presence,"c(-70.105835, 40.651363)"
Aug,presence,"c(-68.44583, 41.8335)"
Aug,presence,"c(-67.835, 43.947)"
Aug,presence,"c(-68.87666, 41.46867)"
Aug,presence,"c(-66.28367, 44.7505)"
Aug,presence,"c(-69.75, 42.56)"
Aug,presence,"c(-68.89, 43.27)"
Aug,presence,"c(-66.56292, 44.66758)"
Aug,presence,"c(-69.725, 43.51)"
Aug,presence,"c(-66.32083, 44.832)"
Aug,presence,"c(-68.881, 41.666)"
Aug,presence,"c(-69.81, 42.28)"
Aug,presence,"c(-68.48, 43.03)"
Aug,presence,"c(-66.72383, 44.81467)"
Aug,presence,"c(-67.408, 44.337)"
Aug,presence,"c(-72.467, 40.117)"
Aug,presence,"c(-73.1482, 40.5214)"
Aug,presence,"c(-68.502, 41.986)"
Aug,presence,"c(-67.759033, 41.961475)"
Aug,presence,"c(-69.652, 43.471)"
Aug,presence,"c(-67.747261, 44.159222)"
Aug,presence,"c(-69.14125, 42.11798)"
Aug,presence,"c(-69.633652, 43.547569)"
Aug,presence,"c(-68.943, 41.25483)"
Aug,presence,"c(-67.95, 43.86)"
Aug,presence,"c(-69.383, 41.71333)"
Aug,presence,"c(-68.14, 43.42)"
Aug,presence,"c(-68.17, 43.36)"
Aug,presence,"c(-70.02, 42.78)"
Aug,presence,"c(-68.429, 42.418)"
Aug,presence,"c(-70.18, 42.55)"
Aug,presence,"c(-68.95, 43.17)"
Aug,presence,"c(-67.992813, 42.599457)"
Aug,presence,"c(-68.53959, 41.83367)"
Aug,presence,"c(-73.2812, 39.0044)"
Aug,presence,"c(-66.62362, 44.501)"
Aug,presence,"c(-67.115, 44.457)"
Aug,presence,"c(-72.150963, 40.029862)"
Aug,presence,"c(-68.64977, 42.38172)"
Aug,presence,"c(-71.101105, 41.163734)"
Aug,presence,"c(-68.89828, 42.07096)"
Aug,presence,"c(-68.427368, 43.791287)"
Aug,presence,"c(-68.504387, 43.350128)"
Aug,presence,"c(-72.5725, 40.5909)"
Aug,presence,"c(-69.796593, 43.388439)"
Aug,presence,"c(-68.645363, 42.77113)"
Aug,presence,"c(-68.717484, 43.69352)"
Aug,presence,"c(-68.99427, 42.35317)"
Aug,presence,"c(-71.65, 40.433)"
Aug,presence,"c(-69.989, 42.099)"
Aug,presence,"c(-67.529846, 42.077187)"
Aug,presence,"c(-70.97, 39.935)"
Aug,presence,"c(-72.183, 40.117)"
Aug,presence,"c(-68.43625, 42.34653)"
Aug,presence,"c(-67.78933, 43.511803)"
Aug,presence,"c(-72.5085, 39.7868)"
Aug,presence,"c(-72.567, 39.883)"
Aug,presence,"c(-67.47, 43.86)"
Aug,presence,"c(-67.91227, 43.97348)"
Aug,presence,"c(-70.3797, 40.89564)"
Aug,presence,"c(-69.41, 43.4)"
Aug,presence,"c(-68.259796, 43.528217)"
Aug,presence,"c(-67.515, 44.219)"
Aug,presence,"c(-67.82, 43.66)"
Aug,presence,"c(-70.48, 42.79)"
Aug,presence,"c(-71.633, 40.417)"
Aug,presence,"c(-68.69687, 42.49418)"
Aug,presence,"c(-72.617, 39.933)"
Aug,presence,"c(-69.08, 42.73)"
Aug,presence,"c(-69.308, 42.119)"
Aug,presence,"c(-72.204, 40.772)"
Aug,presence,"c(-69.056, 41.666)"
Aug,presence,"c(-68.0675, 41.967)"
Aug,presence,"c(-68.176933, 41.193405)"
Aug,presence,"c(-70.289482, 40.680553)"
Aug,presence,"c(-69.448, 42.067)"
Aug,presence,"c(-67.21, 43.53)"
Aug,presence,"c(-68.66083, 41.57142)"
Aug,presence,"c(-70.32689, 40.88231)"
Aug,presence,"c(-67.686249, 42.348793)"
Aug,presence,"c(-72.5, 40.033)"
Aug,presence,"c(-66.646, 45.035)"
Aug,presence,"c(-68.3, 42.813)"
Aug,presence,"c(-68.22, 43.84)"
Aug,presence,"c(-68.81567, 41.66417)"
Aug,presence,"c(-67.912315, 42.534145)"
Aug,presence,"c(-68.59534, 41.93)"
Aug,presence,"c(-69.069, 42.507)"
Aug,presence,"c(-70.289398, 40.437031)"
Aug,presence,"c(-68.363457, 44.007061)"
Aug,presence,"c(-70.031288, 42.585922)"
Aug,presence,"c(-68.666, 43.662)"
Aug,presence,"c(-66.18, 41.7)"
Aug,presence,"c(-67.04764, 40.619615)"
Aug,presence,"c(-72.633, 39.95)"
Aug,presence,"c(-72.002, 40.486)"
Aug,presence,"c(-68.693482, 43.637726)"
Aug,presence,"c(-68.429, 41.057)"
Aug,presence,"c(-71.7876, 40.4337)"
Aug,presence,"c(-68.842613, 42.931927)"
Aug,presence,"c(-69.71544, 40.91961)"
Aug,presence,"c(-67.893517, 43.597179)"
Aug,presence,"c(-68.833, 43.488)"
Aug,presence,"c(-69.616661, 42.906952)"
Aug,presence,"c(-67.587631, 42.271309)"
Aug,presence,"c(-68.55656, 42.44341)"
Aug,presence,"c(-71.25, 40.683)"
Aug,presence,"c(-70.44, 42.76)"
Aug,presence,"c(-67.608292, 43.728581)"
Aug,presence,"c(-66.28, 41.48)"
Aug,presence,"c(-67.54, 42.74)"
Aug,presence,"c(-69.578, 42.018)"
Aug,presence,"c(-70.855942, 40.689442)"
Aug,presence,"c(-71.7465, 40.3158)"
Aug,presence,"c(-69.29, 42.74)"
Aug,presence,"c(-67.24, 43.45)"
Aug,presence,"c(-67.972748, 42.226719)"
Aug,presence,"c(-71.3298, 40.4895)"
Aug,presence,"c(-69.401856, 42.733418)"
Aug,presence,"c(-67.489006, 43.971684)"
Aug,presence,"c(-66.09, 44.82)"
Aug,presence,"c(-68.164253, 42.7393)"
Aug,presence,"c(-70.299866, 42.810341)"
Aug,presence,"c(-68.21608, 41.9285)"
Aug,presence,"c(-66.05, 45.03)"
Aug,presence,"c(-69.247925, 43.249126)"
Aug,presence,"c(-68.222, 43.958)"
Aug,presence,"c(-67.648567, 43.760914)"
Aug,background,"c(-68.1460602304543, 42.1702483801404)"
Aug,background,"c(-71.0252923293846, 40.6072366692925)"
Aug,background,"c(-67.981532681944, 42.2525121543955)"
Aug,background,"c(-71.1075561036397, 39.8668627009962)"
Aug,background,"c(-70.3671821353433, 41.1008193148234)"
Aug,background,"c(-72.341512717467, 39.7023351524859)"
Aug,background,"c(-68.8864341987506, 42.2525121543955)"
Aug,background,"c(-69.4622806185367, 42.4170397029058)"
Aug,background,"c(-69.9558632640676, 43.0751498969471)"
Aug,background,"c(-67.4056862621579, 44.0623151880089)"
Aug,background,"c(-67.3234224879028, 44.0623151880089)"
Aug,background,"c(-68.8041704244955, 41.6766657346095)"
Aug,background,"c(-71.5188749749155, 41.1008193148234)"
Aug,background,"c(-67.8170051334337, 42.1702483801404)"
Aug,background,"c(-68.3105877789646, 43.7332600909883)"
Aug,background,"c(-69.7913357155573, 42.9106223484367)"
Aug,background,"c(-68.8864341987506, 41.5121381860992)"
Aug,background,"c(-69.2154892957712, 42.1702483801404)"
Aug,background,"c(-68.3105877789646, 41.8411932831198)"
Aug,background,"c(-72.0947213947015, 40.6072366692925)"
Aug,background,"c(-68.9686979730058, 43.1574136712022)"
Aug,background,"c(-66.912103616627, 41.8411932831198)"
Aug,background,"c(-68.9686979730058, 42.499303477161)"
Aug,background,"c(-68.3928515532197, 41.9234570573749)"
Aug,background,"c(-71.8479300719361, 39.9491264752513)"
Aug,background,"c(-68.1460602304543, 42.0879846058852)"
Aug,background,"c(-69.7913357155573, 42.0057208316301)"
Aug,background,"c(-68.55737910173, 42.3347759286507)"
Aug,background,"c(-69.5445443927918, 43.1574136712022)"
Aug,background,"c(-69.3800168442815, 42.499303477161)"
Aug,background,"c(-69.9558632640676, 42.499303477161)"
Aug,background,"c(-68.7219066502403, 41.9234570573749)"
Aug,background,"c(-69.1332255215161, 43.6509963167331)"
Aug,background,"c(-69.1332255215161, 42.8283585741816)"
Aug,background,"c(-69.9558632640676, 42.4170397029058)"
Aug,background,"c(-69.3800168442815, 41.6766657346095)"
Aug,background,"c(-67.8992689076888, 43.8155238652434)"
Aug,background,"c(-68.3105877789646, 41.9234570573749)"
Aug,background,"c(-66.3362571968409, 45.0494804790707)"
Aug,background,"c(-69.2977530700264, 42.5815672514161)"
Aug,background,"c(-70.2849183610882, 42.6638310256713)"
Aug,background,"c(-71.6011387491706, 40.6072366692925)"
Aug,background,"c(-68.9686979730058, 42.9928861226919)"
Aug,background,"c(-68.8041704244955, 43.6509963167331)"
Aug,background,"c(-67.981532681944, 43.3219412197125)"
Aug,background,"c(-68.3928515532197, 43.2396774454574)"
Aug,background,"c(-68.4751153274749, 42.2525121543955)"
Aug,background,"c(-68.4751153274749, 42.3347759286507)"
Aug,background,"c(-69.2154892957712, 41.8411932831198)"
Aug,background,"c(-69.4622806185367, 41.429874411844)"
Aug,background,"c(-67.7347413591785, 44.144578962264)"
Aug,background,"c(-67.981532681944, 42.499303477161)"
Aug,background,"c(-72.5060402659773, 39.5378076039756)"
Aug,background,"c(-72.4237764917221, 39.6200713782307)"
Aug,background,"c(-69.5445443927918, 41.7589295088646)"
Aug,background,"c(-69.4622806185367, 41.9234570573749)"
Aug,background,"c(-70.1203908125779, 42.9928861226919)"
Aug,background,"c(-71.9301938461912, 40.5249728950374)"
Aug,background,"c(-69.5445443927918, 42.7460947999264)"
Aug,background,"c(-68.7219066502403, 42.1702483801404)"
Aug,background,"c(-69.4622806185367, 41.8411932831198)"
Aug,background,"c(-68.55737910173, 41.9234570573749)"
Aug,background,"c(-70.0381270383227, 42.8283585741816)"
Aug,background,"c(-66.912103616627, 42.4170397029058)"
Aug,background,"c(-69.9558632640676, 43.1574136712022)"
Aug,background,"c(-72.1769851689567, 39.4555438297204)"
Aug,background,"c(-69.1332255215161, 41.6766657346095)"
Aug,background,"c(-70.9430285551294, 39.6200713782307)"
Aug,background,"c(-68.1460602304543, 41.8411932831198)"
Aug,background,"c(-69.4622806185367, 42.1702483801404)"
Aug,background,"c(-72.2592489432118, 40.4427091207822)"
Aug,background,"c(-68.8864341987506, 41.3476106375889)"
Aug,background,"c(-69.8735994898124, 42.0057208316301)"
Aug,background,"c(-69.626808167047, 41.5121381860992)"
Aug,background,"c(-66.1717296483306, 42.2525121543955)"
Aug,background,"c(-68.7219066502403, 43.0751498969471)"
Aug,background,"c(-70.202654586833, 42.9106223484367)"
Aug,background,"c(-69.5445443927918, 42.2525121543955)"
Aug,background,"c(-68.9686979730058, 41.8411932831198)"
Aug,background,"c(-69.5445443927918, 43.2396774454574)"
Aug,background,"c(-68.8041704244955, 43.4864687682228)"
Aug,background,"c(-68.1460602304543, 41.9234570573749)"
Aug,background,"c(-68.4751153274749, 41.6766657346095)"
Aug,background,"c(-68.7219066502403, 42.3347759286507)"
Aug,background,"c(-69.0509617472609, 42.4170397029058)"
Aug,background,"c(-67.1588949393925, 44.3913702850295)"
Aug,background,"c(-66.5830485196064, 43.0751498969471)"
Aug,background,"c(-70.0381270383227, 40.6072366692925)"
Aug,background,"c(-72.0124576204464, 39.3732800554653)"
Aug,background,"c(-68.9686979730058, 42.5815672514161)"
Aug,background,"c(-68.3105877789646, 42.2525121543955)"
Aug,background,"c(-68.8041704244955, 41.5944019603543)"
Aug,background,"c(-69.3800168442815, 41.5944019603543)"
Aug,background,"c(-67.0766311651373, 44.4736340592846)"
Aug,background,"c(-69.2977530700264, 43.6509963167331)"
Aug,background,"c(-69.2154892957712, 41.5121381860992)"
Aug,background,"c(-69.5445443927918, 43.0751498969471)"
Aug,background,"c(-68.8864341987506, 43.1574136712022)"
Aug,background,"c(-68.7219066502403, 41.3476106375889)"
Aug,background,"c(-67.8992689076888, 43.8977876394986)"
Aug,background,"c(-68.3105877789646, 42.1702483801404)"
Aug,background,"c(-68.55737910173, 43.4042049939677)"
Aug,background,"c(-69.1332255215161, 43.0751498969471)"
Aug,background,"c(-66.8298398423719, 44.9672167048155)"
Aug,background,"c(-69.3800168442815, 42.4170397029058)"
Aug,background,"c(-70.3671821353433, 42.1702483801404)"
Aug,background,"c(-71.1075561036397, 40.9362917663131)"
Aug,background,"c(-69.7913357155573, 43.568732542478)"
Aug,background,"c(-68.3928515532197, 42.3347759286507)"
Aug,background,"c(-69.4622806185367, 42.0057208316301)"
Aug,background,"c(-70.3671821353433, 43.0751498969471)"
Aug,background,"c(-68.55737910173, 41.6766657346095)"
Aug,background,"c(-69.626808167047, 43.0751498969471)"
Aug,background,"c(-69.7913357155573, 41.9234570573749)"
Aug,background,"c(-68.4751153274749, 42.0057208316301)"
Aug,background,"c(-71.7656662976809, 40.0313902495065)"
Aug,background,"c(-69.4622806185367, 41.1008193148234)"
Aug,background,"c(-69.2977530700264, 41.7589295088646)"
Aug,background,"c(-66.4185209710961, 42.2525121543955)"
Aug,background,"c(-69.1332255215161, 41.1008193148234)"
Aug,background,"c(-69.3800168442815, 42.5815672514161)"
Aug,background,"c(-71.0252923293846, 39.7023351524859)"
Aug,background,"c(-68.6396428759852, 42.1702483801404)"
Aug,background,"c(-65.5136194542894, 43.0751498969471)"
Aug,background,"c(-68.8864341987506, 42.3347759286507)"
Aug,background,"c(-71.1898198778948, 40.6072366692925)"
Aug,background,"c(-70.202654586833, 42.9928861226919)"
Aug,background,"c(-67.6524775849234, 44.0623151880089)"
Aug,background,"c(-68.7219066502403, 42.0057208316301)"
Aug,background,"c(-69.2977530700264, 41.0185555405683)"
Aug,background,"c(-69.626808167047, 43.3219412197125)"
Aug,background,"c(-69.0509617472609, 42.2525121543955)"
Aug,background,"c(-68.0637964561991, 43.4042049939677)"
Aug,background,"c(-72.6705678144876, 39.9491264752513)"
Aug,background,"c(-68.6396428759852, 41.9234570573749)"
Aug,background,"c(-68.9686979730058, 41.1008193148234)"
Aug,background,"c(-68.8864341987506, 42.9106223484367)"
Aug,background,"c(-70.7785010066191, 41.0185555405683)"
Aug,background,"c(-69.5445443927918, 42.499303477161)"
Aug,background,"c(-67.981532681944, 41.7589295088646)"
Aug,background,"c(-70.0381270383227, 42.9928861226919)"
Aug,background,"c(-69.2154892957712, 41.3476106375889)"
Aug,background,"c(-67.8992689076888, 42.1702483801404)"
Aug,background,"c(-72.5883040402324, 40.6072366692925)"
Aug,background,"c(-72.8350953629979, 38.8796974099344)"
Aug,background,"c(-68.3928515532197, 41.7589295088646)"
Aug,background,"c(-70.202654586833, 42.8283585741816)"
Aug,background,"c(-70.5317096838536, 40.7717642178028)"
Aug,background,"c(-67.4879500364131, 43.9800514137537)"
Aug,background,"c(-70.9430285551294, 41.1830830890786)"
Aug,background,"c(-70.1203908125779, 42.0057208316301)"
Aug,background,"c(-67.0766311651373, 45.0494804790707)"
Aug,background,"c(-68.1460602304543, 42.499303477161)"
Aug,background,"c(-68.8864341987506, 41.5944019603543)"
Aug,background,"c(-68.55737910173, 42.8283585741816)"
Aug,background,"c(-70.6962372323639, 41.0185555405683)"
Aug,background,"c(-68.8864341987506, 41.8411932831198)"
Aug,background,"c(-67.4879500364131, 44.3091065107743)"
Aug,background,"c(-68.7219066502403, 43.3219412197125)"
Aug,background,"c(-69.5445443927918, 40.9362917663131)"
Aug,background,"c(-66.3362571968409, 42.2525121543955)"
Aug,background,"c(-69.2154892957712, 41.7589295088646)"
Aug,background,"c(-68.2283240047094, 41.9234570573749)"
Aug,background,"c(-67.3234224879028, 44.2268427365192)"
Aug,background,"c(-69.9558632640676, 42.2525121543955)"
Aug,background,"c(-67.6524775849234, 43.0751498969471)"
Aug,background,"c(-70.2849183610882, 42.9106223484367)"
Aug,background,"c(-67.3234224879028, 43.9800514137537)"
Aug,background,"c(-72.917359137253, 39.2910162812101)"
Aug,background,"c(-70.0381270383227, 43.1574136712022)"
Aug,background,"c(-67.8992689076888, 42.8283585741816)"
Aug,background,"c(-71.5188749749155, 40.0313902495065)"
Aug,background,"c(-71.3543474264052, 39.9491264752513)"
Aug,background,"c(-69.0509617472609, 42.9106223484367)"
Aug,background,"c(-69.2154892957712, 41.1830830890786)"
Aug,background,"c(-68.3105877789646, 42.0879846058852)"
Aug,background,"c(-69.8735994898124, 41.8411932831198)"
Aug,background,"c(-68.4751153274749, 43.3219412197125)"
Aug,background,"c(-71.4366112006603, 40.4427091207822)"
Aug,background,"c(-72.0124576204464, 40.2781815722719)"
Aug,background,"c(-68.3928515532197, 43.1574136712022)"
Aug,background,"c(-70.4494459095985, 43.0751498969471)"
Aug,background,"c(-67.981532681944, 42.9106223484367)"
Aug,background,"c(-70.0381270383227, 42.499303477161)"
Aug,background,"c(-68.0637964561991, 42.0057208316301)"
Aug,background,"c(-70.7785010066191, 40.854027992058)"
Aug,background,"c(-69.1332255215161, 41.7589295088646)"
Aug,background,"c(-69.3800168442815, 43.0751498969471)"
Aug,background,"c(-70.7785010066191, 41.1008193148234)"
Aug,background,"c(-71.0252923293846, 40.7717642178028)"
Aug,background,"c(-70.2849183610882, 42.0879846058852)"
Aug,background,"c(-72.0124576204464, 40.6895004435477)"
Aug,background,"c(-69.1332255215161, 41.3476106375889)"
Aug,background,"c(-67.7347413591785, 42.9928861226919)"
Aug,background,"c(-66.5007847453512, 42.2525121543955)"
Aug,background,"c(-71.8479300719361, 39.2910162812101)"
Aug,background,"c(-68.4751153274749, 43.8155238652434)"
Aug,background,"c(-66.0894658740755, 44.8026891563052)"
Aug,background,"c(-68.8041704244955, 41.1830830890786)"
Aug,background,"c(-69.1332255215161, 41.9234570573749)"
Aug,background,"c(-72.2592489432118, 39.784598926741)"
Aug,background,"c(-69.2977530700264, 41.8411932831198)"
Aug,background,"c(-69.0509617472609, 41.1830830890786)"
Aug,background,"c(-67.981532681944, 43.568732542478)"
Aug,background,"c(-72.2592489432118, 39.4555438297204)"
Aug,background,"c(-69.626808167047, 41.1830830890786)"
Aug,background,"c(-69.0509617472609, 42.499303477161)"
Aug,background,"c(-68.3928515532197, 42.0057208316301)"
Aug,background,"c(-70.5317096838536, 41.0185555405683)"
Aug,background,"c(-67.8992689076888, 43.7332600909883)"
Aug,background,"c(-69.2977530700264, 43.0751498969471)"
Aug,background,"c(-68.8864341987506, 41.2653468633337)"
Aug,background,"c(-69.3800168442815, 41.429874411844)"
Aug,background,"c(-69.4622806185367, 43.1574136712022)"
Aug,background,"c(-69.0509617472609, 41.2653468633337)"
Aug,background,"c(-68.8864341987506, 42.8283585741816)"
Aug,background,"c(-66.5007847453512, 44.7204253820501)"
Aug,background,"c(-68.7219066502403, 41.1830830890786)"
Aug,background,"c(-72.341512717467, 39.784598926741)"
Aug,background,"c(-70.7785010066191, 40.7717642178028)"
Aug,background,"c(-72.0124576204464, 40.7717642178028)"
Aug,background,"c(-72.8350953629979, 40.5249728950374)"
Aug,background,"c(-72.1769851689567, 40.1136540237616)"
Aug,background,"c(-68.9686979730058, 41.5944019603543)"
Aug,background,"c(-66.6653122938615, 44.8026891563052)"
Aug,background,"c(-66.0894658740755, 45.0494804790707)"
Aug,background,"c(-67.8170051334337, 42.3347759286507)"
Aug,background,"c(-69.5445443927918, 42.0057208316301)"
Aug,background,"c(-71.9301938461912, 40.1136540237616)"
Aug,background,"c(-71.1075561036397, 39.784598926741)"
Aug,background,"c(-67.0766311651373, 44.3913702850295)"
Aug,background,"c(-68.55737910173, 42.0879846058852)"
Aug,background,"c(-68.6396428759852, 42.9928861226919)"
Aug,background,"c(-68.4751153274749, 41.7589295088646)"
Aug,background,"c(-69.7090719413021, 40.9362917663131)"
Aug,background,"c(-68.8864341987506, 41.6766657346095)"
Aug,background,"c(-68.9686979730058, 39.784598926741)"
Aug,background,"c(-71.5188749749155, 39.784598926741)"
Aug,background,"c(-69.9558632640676, 40.6895004435477)"
Aug,background,"c(-69.4622806185367, 42.0879846058852)"
Aug,background,"c(-67.8170051334337, 42.7460947999264)"
Aug,background,"c(-69.1332255215161, 41.429874411844)"
Aug,background,"c(-71.4366112006603, 40.854027992058)"
Aug,background,"c(-68.4751153274749, 42.5815672514161)"
Aug,background,"c(-67.4056862621579, 42.2525121543955)"
Aug,background,"c(-68.8864341987506, 41.7589295088646)"
Aug,background,"c(-70.4494459095985, 40.6072366692925)"
Aug,background,"c(-69.626808167047, 41.9234570573749)"
Aug,background,"c(-69.2977530700264, 41.6766657346095)"
Aug,background,"c(-69.2154892957712, 41.5944019603543)"
Aug,background,"c(-68.8864341987506, 41.9234570573749)"
Aug,background,"c(-68.6396428759852, 42.0879846058852)"
Aug,background,"c(-72.0947213947015, 40.7717642178028)"
Aug,background,"c(-67.6524775849234, 40.6072366692925)"
Aug,background,"c(-71.1898198778948, 40.9362917663131)"
Aug,background,"c(-68.9686979730058, 41.9234570573749)"
Aug,background,"c(-72.0124576204464, 40.4427091207822)"
Aug,background,"c(-69.5445443927918, 43.4864687682228)"
Aug,background,"c(-69.5445443927918, 41.5121381860992)"
Aug,background,"c(-69.0509617472609, 42.3347759286507)"
Aug,background,"c(-70.0381270383227, 40.6895004435477)"
Aug,background,"c(-70.2849183610882, 40.9362917663131)"
Aug,background,"c(-72.1769851689567, 40.0313902495065)"
Aug,background,"c(-67.3234224879028, 40.4427091207822)"
Aug,background,"c(-70.1203908125779, 42.4170397029058)"
Aug,background,"c(-71.3543474264052, 40.2781815722719)"
Aug,background,"c(-69.8735994898124, 42.1702483801404)"
Aug,background,"c(-69.7090719413021, 41.9234570573749)"
Aug,background,"c(-72.6705678144876, 39.208752506955)"
Aug,background,"c(-69.3800168442815, 42.0879846058852)"
Aug,background,"c(-68.9686979730058, 43.3219412197125)"
Aug,background,"c(-68.6396428759852, 42.3347759286507)"
Aug,background,"c(-69.4622806185367, 43.4864687682228)"
Aug,background,"c(-69.626808167047, 41.429874411844)"
Aug,background,"c(-68.8041704244955, 42.3347759286507)"
Aug,background,"c(-73.0818866857633, 40.1136540237616)"
Aug,background,"c(-69.5445443927918, 42.0879846058852)"
Aug,background,"c(-69.7090719413021, 42.5815672514161)"
Aug,background,"c(-68.6396428759852, 42.2525121543955)"
Aug,background,"c(-69.4622806185367, 41.5121381860992)"
Aug,background,"c(-67.7347413591785, 43.2396774454574)"
Aug,background,"c(-72.2592489432118, 39.8668627009962)"
Aug,background,"c(-67.6524775849234, 43.1574136712022)"
Aug,background,"c(-68.9686979730058, 41.1830830890786)"
Aug,background,"c(-68.4751153274749, 42.9928861226919)"
Aug,background,"c(-68.2283240047094, 42.0057208316301)"
Aug,background,"c(-69.3800168442815, 41.7589295088646)"
Aug,background,"c(-70.0381270383227, 43.2396774454574)"
Aug,background,"c(-68.9686979730058, 41.7589295088646)"
Aug,background,"c(-71.8479300719361, 39.7023351524859)"
Aug,background,"c(-69.2977530700264, 41.5944019603543)"
Aug,background,"c(-69.1332255215161, 42.7460947999264)"
Aug,background,"c(-72.2592489432118, 40.3604453465271)"
Aug,background,"c(-70.2849183610882, 42.1702483801404)"
Aug,background,"c(-69.2977530700264, 42.9928861226919)"
Aug,background,"c(-71.7656662976809, 40.6895004435477)"
Aug,background,"c(-68.8864341987506, 41.1830830890786)"
Aug,background,"c(-72.341512717467, 39.6200713782307)"
Aug,background,"c(-67.6524775849234, 40.2781815722719)"
Aug,background,"c(-70.2849183610882, 40.6072366692925)"
Aug,background,"c(-68.9686979730058, 42.0879846058852)"
Aug,background,"c(-71.6834025234258, 40.2781815722719)"
Aug,background,"c(-71.8479300719361, 39.784598926741)"
Aug,background,"c(-66.4185209710961, 44.7204253820501)"
Aug,background,"c(-67.2411587136476, 44.2268427365192)"
Aug,background,"c(-68.7219066502403, 40.6895004435477)"
Aug,background,"c(-69.7090719413021, 43.1574136712022)"
Aug,background,"c(-67.4879500364131, 42.499303477161)"
Aug,background,"c(-68.0637964561991, 43.9800514137537)"
Aug,background,"c(-69.3800168442815, 41.5121381860992)"
Aug,background,"c(-69.626808167047, 42.7460947999264)"
Aug,background,"c(-68.8041704244955, 42.499303477161)"
Aug,background,"c(-69.8735994898124, 42.0879846058852)"
Aug,background,"c(-72.341512717467, 39.208752506955)"
Aug,background,"c(-71.0252923293846, 40.854027992058)"
Aug,background,"c(-67.8170051334337, 42.0057208316301)"
Aug,background,"c(-68.3105877789646, 43.3219412197125)"
Aug,background,"c(-68.3928515532197, 42.499303477161)"
Aug,background,"c(-68.3105877789646, 43.6509963167331)"
Aug,background,"c(-70.202654586833, 41.2653468633337)"
Aug,background,"c(-69.0509617472609, 41.7589295088646)"
Aug,background,"c(-69.9558632640676, 42.9106223484367)"
Aug,background,"c(-69.4622806185367, 42.9106223484367)"
Aug,background,"c(-73.1641504600185, 38.9619611841895)"
Aug,background,"c(-70.202654586833, 40.6895004435477)"
Aug,background,"c(-72.0124576204464, 40.6072366692925)"
Aug,background,"c(-71.5188749749155, 40.854027992058)"
Aug,background,"c(-68.4751153274749, 43.1574136712022)"
Aug,background,"c(-68.9686979730058, 42.0057208316301)"
Aug,background,"c(-69.626808167047, 42.3347759286507)"
Aug,background,"c(-66.3362571968409, 42.1702483801404)"
Aug,background,"c(-72.2592489432118, 39.7023351524859)"
Aug,background,"c(-68.9686979730058, 41.2653468633337)"
Aug,background,"c(-68.4751153274749, 42.4170397029058)"
Aug,background,"c(-66.1717296483306, 44.8026891563052)"
Aug,background,"c(-71.0252923293846, 39.6200713782307)"
Aug,background,"c(-67.8170051334337, 42.9928861226919)"
Aug,background,"c(-71.7656662976809, 40.1136540237616)"
Aug,background,"c(-67.7347413591785, 42.4170397029058)"
Aug,background,"c(-69.2154892957712, 42.6638310256713)"
Aug,background,"c(-69.2977530700264, 43.2396774454574)"
Aug,background,"c(-71.9301938461912, 40.854027992058)"
Aug,background,"c(-69.9558632640676, 41.9234570573749)"
Aug,background,"c(-72.917359137253, 38.8796974099344)"
Aug,background,"c(-68.6396428759852, 41.3476106375889)"
Aug,background,"c(-70.8607647808742, 40.6895004435477)"
Aug,background,"c(-67.4056862621579, 42.4170397029058)"
Aug,background,"c(-70.3671821353433, 43.1574136712022)"
Aug,background,"c(-69.4622806185367, 43.0751498969471)"
Aug,background,"c(-69.3800168442815, 42.6638310256713)"
Aug,background,"c(-67.8170051334337, 43.8155238652434)"
Aug,background,"c(-72.4237764917221, 39.4555438297204)"
Aug,background,"c(-69.5445443927918, 42.9106223484367)"
Aug,background,"c(-68.0637964561991, 42.1702483801404)"
Aug,background,"c(-69.2154892957712, 41.429874411844)"
Aug,background,"c(-72.0124576204464, 39.9491264752513)"
Aug,background,"c(-68.55737910173, 42.2525121543955)"
Aug,background,"c(-69.4622806185367, 41.6766657346095)"
Aug,background,"c(-69.2977530700264, 42.1702483801404)"
Aug,background,"c(-68.3105877789646, 43.568732542478)"
Aug,background,"c(-68.7219066502403, 41.6766657346095)"
Aug,background,"c(-68.8041704244955, 42.2525121543955)"
Aug,background,"c(-69.4622806185367, 42.7460947999264)"
Aug,background,"c(-72.2592489432118, 40.6895004435477)"
Aug,background,"c(-68.9686979730058, 42.4170397029058)"
Aug,background,"c(-69.2977530700264, 41.1008193148234)"
Aug,background,"c(-68.8041704244955, 41.9234570573749)"
Aug,background,"c(-67.0766311651373, 42.3347759286507)"
Aug,background,"c(-72.2592489432118, 39.208752506955)"
Aug,background,"c(-67.5702138106682, 43.1574136712022)"
Aug,background,"c(-71.6834025234258, 39.8668627009962)"
Aug,background,"c(-69.2977530700264, 42.6638310256713)"
Aug,background,"c(-68.8041704244955, 39.9491264752513)"
Aug,background,"c(-67.2411587136476, 43.568732542478)"
Aug,background,"c(-68.6396428759852, 41.5944019603543)"
Aug,background,"c(-69.3800168442815, 43.568732542478)"
Aug,background,"c(-68.9686979730058, 42.7460947999264)"
Aug,background,"c(-67.6524775849234, 42.3347759286507)"
Aug,background,"c(-72.4237764917221, 40.4427091207822)"
Aug,background,"c(-69.3800168442815, 42.1702483801404)"
Aug,background,"c(-67.4056862621579, 42.499303477161)"
Aug,background,"c(-72.4237764917221, 40.6895004435477)"
Aug,background,"c(-68.3928515532197, 42.5815672514161)"
Aug,background,"c(-69.1332255215161, 41.5121381860992)"
Aug,background,"c(-68.6396428759852, 43.0751498969471)"
Aug,background,"c(-69.626808167047, 43.4042049939677)"
Aug,background,"c(-69.0509617472609, 43.1574136712022)"
Aug,background,"c(-71.9301938461912, 39.6200713782307)"
Aug,background,"c(-70.3671821353433, 41.2653468633337)"
Aug,background,"c(-69.3800168442815, 43.3219412197125)"
Aug,background,"c(-70.3671821353433, 40.7717642178028)"
Aug,background,"c(-68.8041704244955, 42.0879846058852)"
Aug,background,"c(-68.0637964561991, 41.8411932831198)"
Aug,background,"c(-71.3543474264052, 40.3604453465271)"
Aug,background,"c(-67.8170051334337, 43.4864687682228)"
Aug,background,"c(-68.3928515532197, 43.4042049939677)"
Aug,background,"c(-67.8992689076888, 42.0057208316301)"
Aug,background,"c(-72.0124576204464, 40.1136540237616)"
Aug,background,"c(-65.266828131524, 42.9106223484367)"
Aug,background,"c(-69.626808167047, 42.9106223484367)"
Aug,background,"c(-67.4879500364131, 41.9234570573749)"
Aug,background,"c(-69.2154892957712, 42.0057208316301)"
Aug,background,"c(-66.8298398423719, 42.1702483801404)"
Aug,background,"c(-66.5007847453512, 42.4170397029058)"
Aug,background,"c(-69.8735994898124, 42.499303477161)"
Aug,background,"c(-69.1332255215161, 41.1830830890786)"
Aug,background,"c(-68.3105877789646, 42.499303477161)"
Aug,background,"c(-70.1203908125779, 42.7460947999264)"
Aug,background,"c(-67.8992689076888, 43.9800514137537)"
Aug,background,"c(-67.5702138106682, 44.144578962264)"
Aug,background,"c(-71.7656662976809, 39.7023351524859)"
Aug,background,"c(-69.7090719413021, 41.7589295088646)"
Aug,background,"c(-72.6705678144876, 38.9619611841895)"
Aug,background,"c(-68.4751153274749, 43.8977876394986)"
Aug,background,"c(-68.9686979730058, 41.429874411844)"
Aug,background,"c(-67.8170051334337, 43.568732542478)"
Aug,background,"c(-69.2977530700264, 41.429874411844)"
Aug,background,"c(-69.1332255215161, 43.1574136712022)"
Aug,background,"c(-70.4494459095985, 41.8411932831198)"
Aug,background,"c(-69.8735994898124, 43.3219412197125)"
Aug,background,"c(-70.2849183610882, 42.2525121543955)"
Aug,background,"c(-69.1332255215161, 42.9928861226919)"
Aug,background,"c(-69.626808167047, 42.5815672514161)"
Aug,background,"c(-71.1075561036397, 40.1136540237616)"
Aug,background,"c(-69.0509617472609, 41.429874411844)"
Aug,background,"c(-68.8041704244955, 40.6072366692925)"
Aug,background,"c(-71.3543474264052, 40.7717642178028)"
Aug,background,"c(-69.7913357155573, 43.3219412197125)"
Aug,background,"c(-66.7475760681167, 42.1702483801404)"
Aug,background,"c(-68.3928515532197, 42.8283585741816)"
Aug,background,"c(-68.8864341987506, 41.429874411844)"
Aug,background,"c(-68.6396428759852, 41.5121381860992)"
Aug,background,"c(-69.7913357155573, 43.2396774454574)"
Aug,background,"c(-69.8735994898124, 43.568732542478)"
Aug,background,"c(-66.3362571968409, 44.7204253820501)"
Aug,background,"c(-68.8041704244955, 41.8411932831198)"
Aug,background,"c(-67.7347413591785, 42.0879846058852)"
Aug,background,"c(-70.6139734581088, 42.2525121543955)"
Aug,background,"c(-71.0252923293846, 40.5249728950374)"
Aug,background,"c(-68.55737910173, 43.2396774454574)"
Aug,background,"c(-69.626808167047, 41.8411932831198)"
Aug,background,"c(-67.1588949393925, 43.9800514137537)"
Aug,background,"c(-71.8479300719361, 39.6200713782307)"
Aug,background,"c(-67.4879500364131, 43.6509963167331)"
Aug,background,"c(-65.3490919057791, 43.3219412197125)"
Aug,background,"c(-71.27208365215, 40.3604453465271)"
Aug,background,"c(-71.5188749749155, 40.2781815722719)"
Aug,background,"c(-71.4366112006603, 41.0185555405683)"
Aug,background,"c(-69.2154892957712, 43.0751498969471)"
Aug,background,"c(-69.7913357155573, 40.9362917663131)"
Aug,background,"c(-70.3671821353433, 42.0879846058852)"
Aug,background,"c(-70.5317096838536, 42.2525121543955)"
Aug,background,"c(-70.3671821353433, 43.2396774454574)"
Aug,background,"c(-68.4751153274749, 40.9362917663131)"
Aug,background,"c(-69.2154892957712, 41.2653468633337)"
Aug,background,"c(-72.5883040402324, 39.5378076039756)"
Aug,background,"c(-69.8735994898124, 43.1574136712022)"
Aug,background,"c(-69.2977530700264, 42.0057208316301)"
Aug,background,"c(-70.2849183610882, 41.0185555405683)"
Aug,background,"c(-66.5830485196064, 41.3476106375889)"
Aug,background,"c(-70.202654586833, 42.5815672514161)"
Aug,background,"c(-67.1588949393925, 43.568732542478)"
Aug,background,"c(-71.6011387491706, 39.6200713782307)"
Aug,background,"c(-68.55737910173, 42.1702483801404)"
Aug,background,"c(-72.5883040402324, 40.1136540237616)"
Aug,background,"c(-68.7219066502403, 42.0879846058852)"
Aug,background,"c(-67.6524775849234, 43.8977876394986)"
Aug,background,"c(-70.1203908125779, 40.3604453465271)"
Aug,background,"c(-71.7656662976809, 39.9491264752513)"
Aug,background,"c(-69.8735994898124, 43.4864687682228)"
Aug,background,"c(-69.0509617472609, 41.6766657346095)"
Aug,background,"c(-68.9686979730058, 42.1702483801404)"
Aug,background,"c(-67.1588949393925, 40.854027992058)"
Aug,background,"c(-70.6139734581088, 40.7717642178028)"
Aug,background,"c(-68.3105877789646, 43.2396774454574)"
Aug,background,"c(-69.3800168442815, 42.3347759286507)"
Aug,background,"c(-71.9301938461912, 39.9491264752513)"
Aug,background,"c(-68.7219066502403, 41.2653468633337)"
Aug,background,"c(-69.626808167047, 41.7589295088646)"
Aug,background,"c(-69.0509617472609, 42.0057208316301)"
Aug,background,"c(-67.4879500364131, 44.0623151880089)"
Aug,background,"c(-68.7219066502403, 41.429874411844)"
Aug,background,"c(-70.9430285551294, 40.6895004435477)"
Aug,background,"c(-68.9686979730058, 42.3347759286507)"
Aug,background,"c(-69.2154892957712, 42.499303477161)"
Aug,background,"c(-71.5188749749155, 39.7023351524859)"
Aug,background,"c(-68.8864341987506, 42.7460947999264)"
Aug,background,"c(-67.7347413591785, 43.0751498969471)"
Aug,background,"c(-67.6524775849234, 43.9800514137537)"
Aug,background,"c(-69.2977530700264, 41.1830830890786)"
Aug,background,"c(-69.1332255215161, 42.5815672514161)"
Aug,background,"c(-68.55737910173, 43.3219412197125)"
Aug,background,"c(-68.3105877789646, 42.4170397029058)"
Aug,background,"c(-70.1203908125779, 42.6638310256713)"
Aug,background,"c(-71.27208365215, 40.1136540237616)"
Aug,background,"c(-67.3234224879028, 42.4170397029058)"
Aug,background,"c(-67.5702138106682, 41.429874411844)"
Aug,background,"c(-71.27208365215, 39.9491264752513)"
Aug,background,"c(-72.341512717467, 39.5378076039756)"
Aug,background,"c(-70.1203908125779, 42.0879846058852)"
Aug,background,"c(-67.7347413591785, 40.3604453465271)"
Aug,background,"c(-68.7219066502403, 42.2525121543955)"
Aug,background,"c(-68.0637964561991, 42.2525121543955)"
Aug,background,"c(-69.0509617472609, 42.8283585741816)"
Aug,background,"c(-69.8735994898124, 42.4170397029058)"
Aug,background,"c(-68.2283240047094, 43.4864687682228)"
Aug,background,"c(-69.2977530700264, 42.0879846058852)"
Aug,background,"c(-70.6139734581088, 40.3604453465271)"
Aug,background,"c(-67.3234224879028, 42.3347759286507)"
Aug,background,"c(-68.8041704244955, 40.7717642178028)"
Aug,background,"c(-69.1332255215161, 43.568732542478)"
Aug,background,"c(-70.3671821353433, 41.9234570573749)"
Aug,background,"c(-69.7913357155573, 42.499303477161)"
Aug,background,"c(-68.6396428759852, 41.7589295088646)"
Aug,background,"c(-69.7913357155573, 43.4042049939677)"
Aug,background,"c(-71.9301938461912, 39.784598926741)"
Aug,background,"c(-69.626808167047, 41.5944019603543)"
Aug,background,"c(-72.8350953629979, 38.9619611841895)"
Aug,background,"c(-66.6653122938615, 42.2525121543955)"
Aug,background,"c(-69.9558632640676, 43.4042049939677)"
Aug,background,"c(-68.3928515532197, 42.0879846058852)"
Aug,background,"c(-69.0509617472609, 41.8411932831198)"
Aug,background,"c(-67.981532681944, 42.5815672514161)"
Aug,background,"c(-68.9686979730058, 43.0751498969471)"
Aug,background,"c(-69.8735994898124, 42.9106223484367)"
Aug,background,"c(-69.5445443927918, 43.568732542478)"
Aug,background,"c(-68.8041704244955, 42.0057208316301)"
Aug,background,"c(-67.8170051334337, 42.5815672514161)"
Aug,background,"c(-70.7785010066191, 40.4427091207822)"
Aug,background,"c(-71.4366112006603, 41.1830830890786)"
Aug,background,"c(-69.1332255215161, 42.4170397029058)"
Aug,background,"c(-67.4879500364131, 43.1574136712022)"
Aug,background,"c(-69.2154892957712, 41.9234570573749)"
Aug,background,"c(-70.0381270383227, 42.3347759286507)"
Aug,background,"c(-70.2849183610882, 42.8283585741816)"
Aug,background,"c(-68.1460602304543, 43.4864687682228)"
Aug,background,"c(-70.0381270383227, 42.6638310256713)"
Aug,background,"c(-67.6524775849234, 42.6638310256713)"
Aug,background,"c(-70.2849183610882, 43.1574136712022)"
Aug,background,"c(-72.7528315887427, 39.0442249584447)"
Aug,background,"c(-68.8041704244955, 42.1702483801404)"
Aug,background,"c(-70.3671821353433, 42.3347759286507)"
Aug,background,"c(-68.55737910173, 41.8411932831198)"
Aug,background,"c(-69.1332255215161, 41.5944019603543)"
Aug,background,"c(-68.8041704244955, 41.2653468633337)"
Aug,background,"c(-69.1332255215161, 41.2653468633337)"
Aug,background,"c(-68.3928515532197, 42.1702483801404)"
Aug,background,"c(-69.1332255215161, 42.2525121543955)"
Aug,background,"c(-69.8735994898124, 42.7460947999264)"
Aug,background,"c(-69.1332255215161, 42.3347759286507)"
Aug,background,"c(-68.2283240047094, 42.2525121543955)"
Aug,background,"c(-68.8041704244955, 41.429874411844)"
Aug,background,"c(-68.1460602304543, 43.8155238652434)"
Aug,background,"c(-69.0509617472609, 42.7460947999264)"
Aug,background,"c(-69.7913357155573, 42.0879846058852)"
Aug,background,"c(-69.2154892957712, 42.0879846058852)"
Aug,background,"c(-72.0947213947015, 39.8668627009962)"
Aug,background,"c(-69.2977530700264, 41.3476106375889)"
Aug,background,"c(-72.341512717467, 40.1959177980168)"
Aug,background,"c(-73.2464142342736, 39.8668627009962)"
Aug,background,"c(-68.9686979730058, 41.3476106375889)"
Aug,background,"c(-68.9686979730058, 42.6638310256713)"
Aug,background,"c(-69.9558632640676, 42.6638310256713)"
Aug,background,"c(-68.4751153274749, 43.0751498969471)"
Aug,background,"c(-69.3800168442815, 41.8411932831198)"
Aug,background,"c(-69.7913357155573, 43.0751498969471)"
Aug,background,"c(-67.3234224879028, 42.1702483801404)"
Aug,background,"c(-69.4622806185367, 42.6638310256713)"
Aug,background,"c(-69.3800168442815, 41.2653468633337)"
Aug,background,"c(-67.3234224879028, 42.0879846058852)"
Aug,background,"c(-72.0124576204464, 39.5378076039756)"
Aug,background,"c(-69.4622806185367, 40.9362917663131)"
Aug,background,"c(-72.5883040402324, 38.8796974099344)"
Aug,background,"c(-70.6962372323639, 42.3347759286507)"
Aug,background,"c(-71.6834025234258, 39.784598926741)"
Aug,background,"c(-69.7090719413021, 42.2525121543955)"
Aug,background,"c(-70.202654586833, 43.1574136712022)"
Aug,background,"c(-73.2464142342736, 38.8796974099344)"
Aug,background,"c(-67.981532681944, 41.2653468633337)"
Aug,background,"c(-70.2849183610882, 40.5249728950374)"
Aug,background,"c(-72.6705678144876, 39.4555438297204)"
Aug,background,"c(-69.1332255215161, 42.0879846058852)"
Aug,background,"c(-67.7347413591785, 43.8977876394986)"
Aug,background,"c(-69.4622806185367, 43.4042049939677)"
Aug,background,"c(-68.1460602304543, 43.568732542478)"
Aug,background,"c(-68.6396428759852, 41.6766657346095)"
Aug,background,"c(-67.4056862621579, 44.144578962264)"
Aug,background,"c(-67.4879500364131, 40.1959177980168)"
Aug,background,"c(-70.6962372323639, 40.6895004435477)"
Aug,background,"c(-69.2154892957712, 43.7332600909883)"
Aug,background,"c(-67.6524775849234, 42.1702483801404)"
Aug,background,"c(-67.7347413591785, 43.8155238652434)"
Aug,background,"c(-67.981532681944, 43.0751498969471)"
Aug,background,"c(-69.1332255215161, 42.0057208316301)"
Aug,background,"c(-71.5188749749155, 39.8668627009962)"
Aug,background,"c(-70.9430285551294, 41.0185555405683)"
Aug,background,"c(-68.6396428759852, 41.8411932831198)"
Aug,background,"c(-67.7347413591785, 42.1702483801404)"
Aug,background,"c(-69.626808167047, 43.568732542478)"
Aug,background,"c(-70.6962372323639, 42.7460947999264)"
Aug,background,"c(-70.3671821353433, 40.0313902495065)"
Aug,background,"c(-69.7913357155573, 42.3347759286507)"
Aug,background,"c(-69.626808167047, 42.8283585741816)"
Aug,background,"c(-70.7785010066191, 40.0313902495065)"
Aug,background,"c(-67.1588949393925, 42.0879846058852)"
Aug,background,"c(-69.626808167047, 43.1574136712022)"
Aug,background,"c(-68.3105877789646, 42.3347759286507)"
Aug,background,"c(-68.6396428759852, 43.4042049939677)"
Aug,background,"c(-69.0509617472609, 41.5944019603543)"
Aug,background,"c(-72.4237764917221, 39.784598926741)"
Aug,background,"c(-68.8041704244955, 43.3219412197125)"
Aug,background,"c(-67.981532681944, 43.9800514137537)"
Aug,background,"c(-67.8992689076888, 42.499303477161)"
Aug,background,"c(-71.0252923293846, 41.0185555405683)"
Aug,background,"c(-69.9558632640676, 42.8283585741816)"
Aug,background,"c(-68.2283240047094, 42.0879846058852)"
Aug,background,"c(-66.1717296483306, 44.8849529305604)"
Aug,background,"c(-66.5830485196064, 44.8026891563052)"
Aug,background,"c(-68.8041704244955, 41.3476106375889)"
Aug,background,"c(-68.3105877789646, 41.7589295088646)"
Aug,background,"c(-66.4185209710961, 44.6381616077949)"
Aug,background,"c(-69.3800168442815, 42.9928861226919)"
Aug,background,"c(-67.2411587136476, 42.2525121543955)"
Aug,background,"c(-70.0381270383227, 40.4427091207822)"
Aug,background,"c(-67.2411587136476, 44.3913702850295)"
Aug,background,"c(-69.2977530700264, 42.4170397029058)"
Aug,background,"c(-67.8992689076888, 43.4042049939677)"
Aug,background,"c(-67.4879500364131, 42.2525121543955)"
Aug,background,"c(-69.5445443927918, 42.3347759286507)"
Aug,background,"c(-66.4185209710961, 42.4170397029058)"
Aug,background,"c(-67.6524775849234, 42.0879846058852)"
Aug,background,"c(-68.3105877789646, 42.0057208316301)"
Aug,background,"c(-65.5958832285446, 42.7460947999264)"
Aug,background,"c(-68.1460602304543, 43.2396774454574)"
Aug,background,"c(-68.8864341987506, 43.4864687682228)"
Aug,background,"c(-66.5830485196064, 42.1702483801404)"
Aug,background,"c(-68.4751153274749, 41.9234570573749)"
Aug,background,"c(-69.2154892957712, 42.9928861226919)"
Aug,background,"c(-66.9943673908821, 44.9672167048155)"
Aug,background,"c(-69.0509617472609, 40.2781815722719)"
Aug,background,"c(-71.27208365215, 39.8668627009962)"
Aug,background,"c(-68.8864341987506, 42.5815672514161)"
Sep,presence,"c(-68.52483, 43.8375)"
Sep,presence,"c(-68.77966, 43.45984)"
Sep,presence,"c(-68.922, 41.26033)"
Sep,presence,"c(-69.72417, 43.40667)"
Sep,presence,"c(-69.0613, 41.2287)"
Sep,presence,"c(-69.682701, 42.292416)"
Sep,presence,"c(-70.4684, 40.9671)"
Sep,presence,"c(-68.33583, 43.50633)"
Sep,presence,"c(-73.23, 39.82)"
Sep,presence,"c(-67.86217, 43.986)"
Sep,presence,"c(-68.016235, 42.262444)"
Sep,presence,"c(-67.58483, 44.067)"
Sep,presence,"c(-69.95492, 42.77767)"
Sep,presence,"c(-67.96598, 43.91618)"
Sep,presence,"c(-69.583, 42.033)"
Sep,presence,"c(-67.601, 44.114)"
Sep,presence,"c(-70.14, 42.754)"
Sep,presence,"c(-67.51283, 44.00067)"
Sep,presence,"c(-73.28, 39.17)"
Sep,presence,"c(-71.81326, 40.4512)"
Sep,presence,"c(-70.34933, 41.98742)"
Sep,presence,"c(-70.6075, 40.8327)"
Sep,presence,"c(-69.41534, 43.4105)"
Sep,presence,"c(-69.20875, 41.11167)"
Sep,presence,"c(-70, 40.74033)"
Sep,presence,"c(-67.87534, 43.50317)"
Sep,presence,"c(-67.804, 43.984)"
Sep,presence,"c(-69.92308, 42.91925)"
Sep,presence,"c(-70.034, 42.747)"
Sep,presence,"c(-69.487572, 41.840984)"
Sep,presence,"c(-68.35978, 41.76944)"
Sep,presence,"c(-70.722, 40.6965)"
Sep,presence,"c(-69.81133, 43.06333)"
Sep,presence,"c(-69.560432, 41.840744)"
Sep,presence,"c(-66.83858, 41.17133)"
Sep,presence,"c(-68.6695, 41.44467)"
Sep,presence,"c(-65.9921, 41.2086)"
Sep,presence,"c(-69.17683, 43.40517)"
Sep,presence,"c(-67.9165, 43.78767)"
Sep,presence,"c(-66.76725, 41.17033)"
Sep,presence,"c(-73.141124, 40.255137)"
Sep,presence,"c(-67.2784, 44.26087)"
Sep,presence,"c(-66.841983, 44.940617)"
Sep,presence,"c(-68.52216, 41.79133)"
Sep,presence,"c(-67.81827, 43.91306)"
Sep,presence,"c(-70.4856, 40.7602)"
Sep,presence,"c(-69.87508, 42.17643)"
Sep,presence,"c(-70.34462, 42.25588)"
Sep,presence,"c(-69.93333, 42.12562)"
Sep,presence,"c(-69.83617, 42.99617)"
Sep,presence,"c(-70.23817, 40.83575)"
Sep,presence,"c(-69.11233, 41.4425)"
Sep,presence,"c(-67.30312, 42.18581)"
Sep,presence,"c(-69.14409, 43.45892)"
Sep,presence,"c(-70.38072, 42.09875)"
Sep,presence,"c(-69.581886, 42.206741)"
Sep,presence,"c(-67.583, 44.217)"
Sep,presence,"c(-66.532867, 43.07872)"
Sep,presence,"c(-68.5852, 41.8003)"
Sep,presence,"c(-69.95, 41)"
Sep,presence,"c(-69.63567, 43.40617)"
Sep,presence,"c(-68.322411, 43.353432)"
Sep,presence,"c(-68.4956, 41.7958)"
Sep,presence,"c(-70.02623, 40.50845)"
Sep,presence,"c(-72.30411, 40.40117)"
Sep,presence,"c(-68.032, 43.17167)"
Sep,presence,"c(-67.8654, 44.0374)"
Sep,presence,"c(-67.461807, 44.213673)"
Sep,presence,"c(-67.20643, 44.38274)"
Sep,presence,"c(-68.058, 43.885)"
Sep,presence,"c(-69.42462, 43.12567)"
Sep,presence,"c(-70.1405, 40.83183)"
Sep,presence,"c(-70.32567, 42.111)"
Sep,presence,"c(-70.173, 42.756)"
Sep,presence,"c(-68.298, 43.743)"
Sep,presence,"c(-68.96633, 43.40967)"
Sep,presence,"c(-67.40765, 42.15957)"
Sep,presence,"c(-70.31983, 42.03267)"
Sep,presence,"c(-67.87016, 43.93833)"
Sep,presence,"c(-68.305, 43.69)"
Sep,presence,"c(-67.79383, 42.10717)"
Sep,presence,"c(-71.06983, 40.78883)"
Sep,presence,"c(-67.31012, 44.25185)"
Sep,presence,"c(-69.049, 43.44117)"
Sep,presence,"c(-70.233, 42.233)"
Sep,presence,"c(-67.431, 44.045)"
Sep,presence,"c(-70.044731, 42.245953)"
Sep,presence,"c(-71.32333, 40.77392)"
Sep,presence,"c(-67.25115, 44.30877)"
Sep,presence,"c(-68.216, 43.781)"
Sep,presence,"c(-70.36842, 42.13667)"
Sep,presence,"c(-67.59897, 43.91715)"
Sep,presence,"c(-71.29208, 40.774)"
Sep,presence,"c(-70.374, 41.95)"
Sep,presence,"c(-68.4435, 43.50683)"
Sep,presence,"c(-69.06967, 41.10933)"
Sep,presence,"c(-72.2078, 40.40208)"
Sep,presence,"c(-72.051577, 40.259512)"
Sep,presence,"c(-69.51542, 43.64083)"
Sep,presence,"c(-70.08697, 40.80771)"
Sep,presence,"c(-68.973824, 43.515183)"
Sep,presence,"c(-69.90225, 42.12567)"
Sep,presence,"c(-67.19762, 44.39606)"
Sep,presence,"c(-69.0195, 43.836)"
Sep,presence,"c(-69.765, 41.735)"
Sep,presence,"c(-68.1, 43.967)"
Sep,presence,"c(-70.4215, 42.372)"
Sep,presence,"c(-73.283333, 39.166667)"
Sep,presence,"c(-69.083, 41.8)"
Sep,presence,"c(-66.38667, 44.61367)"
Sep,presence,"c(-69.70027, 41.79153)"
Sep,presence,"c(-68.93033, 41.177)"
Sep,presence,"c(-69.23767, 41.44133)"
Sep,presence,"c(-70.5913, 40.7983)"
Sep,presence,"c(-66.74852, 42.15265)"
Sep,presence,"c(-69.2, 42.2)"
Sep,presence,"c(-67.096017, 45.078967)"
Sep,presence,"c(-69.93916, 42.809)"
Sep,presence,"c(-70.45, 42.683)"
Sep,presence,"c(-69.83818, 42.04108)"
Sep,presence,"c(-68.51675, 42.18025)"
Sep,presence,"c(-68.33533, 41.74883)"
Sep,presence,"c(-68.1385, 42.098)"
Sep,presence,"c(-66.633, 45.034)"
Sep,presence,"c(-69.375694, 41.841415)"
Sep,presence,"c(-69.94402, 42.13237)"
Sep,presence,"c(-69.89233, 41.4305)"
Sep,presence,"c(-66.45869, 42.1864)"
Sep,presence,"c(-67.4155, 42.0705)"
Sep,presence,"c(-67.4775, 43.74942)"
Sep,presence,"c(-70.77046, 40.45744)"
Sep,presence,"c(-69.081, 41.40883)"
Sep,presence,"c(-69.75632, 40.78517)"
Sep,presence,"c(-70.06385, 41.51453)"
Sep,presence,"c(-69.577, 43.56333)"
Sep,presence,"c(-69.641785, 41.134911)"
Sep,presence,"c(-70.183, 42.85)"
Sep,presence,"c(-70.26133, 41.8105)"
Sep,presence,"c(-69.8265, 42.93616)"
Sep,presence,"c(-67.517265, 44.148842)"
Sep,presence,"c(-67.77025, 43.91717)"
Sep,presence,"c(-70.118, 42.819)"
Sep,presence,"c(-66.775337, 43.876835)"
Sep,presence,"c(-67.78175, 44.06483)"
Sep,presence,"c(-68.85525, 41.4445)"
Sep,presence,"c(-67.782, 43.17117)"
Sep,presence,"c(-70.32283, 42.1385)"
Sep,presence,"c(-67.44709, 43.9135)"
Sep,presence,"c(-68.7175, 41.79567)"
Sep,presence,"c(-68.94, 41.4425)"
Sep,presence,"c(-68.18425, 41.51167)"
Sep,presence,"c(-67.725, 43.73617)"
Sep,presence,"c(-67.90117, 43.43667)"
Sep,presence,"c(-69.27834, 41.73983)"
Sep,presence,"c(-68.69583, 41.445)"
Sep,presence,"c(-69.82083, 43.40417)"
Sep,presence,"c(-67.758, 43.983)"
Sep,presence,"c(-68.678284, 42.294727)"
Sep,presence,"c(-69.41807, 41.77825)"
Sep,presence,"c(-69.98744, 40.58686)"
Sep,presence,"c(-66.5389, 42.33007)"
Sep,presence,"c(-68.717, 43.45)"
Sep,presence,"c(-71.780485, 40.233221)"
Sep,presence,"c(-68.50501, 41.90916)"
Sep,presence,"c(-69.08366, 43.17583)"
Sep,presence,"c(-69.212586, 42.742546)"
Sep,presence,"c(-65.224869, 42.573132)"
Sep,presence,"c(-69.320427, 41.359158)"
Sep,presence,"c(-69.585724, 42.210018)"
Sep,presence,"c(-67.983, 43.983)"
Sep,presence,"c(-68.6086, 41.79965)"
Sep,background,"c(-69.2154892957712, 42.6638310256713)"
Sep,background,"c(-69.0509617472609, 41.6766657346095)"
Sep,background,"c(-72.0124576204464, 40.6072366692925)"
Sep,background,"c(-69.4622806185367, 42.6638310256713)"
Sep,background,"c(-69.3800168442815, 42.5815672514161)"
Sep,background,"c(-69.0509617472609, 42.2525121543955)"
Sep,background,"c(-72.0124576204464, 40.7717642178028)"
Sep,background,"c(-69.9558632640676, 43.0751498969471)"
Sep,background,"c(-69.2977530700264, 41.8411932831198)"
Sep,background,"c(-67.6524775849234, 42.2525121543955)"
Sep,background,"c(-69.8735994898124, 42.499303477161)"
Sep,background,"c(-70.0381270383227, 42.5815672514161)"
Sep,background,"c(-70.3671821353433, 42.1702483801404)"
Sep,background,"c(-69.626808167047, 39.6200713782307)"
Sep,background,"c(-69.626808167047, 42.9106223484367)"
Sep,background,"c(-69.4622806185367, 43.0751498969471)"
Sep,background,"c(-68.6396428759852, 41.5944019603543)"
Sep,background,"c(-66.4185209710961, 42.3347759286507)"
Sep,background,"c(-70.0381270383227, 42.4170397029058)"
Sep,background,"c(-68.2283240047094, 41.5944019603543)"
Sep,background,"c(-69.2977530700264, 41.1830830890786)"
Sep,background,"c(-69.9558632640676, 41.8411932831198)"
Sep,background,"c(-68.6396428759852, 42.1702483801404)"
Sep,background,"c(-69.626808167047, 41.9234570573749)"
Sep,background,"c(-69.2154892957712, 42.9928861226919)"
Sep,background,"c(-72.2592489432118, 40.4427091207822)"
Sep,background,"c(-72.5883040402324, 39.784598926741)"
Sep,background,"c(-69.626808167047, 42.3347759286507)"
Sep,background,"c(-70.1203908125779, 42.3347759286507)"
Sep,background,"c(-69.1332255215161, 42.0879846058852)"
Sep,background,"c(-68.4751153274749, 41.7589295088646)"
Sep,background,"c(-69.4622806185367, 41.9234570573749)"
Sep,background,"c(-67.8992689076888, 43.8155238652434)"
Sep,background,"c(-68.8041704244955, 41.429874411844)"
Sep,background,"c(-70.2849183610882, 42.9106223484367)"
Sep,background,"c(-72.2592489432118, 39.2910162812101)"
Sep,background,"c(-72.0124576204464, 39.5378076039756)"
Sep,background,"c(-68.6396428759852, 42.2525121543955)"
Sep,background,"c(-69.3800168442815, 41.429874411844)"
Sep,background,"c(-69.7913357155573, 43.0751498969471)"
Sep,background,"c(-70.1203908125779, 42.6638310256713)"
Sep,background,"c(-68.2283240047094, 43.4864687682228)"
Sep,background,"c(-68.8864341987506, 42.1702483801404)"
Sep,background,"c(-69.1332255215161, 42.5815672514161)"
Sep,background,"c(-68.9686979730058, 42.9928861226919)"
Sep,background,"c(-69.9558632640676, 42.1702483801404)"
Sep,background,"c(-69.7090719413021, 41.7589295088646)"
Sep,background,"c(-69.8735994898124, 42.1702483801404)"
Sep,background,"c(-69.4622806185367, 42.5815672514161)"
Sep,background,"c(-71.4366112006603, 39.784598926741)"
Sep,background,"c(-69.626808167047, 43.3219412197125)"
Sep,background,"c(-70.202654586833, 43.1574136712022)"
Sep,background,"c(-68.1460602304543, 43.4864687682228)"
Sep,background,"c(-69.2154892957712, 42.3347759286507)"
Sep,background,"c(-68.0637964561991, 42.0057208316301)"
Sep,background,"c(-72.5883040402324, 39.2910162812101)"
Sep,background,"c(-69.2977530700264, 42.0879846058852)"
Sep,background,"c(-69.9558632640676, 42.8283585741816)"
Sep,background,"c(-68.8864341987506, 42.2525121543955)"
Sep,background,"c(-68.4751153274749, 42.8283585741816)"
Sep,background,"c(-69.7913357155573, 41.6766657346095)"
Sep,background,"c(-72.2592489432118, 40.6072366692925)"
Sep,background,"c(-70.3671821353433, 42.0057208316301)"
Sep,background,"c(-70.202654586833, 42.5815672514161)"
Sep,background,"c(-68.7219066502403, 41.6766657346095)"
Sep,background,"c(-68.4751153274749, 41.9234570573749)"
Sep,background,"c(-67.8992689076888, 43.8977876394986)"
Sep,background,"c(-69.1332255215161, 41.3476106375889)"
Sep,background,"c(-67.4879500364131, 42.1702483801404)"
Sep,background,"c(-71.6834025234258, 39.7023351524859)"
Sep,background,"c(-69.0509617472609, 41.429874411844)"
Sep,background,"c(-70.6962372323639, 41.1008193148234)"
Sep,background,"c(-68.6396428759852, 42.3347759286507)"
Sep,background,"c(-68.9686979730058, 41.8411932831198)"
Sep,background,"c(-71.8479300719361, 39.7023351524859)"
Sep,background,"c(-67.5702138106682, 44.144578962264)"
Sep,background,"c(-71.1075561036397, 39.8668627009962)"
Sep,background,"c(-69.1332255215161, 42.8283585741816)"
Sep,background,"c(-69.3800168442815, 41.5944019603543)"
Sep,background,"c(-68.4751153274749, 42.0057208316301)"
Sep,background,"c(-69.2154892957712, 41.2653468633337)"
Sep,background,"c(-68.6396428759852, 43.0751498969471)"
Sep,background,"c(-66.0894658740755, 45.0494804790707)"
Sep,background,"c(-70.1203908125779, 41.1008193148234)"
Sep,background,"c(-70.0381270383227, 42.0879846058852)"
Sep,background,"c(-69.0509617472609, 42.6638310256713)"
Sep,background,"c(-68.4751153274749, 43.4042049939677)"
Sep,background,"c(-68.3105877789646, 40.3604453465271)"
Sep,background,"c(-66.7475760681167, 40.4427091207822)"
Sep,background,"c(-69.1332255215161, 41.7589295088646)"
Sep,background,"c(-69.8735994898124, 43.0751498969471)"
Sep,background,"c(-72.8350953629979, 39.208752506955)"
Sep,background,"c(-68.8864341987506, 43.0751498969471)"
Sep,background,"c(-67.6524775849234, 43.8977876394986)"
Sep,background,"c(-68.3105877789646, 41.8411932831198)"
Sep,background,"c(-71.6834025234258, 39.784598926741)"
Sep,background,"c(-69.2154892957712, 41.1830830890786)"
Sep,background,"c(-72.0947213947015, 40.7717642178028)"
Sep,background,"c(-65.266828131524, 42.9106223484367)"
Sep,background,"c(-70.0381270383227, 43.0751498969471)"
Sep,background,"c(-65.5958832285446, 41.3476106375889)"
Sep,background,"c(-68.3928515532197, 41.9234570573749)"
Sep,background,"c(-69.0509617472609, 42.0057208316301)"
Sep,background,"c(-70.1203908125779, 43.1574136712022)"
Sep,background,"c(-67.8992689076888, 42.0879846058852)"
Sep,background,"c(-68.7219066502403, 41.5121381860992)"
Sep,background,"c(-68.8041704244955, 43.3219412197125)"
Sep,background,"c(-72.341512717467, 39.784598926741)"
Sep,background,"c(-69.2977530700264, 42.5815672514161)"
Sep,background,"c(-67.3234224879028, 44.2268427365192)"
Sep,background,"c(-68.8864341987506, 41.7589295088646)"
Sep,background,"c(-66.6653122938615, 44.8026891563052)"
Sep,background,"c(-67.4056862621579, 44.0623151880089)"
Sep,background,"c(-67.6524775849234, 40.2781815722719)"
Sep,background,"c(-69.4622806185367, 43.4864687682228)"
Sep,background,"c(-69.5445443927918, 41.3476106375889)"
Sep,background,"c(-67.3234224879028, 42.1702483801404)"
Sep,background,"c(-69.3800168442815, 42.6638310256713)"
Sep,background,"c(-68.8864341987506, 42.3347759286507)"
Sep,background,"c(-72.8350953629979, 38.9619611841895)"
Sep,background,"c(-69.5445443927918, 43.568732542478)"
Sep,background,"c(-71.3543474264052, 41.0185555405683)"
Sep,background,"c(-67.981532681944, 41.9234570573749)"
Sep,background,"c(-68.6396428759852, 42.7460947999264)"
Sep,background,"c(-69.3800168442815, 43.4042049939677)"
Sep,background,"c(-67.981532681944, 43.8977876394986)"
Sep,background,"c(-69.2154892957712, 42.0879846058852)"
Sep,background,"c(-68.9686979730058, 41.429874411844)"
Sep,background,"c(-68.3105877789646, 42.0879846058852)"
Sep,background,"c(-70.4494459095985, 41.1008193148234)"
Sep,background,"c(-68.7219066502403, 41.429874411844)"
Sep,background,"c(-73.0818866857633, 39.2910162812101)"
Sep,background,"c(-71.0252923293846, 40.854027992058)"
Sep,background,"c(-72.2592489432118, 40.3604453465271)"
Sep,background,"c(-67.7347413591785, 41.5121381860992)"
Sep,background,"c(-68.9686979730058, 42.6638310256713)"
Sep,background,"c(-68.8864341987506, 41.2653468633337)"
Sep,background,"c(-67.8992689076888, 42.2525121543955)"
Sep,background,"c(-68.3928515532197, 42.9106223484367)"
Sep,background,"c(-69.7090719413021, 41.9234570573749)"
Sep,background,"c(-69.7913357155573, 43.1574136712022)"
Sep,background,"c(-69.7913357155573, 42.9106223484367)"
Sep,background,"c(-70.4494459095985, 42.0879846058852)"
Sep,background,"c(-70.5317096838536, 42.6638310256713)"
Sep,background,"c(-68.55737910173, 43.1574136712022)"
Sep,background,"c(-69.0509617472609, 43.1574136712022)"
Sep,background,"c(-71.7656662976809, 40.1136540237616)"
Sep,background,"c(-72.0947213947015, 39.5378076039756)"
Sep,background,"c(-69.2154892957712, 41.6766657346095)"
Sep,background,"c(-69.2154892957712, 41.9234570573749)"
Sep,background,"c(-68.8864341987506, 41.5121381860992)"
Sep,background,"c(-71.8479300719361, 39.9491264752513)"
Sep,background,"c(-68.55737910173, 42.0057208316301)"
Sep,background,"c(-72.4237764917221, 40.4427091207822)"
Sep,background,"c(-68.1460602304543, 43.8155238652434)"
Sep,background,"c(-67.981532681944, 42.499303477161)"
Sep,background,"c(-71.7656662976809, 40.6895004435477)"
Sep,background,"c(-68.3105877789646, 42.4170397029058)"
Sep,background,"c(-71.3543474264052, 39.9491264752513)"
Sep,background,"c(-69.2977530700264, 43.2396774454574)"
Sep,background,"c(-68.1460602304543, 43.568732542478)"
Sep,background,"c(-69.2977530700264, 41.5121381860992)"
Sep,background,"c(-68.55737910173, 41.5121381860992)"
Sep,background,"c(-72.2592489432118, 39.4555438297204)"
Sep,background,"c(-66.5830485196064, 44.4736340592846)"
Sep,background,"c(-68.8041704244955, 42.1702483801404)"
Sep,background,"c(-68.9686979730058, 42.4170397029058)"
Sep,background,"c(-67.981532681944, 43.0751498969471)"
Sep,background,"c(-70.1203908125779, 41.429874411844)"
Sep,background,"c(-69.5445443927918, 42.9928861226919)"
Sep,background,"c(-69.8735994898124, 42.3347759286507)"
Sep,background,"c(-69.2154892957712, 43.6509963167331)"
Sep,background,"c(-68.8864341987506, 42.0879846058852)"
Sep,background,"c(-70.2849183610882, 43.1574136712022)"
Sep,background,"c(-69.0509617472609, 42.3347759286507)"
Sep,background,"c(-67.981532681944, 43.4042049939677)"
Sep,background,"c(-68.8864341987506, 42.9106223484367)"
Sep,background,"c(-69.3800168442815, 42.8283585741816)"
Sep,background,"c(-68.8864341987506, 41.3476106375889)"
Sep,background,"c(-70.8607647808742, 41.1008193148234)"
Sep,background,"c(-69.4622806185367, 41.1008193148234)"
Sep,background,"c(-69.5445443927918, 41.5944019603543)"
Sep,background,"c(-68.7219066502403, 41.9234570573749)"
Sep,background,"c(-67.8992689076888, 42.0057208316301)"
Sep,background,"c(-71.1898198778948, 40.9362917663131)"
Sep,background,"c(-70.1203908125779, 42.8283585741816)"
Sep,background,"c(-73.0818866857633, 40.6072366692925)"
Sep,background,"c(-68.8041704244955, 42.0057208316301)"
Sep,background,"c(-69.2154892957712, 42.499303477161)"
Sep,background,"c(-69.0509617472609, 41.2653468633337)"
Sep,background,"c(-68.6396428759852, 41.9234570573749)"
Sep,background,"c(-68.0637964561991, 43.4042049939677)"
Sep,background,"c(-69.2977530700264, 42.2525121543955)"
Sep,background,"c(-71.0252923293846, 40.5249728950374)"
Sep,background,"c(-69.2977530700264, 41.7589295088646)"
Sep,background,"c(-68.1460602304543, 43.3219412197125)"
Sep,background,"c(-69.5445443927918, 41.1008193148234)"
Sep,background,"c(-66.7475760681167, 43.8977876394986)"
Sep,background,"c(-69.1332255215161, 41.2653468633337)"
Sep,background,"c(-67.5702138106682, 43.8155238652434)"
Sep,background,"c(-72.2592489432118, 39.3732800554653)"
Sep,background,"c(-66.4185209710961, 44.6381616077949)"
Sep,background,"c(-68.8041704244955, 41.2653468633337)"
Sep,background,"c(-69.2977530700264, 43.1574136712022)"
Sep,background,"c(-68.9686979730058, 41.1830830890786)"
Sep,background,"c(-68.0637964561991, 43.9800514137537)"
Sep,background,"c(-68.1460602304543, 41.9234570573749)"
Sep,background,"c(-70.0381270383227, 40.7717642178028)"
Sep,background,"c(-72.4237764917221, 39.6200713782307)"
Sep,background,"c(-71.7656662976809, 39.4555438297204)"
Sep,background,"c(-71.5188749749155, 39.8668627009962)"
Sep,background,"c(-71.5188749749155, 40.7717642178028)"
Sep,background,"c(-69.9558632640676, 42.0879846058852)"
Sep,background,"c(-69.5445443927918, 41.9234570573749)"
Sep,background,"c(-67.4056862621579, 43.9800514137537)"
Sep,background,"c(-70.2849183610882, 42.1702483801404)"
Sep,background,"c(-67.1588949393925, 44.3091065107743)"
Sep,background,"c(-68.7219066502403, 42.1702483801404)"
Sep,background,"c(-70.2849183610882, 42.0879846058852)"
Sep,background,"c(-71.5188749749155, 39.784598926741)"
Sep,background,"c(-69.626808167047, 41.1830830890786)"
Sep,background,"c(-68.55737910173, 41.9234570573749)"
Sep,background,"c(-66.5830485196064, 44.7204253820501)"
Sep,background,"c(-68.8041704244955, 42.2525121543955)"
Sep,background,"c(-67.4879500364131, 43.1574136712022)"
Sep,background,"c(-70.0381270383227, 40.6895004435477)"
Sep,background,"c(-67.2411587136476, 42.2525121543955)"
Sep,background,"c(-68.6396428759852, 41.7589295088646)"
Sep,background,"c(-71.4366112006603, 40.6895004435477)"
Sep,background,"c(-68.3928515532197, 43.6509963167331)"
Sep,background,"c(-69.1332255215161, 41.5944019603543)"
Sep,background,"c(-68.8864341987506, 41.429874411844)"
Sep,background,"c(-70.3671821353433, 42.4170397029058)"
Sep,background,"c(-69.5445443927918, 42.0057208316301)"
Sep,background,"c(-72.5060402659773, 39.6200713782307)"
Sep,background,"c(-68.3928515532197, 42.2525121543955)"
Sep,background,"c(-70.3671821353433, 40.6895004435477)"
Sep,background,"c(-72.341512717467, 39.4555438297204)"
Sep,background,"c(-69.9558632640676, 42.2525121543955)"
Sep,background,"c(-66.912103616627, 42.1702483801404)"
Sep,background,"c(-69.8735994898124, 43.3219412197125)"
Sep,background,"c(-68.8041704244955, 41.5121381860992)"
Sep,background,"c(-69.2977530700264, 41.6766657346095)"
Sep,background,"c(-72.2592489432118, 39.8668627009962)"
Sep,background,"c(-68.3928515532197, 42.4170397029058)"
Sep,background,"c(-68.0637964561991, 43.2396774454574)"
Sep,background,"c(-67.7347413591785, 42.4170397029058)"
Sep,background,"c(-68.9686979730058, 42.5815672514161)"
Sep,background,"c(-69.2154892957712, 43.568732542478)"
Sep,background,"c(-68.8041704244955, 41.6766657346095)"
Sep,background,"c(-69.0509617472609, 41.3476106375889)"
Sep,background,"c(-70.4494459095985, 40.6072366692925)"
Sep,background,"c(-68.7219066502403, 41.8411932831198)"
Sep,background,"c(-69.3800168442815, 42.1702483801404)"
Sep,background,"c(-72.5060402659773, 39.8668627009962)"
Sep,background,"c(-70.0381270383227, 39.8668627009962)"
Sep,background,"c(-72.5883040402324, 40.1136540237616)"
Sep,background,"c(-70.8607647808742, 41.0185555405683)"
Sep,background,"c(-68.2283240047094, 42.3347759286507)"
Sep,background,"c(-66.8298398423719, 44.9672167048155)"
Sep,background,"c(-67.8170051334337, 42.7460947999264)"
Sep,background,"c(-67.5702138106682, 42.499303477161)"
Sep,background,"c(-68.55737910173, 43.4042049939677)"
Sep,background,"c(-68.8864341987506, 42.499303477161)"
Sep,background,"c(-69.2977530700264, 41.2653468633337)"
Sep,background,"c(-69.1332255215161, 42.1702483801404)"
Sep,background,"c(-70.1203908125779, 42.9928861226919)"
Sep,background,"c(-69.2154892957712, 43.2396774454574)"
Sep,background,"c(-70.3671821353433, 42.0879846058852)"
Sep,background,"c(-68.1460602304543, 42.0879846058852)"
Sep,background,"c(-69.2977530700264, 41.3476106375889)"
Sep,background,"c(-69.9558632640676, 42.499303477161)"
Sep,background,"c(-69.7913357155573, 42.7460947999264)"
Sep,background,"c(-71.6011387491706, 39.6200713782307)"
Sep,background,"c(-68.2283240047094, 42.0057208316301)"
Sep,background,"c(-69.2154892957712, 41.1008193148234)"
Sep,background,"c(-68.3105877789646, 42.0057208316301)"
Sep,background,"c(-69.3800168442815, 41.6766657346095)"
Sep,background,"c(-68.3928515532197, 43.1574136712022)"
Sep,background,"c(-68.1460602304543, 43.7332600909883)"
Sep,background,"c(-68.9686979730058, 41.7589295088646)"
Sep,background,"c(-68.4751153274749, 43.3219412197125)"
Sep,background,"c(-70.3671821353433, 42.499303477161)"
Sep,background,"c(-69.1332255215161, 42.3347759286507)"
Sep,background,"c(-69.626808167047, 43.0751498969471)"
Sep,background,"c(-68.7219066502403, 42.3347759286507)"
Sep,background,"c(-68.55737910173, 41.8411932831198)"
Sep,background,"c(-69.2154892957712, 41.5944019603543)"
Sep,background,"c(-71.8479300719361, 40.6072366692925)"
Sep,background,"c(-68.3105877789646, 42.2525121543955)"
Sep,background,"c(-68.0637964561991, 42.1702483801404)"
Sep,background,"c(-69.8735994898124, 42.4170397029058)"
Sep,background,"c(-68.8864341987506, 42.9928861226919)"
Sep,background,"c(-67.1588949393925, 44.3913702850295)"
Sep,background,"c(-69.2154892957712, 41.7589295088646)"
Sep,background,"c(-72.1769851689567, 40.7717642178028)"
Sep,background,"c(-68.7219066502403, 43.4864687682228)"
Sep,background,"c(-68.4751153274749, 43.7332600909883)"
Sep,background,"c(-72.0124576204464, 39.784598926741)"
Sep,background,"c(-72.7528315887427, 39.208752506955)"
Sep,background,"c(-68.8864341987506, 41.9234570573749)"
Sep,background,"c(-67.8992689076888, 42.1702483801404)"
Sep,background,"c(-72.0947213947015, 40.6072366692925)"
Sep,background,"c(-70.9430285551294, 40.9362917663131)"
Sep,background,"c(-70.0381270383227, 43.2396774454574)"
Sep,background,"c(-69.2154892957712, 42.9106223484367)"
Sep,background,"c(-68.8041704244955, 42.4170397029058)"
Sep,background,"c(-72.5060402659773, 39.4555438297204)"
Sep,background,"c(-67.8170051334337, 43.8155238652434)"
Sep,background,"c(-70.7785010066191, 40.6072366692925)"
Sep,background,"c(-70.202654586833, 42.9106223484367)"
Sep,background,"c(-69.3800168442815, 42.7460947999264)"
Sep,background,"c(-68.4751153274749, 41.429874411844)"
Sep,background,"c(-67.0766311651373, 42.3347759286507)"
Sep,background,"c(-71.5188749749155, 39.7023351524859)"
Sep,background,"c(-69.626808167047, 41.8411932831198)"
Sep,background,"c(-69.9558632640676, 42.9928861226919)"
Sep,background,"c(-71.4366112006603, 40.7717642178028)"
Sep,background,"c(-68.9686979730058, 41.9234570573749)"
Sep,background,"c(-68.9686979730058, 41.3476106375889)"
Sep,background,"c(-69.0509617472609, 41.7589295088646)"
Sep,background,"c(-70.2849183610882, 40.9362917663131)"
Sep,background,"c(-72.5883040402324, 39.5378076039756)"
Sep,background,"c(-68.9686979730058, 43.0751498969471)"
Sep,background,"c(-69.5445443927918, 41.7589295088646)"
Sep,background,"c(-69.5445443927918, 43.1574136712022)"
Sep,background,"c(-68.55737910173, 41.429874411844)"
Sep,background,"c(-68.7219066502403, 43.4042049939677)"
Sep,background,"c(-69.5445443927918, 42.8283585741816)"
Sep,background,"c(-69.5445443927918, 43.4864687682228)"
Sep,background,"c(-72.1769851689567, 39.4555438297204)"
Sep,background,"c(-72.917359137253, 39.2910162812101)"
Sep,background,"c(-66.4185209710961, 42.1702483801404)"
Sep,background,"c(-67.6524775849234, 42.3347759286507)"
Sep,background,"c(-69.7090719413021, 42.0057208316301)"
Sep,background,"c(-69.5445443927918, 43.0751498969471)"
Sep,background,"c(-67.6524775849234, 42.6638310256713)"
Sep,background,"c(-69.2154892957712, 41.429874411844)"
Sep,background,"c(-68.9686979730058, 41.2653468633337)"
Sep,background,"c(-67.8170051334337, 43.1574136712022)"
Sep,background,"c(-68.8864341987506, 42.5815672514161)"
Sep,background,"c(-68.7219066502403, 42.9928861226919)"
Sep,background,"c(-70.0381270383227, 42.499303477161)"
Sep,background,"c(-69.9558632640676, 42.9106223484367)"
Sep,background,"c(-67.4879500364131, 43.9800514137537)"
Sep,background,"c(-72.0124576204464, 40.3604453465271)"
Sep,background,"c(-69.9558632640676, 42.5815672514161)"
Sep,background,"c(-69.3800168442815, 41.0185555405683)"
Sep,background,"c(-72.7528315887427, 39.7023351524859)"
Sep,background,"c(-72.5060402659773, 39.7023351524859)"
Sep,background,"c(-69.4622806185367, 41.5121381860992)"
Sep,background,"c(-69.4622806185367, 41.429874411844)"
Sep,background,"c(-70.4494459095985, 43.1574136712022)"
Sep,background,"c(-69.3800168442815, 42.9928861226919)"
Sep,background,"c(-70.0381270383227, 42.3347759286507)"
Sep,background,"c(-70.4494459095985, 42.6638310256713)"
Sep,background,"c(-69.2154892957712, 42.1702483801404)"
Sep,background,"c(-67.4056862621579, 43.8977876394986)"
Sep,background,"c(-69.7913357155573, 41.8411932831198)"
Sep,background,"c(-68.3928515532197, 43.8155238652434)"
Sep,background,"c(-69.5445443927918, 42.3347759286507)"
Sep,background,"c(-72.0947213947015, 39.6200713782307)"
Sep,background,"c(-68.6396428759852, 41.5121381860992)"
Sep,background,"c(-72.4237764917221, 39.5378076039756)"
Sep,background,"c(-67.981532681944, 43.9800514137537)"
Sep,background,"c(-71.6011387491706, 39.7023351524859)"
Sep,background,"c(-69.2977530700264, 42.8283585741816)"
Sep,background,"c(-66.4185209710961, 42.4170397029058)"
Sep,background,"c(-69.2154892957712, 43.7332600909883)"
Sep,background,"c(-72.9996229115082, 38.8796974099344)"
Sep,background,"c(-70.6962372323639, 40.6895004435477)"
Sep,background,"c(-70.8607647808742, 40.7717642178028)"
Sep,background,"c(-70.4494459095985, 40.7717642178028)"
Sep,background,"c(-69.2977530700264, 41.429874411844)"
Sep,background,"c(-72.0124576204464, 40.5249728950374)"
Sep,background,"c(-68.3928515532197, 41.5121381860992)"
Sep,background,"c(-66.6653122938615, 42.2525121543955)"
Sep,background,"c(-67.8170051334337, 41.8411932831198)"
Sep,background,"c(-67.7347413591785, 43.8977876394986)"
Sep,background,"c(-65.4313556800343, 41.9234570573749)"
Sep,background,"c(-69.7090719413021, 41.5121381860992)"
Sep,background,"c(-70.3671821353433, 42.3347759286507)"
Sep,background,"c(-66.5007847453512, 44.6381616077949)"
Sep,background,"c(-68.6396428759852, 42.499303477161)"
Sep,background,"c(-73.0818866857633, 39.1264887326998)"
Sep,background,"c(-67.0766311651373, 45.0494804790707)"
Sep,background,"c(-69.1332255215161, 42.7460947999264)"
Sep,background,"c(-68.8864341987506, 41.1830830890786)"
Sep,background,"c(-69.7913357155573, 42.5815672514161)"
Sep,background,"c(-70.8607647808742, 41.2653468633337)"
Sep,background,"c(-66.4185209710961, 42.2525121543955)"
Sep,background,"c(-70.3671821353433, 42.9106223484367)"
Sep,background,"c(-69.7913357155573, 42.2525121543955)"
Sep,background,"c(-68.7219066502403, 41.2653468633337)"
Sep,background,"c(-68.9686979730058, 43.3219412197125)"
Sep,background,"c(-69.7090719413021, 42.0879846058852)"
Sep,background,"c(-66.9943673908821, 41.429874411844)"
Sep,background,"c(-67.8170051334337, 43.4864687682228)"
Sep,background,"c(-67.5702138106682, 43.1574136712022)"
Sep,background,"c(-69.626808167047, 43.568732542478)"
Sep,background,"c(-69.5445443927918, 42.9106223484367)"
Sep,background,"c(-66.3362571968409, 44.8026891563052)"
Sep,background,"c(-69.7090719413021, 43.568732542478)"
Sep,background,"c(-68.8041704244955, 42.3347759286507)"
Sep,background,"c(-69.9558632640676, 42.4170397029058)"
Sep,background,"c(-68.7219066502403, 42.0057208316301)"
Sep,background,"c(-69.7913357155573, 42.499303477161)"
Sep,background,"c(-69.2977530700264, 42.3347759286507)"
Sep,background,"c(-68.8041704244955, 41.9234570573749)"
Sep,background,"c(-67.4056862621579, 42.2525121543955)"
Sep,background,"c(-70.202654586833, 43.0751498969471)"
Sep,background,"c(-67.5702138106682, 43.0751498969471)"
Sep,background,"c(-71.8479300719361, 39.5378076039756)"
Sep,background,"c(-68.1460602304543, 42.2525121543955)"
Sep,background,"c(-68.3928515532197, 41.8411932831198)"
Sep,background,"c(-69.4622806185367, 41.6766657346095)"
Sep,background,"c(-67.2411587136476, 44.2268427365192)"
Sep,background,"c(-71.1075561036397, 41.2653468633337)"
Sep,background,"c(-68.4751153274749, 42.3347759286507)"
Sep,background,"c(-67.6524775849234, 43.1574136712022)"
Sep,background,"c(-69.0509617472609, 41.8411932831198)"
Sep,background,"c(-68.6396428759852, 43.4042049939677)"
Sep,background,"c(-72.5060402659773, 39.3732800554653)"
Sep,background,"c(-68.8041704244955, 42.7460947999264)"
Sep,background,"c(-66.5007847453512, 45.0494804790707)"
Sep,background,"c(-68.3928515532197, 42.1702483801404)"
Sep,background,"c(-70.1203908125779, 40.854027992058)"
Sep,background,"c(-66.5007847453512, 44.7204253820501)"
Sep,background,"c(-69.8735994898124, 42.5815672514161)"
Sep,background,"c(-67.1588949393925, 40.854027992058)"
Sep,background,"c(-70.2849183610882, 42.0057208316301)"
Sep,background,"c(-68.4751153274749, 43.1574136712022)"
Sep,background,"c(-70.202654586833, 40.7717642178028)"
Sep,background,"c(-69.8735994898124, 43.2396774454574)"
Sep,background,"c(-70.3671821353433, 42.2525121543955)"
Sep,background,"c(-72.5060402659773, 39.5378076039756)"
Sep,background,"c(-72.2592489432118, 39.7023351524859)"
Sep,background,"c(-69.8735994898124, 41.9234570573749)"
Sep,background,"c(-68.2283240047094, 42.2525121543955)"
Sep,background,"c(-71.8479300719361, 39.2910162812101)"
Sep,background,"c(-69.0509617472609, 40.2781815722719)"
Sep,background,"c(-65.4313556800343, 42.8283585741816)"
Sep,background,"c(-70.6962372323639, 39.9491264752513)"
Sep,background,"c(-68.9686979730058, 43.4864687682228)"
Sep,background,"c(-68.3928515532197, 43.4042049939677)"
Sep,background,"c(-69.0509617472609, 41.1830830890786)"
Sep,background,"c(-68.55737910173, 42.4170397029058)"
Sep,background,"c(-68.6396428759852, 41.2653468633337)"
Sep,background,"c(-69.2977530700264, 42.7460947999264)"
Sep,background,"c(-69.626808167047, 41.0185555405683)"
Sep,background,"c(-69.3800168442815, 41.8411932831198)"
Sep,background,"c(-69.2154892957712, 42.4170397029058)"
Sep,background,"c(-70.5317096838536, 40.6895004435477)"
Sep,background,"c(-68.55737910173, 41.5944019603543)"
Sep,background,"c(-69.1332255215161, 42.2525121543955)"
Sep,background,"c(-68.55737910173, 42.499303477161)"
Sep,background,"c(-69.5445443927918, 43.3219412197125)"
Sep,background,"c(-69.4622806185367, 43.2396774454574)"
Sep,background,"c(-69.2977530700264, 41.5944019603543)"
Sep,background,"c(-67.6524775849234, 42.0879846058852)"
Sep,background,"c(-69.4622806185367, 43.4042049939677)"
Sep,background,"c(-68.3105877789646, 43.7332600909883)"
Sep,background,"c(-69.2977530700264, 41.9234570573749)"
Sep,background,"c(-68.3928515532197, 42.0879846058852)"
Sep,background,"c(-69.4622806185367, 41.5944019603543)"
Sep,background,"c(-70.5317096838536, 40.7717642178028)"
Sep,background,"c(-70.202654586833, 42.7460947999264)"
Sep,background,"c(-70.1203908125779, 42.4170397029058)"
Sep,background,"c(-69.7090719413021, 41.8411932831198)"
Sep,background,"c(-72.341512717467, 39.3732800554653)"
Sep,background,"c(-68.0637964561991, 41.9234570573749)"
Sep,background,"c(-69.5445443927918, 43.2396774454574)"
Sep,background,"c(-67.7347413591785, 42.0057208316301)"
Sep,background,"c(-68.3105877789646, 42.1702483801404)"
Sep,background,"c(-68.4751153274749, 43.8977876394986)"
Sep,background,"c(-71.5188749749155, 39.9491264752513)"
Sep,background,"c(-68.55737910173, 42.1702483801404)"
Sep,background,"c(-72.917359137253, 38.8796974099344)"
Sep,background,"c(-72.1769851689567, 39.5378076039756)"
Sep,background,"c(-68.7219066502403, 42.4170397029058)"
Sep,background,"c(-68.8864341987506, 42.8283585741816)"
Sep,background,"c(-69.626808167047, 43.6509963167331)"
Sep,background,"c(-72.9996229115082, 39.0442249584447)"
Sep,background,"c(-68.6396428759852, 41.8411932831198)"
Sep,background,"c(-70.3671821353433, 40.5249728950374)"
Sep,background,"c(-72.9996229115082, 39.3732800554653)"
Sep,background,"c(-66.5830485196064, 43.0751498969471)"
Sep,background,"c(-69.0509617472609, 41.5121381860992)"
Sep,background,"c(-66.4185209710961, 44.144578962264)"
Sep,background,"c(-68.8041704244955, 43.6509963167331)"
Sep,background,"c(-68.2283240047094, 41.9234570573749)"
Sep,background,"c(-67.7347413591785, 42.9106223484367)"
Sep,background,"c(-69.1332255215161, 41.9234570573749)"
Sep,background,"c(-69.0509617472609, 42.7460947999264)"
Sep,background,"c(-68.4751153274749, 42.0879846058852)"
Sep,background,"c(-69.626808167047, 41.7589295088646)"
Sep,background,"c(-68.8041704244955, 43.4042049939677)"
Sep,background,"c(-69.8735994898124, 42.2525121543955)"
Sep,background,"c(-67.7347413591785, 43.568732542478)"
Sep,background,"c(-69.2154892957712, 41.3476106375889)"
Sep,background,"c(-68.8041704244955, 41.3476106375889)"
Sep,background,"c(-70.9430285551294, 40.5249728950374)"
Sep,background,"c(-69.5445443927918, 42.0879846058852)"
Sep,background,"c(-70.202654586833, 41.2653468633337)"
Sep,background,"c(-71.6011387491706, 40.6072366692925)"
Sep,background,"c(-67.7347413591785, 42.7460947999264)"
Sep,background,"c(-72.2592489432118, 40.1959177980168)"
Sep,background,"c(-69.0509617472609, 41.1008193148234)"
Sep,background,"c(-72.2592489432118, 39.784598926741)"
Sep,background,"c(-71.3543474264052, 40.2781815722719)"
Sep,background,"c(-68.1460602304543, 42.1702483801404)"
Sep,background,"c(-69.5445443927918, 42.6638310256713)"
Sep,background,"c(-72.5060402659773, 39.1264887326998)"
Sep,background,"c(-67.4056862621579, 42.4170397029058)"
Sep,background,"c(-69.7913357155573, 43.3219412197125)"
Sep,background,"c(-70.5317096838536, 42.7460947999264)"
Sep,background,"c(-68.55737910173, 41.6766657346095)"
Sep,background,"c(-68.8041704244955, 41.7589295088646)"
Sep,background,"c(-68.9686979730058, 42.7460947999264)"
Sep,background,"c(-69.2977530700264, 42.1702483801404)"
Sep,background,"c(-69.4622806185367, 42.9106223484367)"
Sep,background,"c(-67.981532681944, 42.0057208316301)"
Sep,background,"c(-71.8479300719361, 39.784598926741)"
Sep,background,"c(-69.9558632640676, 40.854027992058)"
Sep,background,"c(-69.0509617472609, 43.0751498969471)"
Sep,background,"c(-71.27208365215, 40.1136540237616)"
Sep,background,"c(-69.2977530700264, 43.0751498969471)"
Sep,background,"c(-69.0509617472609, 42.4170397029058)"
Sep,background,"c(-70.5317096838536, 41.0185555405683)"
Sep,background,"c(-67.5702138106682, 40.2781815722719)"
Sep,background,"c(-67.4879500364131, 43.2396774454574)"
Sep,background,"c(-69.7090719413021, 42.4170397029058)"
Sep,background,"c(-69.7913357155573, 42.0057208316301)"
Sep,background,"c(-67.981532681944, 42.9106223484367)"
Sep,background,"c(-68.1460602304543, 42.0057208316301)"
Sep,background,"c(-69.626808167047, 42.0057208316301)"
Sep,background,"c(-67.4879500364131, 43.0751498969471)"
Sep,background,"c(-69.4622806185367, 43.1574136712022)"
Sep,background,"c(-67.981532681944, 42.6638310256713)"
Sep,background,"c(-69.7090719413021, 42.5815672514161)"
Sep,background,"c(-69.5445443927918, 42.499303477161)"
Sep,background,"c(-69.4622806185367, 41.8411932831198)"
Sep,background,"c(-71.27208365215, 40.6895004435477)"
Sep,background,"c(-69.1332255215161, 41.5121381860992)"
Sep,background,"c(-67.8170051334337, 44.0623151880089)"
Sep,background,"c(-72.341512717467, 39.7023351524859)"
Sep,background,"c(-72.0124576204464, 40.854027992058)"
Sep,background,"c(-70.0381270383227, 42.2525121543955)"
Sep,background,"c(-68.9686979730058, 40.854027992058)"
Sep,background,"c(-72.0124576204464, 40.6895004435477)"
Sep,background,"c(-69.4622806185367, 42.7460947999264)"
Sep,background,"c(-69.7913357155573, 42.3347759286507)"
Sep,background,"c(-69.7913357155573, 41.5944019603543)"
Sep,background,"c(-71.8479300719361, 40.0313902495065)"
Sep,background,"c(-68.3928515532197, 43.568732542478)"
Sep,background,"c(-70.2849183610882, 41.8411932831198)"
Sep,background,"c(-69.5445443927918, 41.6766657346095)"
Sep,background,"c(-69.3800168442815, 40.7717642178028)"
Sep,background,"c(-67.4056862621579, 44.3913702850295)"
Sep,background,"c(-69.8735994898124, 41.5944019603543)"
Sep,background,"c(-68.4751153274749, 41.6766657346095)"
Sep,background,"c(-67.7347413591785, 40.3604453465271)"
Sep,background,"c(-68.55737910173, 42.2525121543955)"
Sep,background,"c(-71.6834025234258, 40.1959177980168)"
Sep,background,"c(-69.7090719413021, 41.6766657346095)"
Sep,background,"c(-66.5007847453512, 42.2525121543955)"
Sep,background,"c(-68.9686979730058, 41.1008193148234)"
Sep,background,"c(-68.3928515532197, 41.429874411844)"
Sep,background,"c(-69.8735994898124, 42.7460947999264)"
Sep,background,"c(-68.3105877789646, 41.9234570573749)"
Sep,background,"c(-67.1588949393925, 43.9800514137537)"
Sep,background,"c(-69.0509617472609, 42.9106223484367)"
Sep,background,"c(-67.7347413591785, 42.1702483801404)"
Sep,background,"c(-68.8864341987506, 40.6895004435477)"
Sep,background,"c(-67.981532681944, 43.4864687682228)"
Sep,background,"c(-68.3105877789646, 43.4864687682228)"
Sep,background,"c(-71.3543474264052, 40.1136540237616)"
Sep,background,"c(-72.4237764917221, 40.854027992058)"
Sep,background,"c(-69.1332255215161, 41.1830830890786)"
Sep,background,"c(-69.626808167047, 42.5815672514161)"
Sep,background,"c(-71.7656662976809, 40.5249728950374)"
Sep,background,"c(-69.626808167047, 42.7460947999264)"
Sep,background,"c(-68.2283240047094, 43.3219412197125)"
Sep,background,"c(-69.3800168442815, 41.3476106375889)"
Sep,background,"c(-67.4879500364131, 44.2268427365192)"
Sep,background,"c(-70.2849183610882, 40.4427091207822)"
Sep,background,"c(-69.3800168442815, 42.499303477161)"
Sep,background,"c(-69.626808167047, 42.8283585741816)"
Sep,background,"c(-71.0252923293846, 40.9362917663131)"
Sep,background,"c(-67.5702138106682, 44.2268427365192)"
Sep,background,"c(-67.8992689076888, 42.9106223484367)"
Sep,background,"c(-70.202654586833, 42.499303477161)"
Sep,background,"c(-71.27208365215, 41.1830830890786)"
Sep,background,"c(-69.9558632640676, 43.1574136712022)"
Sep,background,"c(-66.5007847453512, 42.1702483801404)"
Sep,background,"c(-67.8170051334337, 42.8283585741816)"
Sep,background,"c(-68.7219066502403, 42.499303477161)"
Sep,background,"c(-69.4622806185367, 42.8283585741816)"
Sep,background,"c(-71.9301938461912, 40.6895004435477)"
Sep,background,"c(-67.6524775849234, 42.1702483801404)"
Sep,background,"c(-72.6705678144876, 39.9491264752513)"
Sep,background,"c(-71.6011387491706, 39.8668627009962)"
Sep,background,"c(-69.3800168442815, 39.9491264752513)"
Sep,background,"c(-71.27208365215, 40.4427091207822)"
Sep,background,"c(-68.3928515532197, 43.4864687682228)"
Sep,background,"c(-68.55737910173, 43.7332600909883)"
Sep,background,"c(-70.5317096838536, 40.9362917663131)"
Sep,background,"c(-68.2283240047094, 43.568732542478)"
Sep,background,"c(-68.3928515532197, 41.7589295088646)"
Sep,background,"c(-66.5830485196064, 44.6381616077949)"
Sep,background,"c(-69.2977530700264, 42.6638310256713)"
Sep,background,"c(-68.8864341987506, 42.4170397029058)"
Sep,background,"c(-68.4751153274749, 41.5944019603543)"
Sep,background,"c(-68.1460602304543, 43.8977876394986)"
Sep,background,"c(-66.912103616627, 43.9800514137537)"
Sep,background,"c(-68.7219066502403, 42.2525121543955)"
Sep,background,"c(-72.1769851689567, 40.1136540237616)"
Sep,background,"c(-68.4751153274749, 42.1702483801404)"
Sep,background,"c(-69.626808167047, 42.6638310256713)"
Sep,background,"c(-73.2464142342736, 39.0442249584447)"
Sep,background,"c(-69.2977530700264, 43.4864687682228)"
Sep,background,"c(-69.3800168442815, 41.9234570573749)"
Sep,background,"c(-70.1203908125779, 42.7460947999264)"
Sep,background,"c(-66.6653122938615, 42.3347759286507)"
Sep,background,"c(-71.0252923293846, 39.9491264752513)"
Sep,background,"c(-71.9301938461912, 39.6200713782307)"
Sep,background,"c(-68.7219066502403, 41.3476106375889)"
Sep,background,"c(-69.8735994898124, 40.1136540237616)"
Sep,background,"c(-70.202654586833, 42.8283585741816)"
Sep,background,"c(-67.8992689076888, 43.6509963167331)"
Sep,background,"c(-68.0637964561991, 44.0623151880089)"
Sep,background,"c(-68.9686979730058, 42.0057208316301)"
Sep,background,"c(-68.8864341987506, 41.5944019603543)"
Sep,background,"c(-67.3234224879028, 40.3604453465271)"
Sep,background,"c(-67.4056862621579, 42.499303477161)"
Sep,background,"c(-69.0509617472609, 42.5815672514161)"
Sep,background,"c(-69.4622806185367, 41.7589295088646)"
Sep,background,"c(-68.8041704244955, 40.6072366692925)"
Sep,background,"c(-72.4237764917221, 40.5249728950374)"
Sep,background,"c(-69.9558632640676, 42.6638310256713)"
Sep,background,"c(-68.3105877789646, 43.3219412197125)"
Sep,background,"c(-67.4879500364131, 42.2525121543955)"
Oct,presence,"c(-68.11081, 43.58767)"
Oct,presence,"c(-68.71183, 41.572)"
Oct,presence,"c(-70.0026, 43.0053)"
Oct,presence,"c(-70.110672, 40.716362)"
Oct,presence,"c(-69.072792, 43.382463)"
Oct,presence,"c(-70.28713, 42.06552)"
Oct,presence,"c(-70.921547, 40.817005)"
Oct,presence,"c(-69.926, 42.2264)"
Oct,presence,"c(-67.35397, 44.07302)"
Oct,presence,"c(-66.8464, 44.942967)"
Oct,presence,"c(-68.56544, 43.27005)"
Oct,presence,"c(-70.137, 43.035)"
Oct,presence,"c(-69.07623, 42.23729)"
Oct,presence,"c(-68.40258, 41.67717)"
Oct,presence,"c(-69.9119, 42.2688)"
Oct,presence,"c(-69.57858, 41.92575)"
Oct,presence,"c(-69.506961, 43.493285)"
Oct,presence,"c(-70.200508, 40.648117)"
Oct,presence,"c(-68.26638, 41.88646)"
Oct,presence,"c(-68.86829, 42.74434)"
Oct,presence,"c(-68.50726, 43.40717)"
Oct,presence,"c(-69.876839, 42.456593)"
Oct,presence,"c(-66.746239, 42.136101)"
Oct,presence,"c(-67.27129, 44.25023)"
Oct,presence,"c(-68.52606, 43.37974)"
Oct,presence,"c(-70.200241, 40.531834)"
Oct,presence,"c(-69.9206, 42.7375)"
Oct,presence,"c(-69.8707, 42.5058)"
Oct,presence,"c(-69.5437, 42.3715)"
Oct,presence,"c(-68.514702, 43.357048)"
Oct,presence,"c(-67.39999, 44.0835)"
Oct,presence,"c(-67.84979, 43.93583)"
Oct,presence,"c(-68.80804, 42.04216)"
Oct,presence,"c(-69.33541, 43.59583)"
Oct,presence,"c(-68.5295, 41.65825)"
Oct,presence,"c(-69.16459, 41.1085)"
Oct,presence,"c(-69.317469, 43.253952)"
Oct,presence,"c(-67.74828, 43.40167)"
Oct,presence,"c(-70.208, 43.052)"
Oct,presence,"c(-69.174553, 41.398724)"
Oct,presence,"c(-70.200409, 40.672154)"
Oct,presence,"c(-67.90333, 42.76917)"
Oct,presence,"c(-69.810959, 43.316915)"
Oct,presence,"c(-68.84634, 41.39717)"
Oct,presence,"c(-68.41444, 43.40653)"
Oct,presence,"c(-69.4535, 42.34517)"
Oct,presence,"c(-68.0127, 43.3164)"
Oct,presence,"c(-69.748403, 43.241711)"
Oct,presence,"c(-69.211037, 41.292313)"
Oct,presence,"c(-68.636, 41.67933)"
Oct,presence,"c(-69.6755, 41.94293)"
Oct,presence,"c(-69.410762, 43.312896)"
Oct,presence,"c(-70.110626, 40.798069)"
Oct,presence,"c(-69.82575, 42.34317)"
Oct,presence,"c(-68.56736, 43.48265)"
Oct,presence,"c(-69.2, 41.733)"
Oct,presence,"c(-69.239052, 43.243328)"
Oct,presence,"c(-69.469234, 43.271245)"
Oct,presence,"c(-68.71733, 43.6735)"
Oct,presence,"c(-69.90786, 42.73777)"
Oct,presence,"c(-73.325561, 40.313501)"
Oct,presence,"c(-67.24284, 41.2585)"
Oct,presence,"c(-67.38086, 44.01359)"
Oct,presence,"c(-69.750294, 43.240447)"
Oct,presence,"c(-70.13033, 42.77283)"
Oct,presence,"c(-68.54556, 43.53427)"
Oct,presence,"c(-68.61767, 43.29117)"
Oct,presence,"c(-69.37679, 43.57038)"
Oct,presence,"c(-68.77833, 41.3795)"
Oct,presence,"c(-67.2826, 44.22643)"
Oct,presence,"c(-68.36739, 43.48688)"
Oct,presence,"c(-70.50522, 40.93683)"
Oct,presence,"c(-69.891, 42.6488)"
Oct,presence,"c(-70.40475, 42.27117)"
Oct,presence,"c(-67.97878, 43.93616)"
Oct,presence,"c(-69.627995, 43.341494)"
Oct,presence,"c(-68.10094, 43.4008)"
Oct,presence,"c(-68.46598, 43.46081)"
Oct,presence,"c(-69.39704, 41.94483)"
Oct,presence,"c(-68.3332, 43.2394)"
Oct,presence,"c(-69.9624, 42.48664)"
Oct,presence,"c(-68.10324, 43.69074)"
Oct,presence,"c(-70.1313, 42.9258)"
Oct,presence,"c(-70.472702, 40.690643)"
Oct,presence,"c(-69.930466, 40.737946)"
Oct,presence,"c(-68.80383, 41.4415)"
Oct,presence,"c(-68.945836, 43.250702)"
Oct,presence,"c(-70.2658, 42.0225)"
Oct,presence,"c(-70.11661, 42.96908)"
Oct,presence,"c(-69.47017, 43.419)"
Oct,presence,"c(-69.072139, 43.278781)"
Oct,presence,"c(-71.826881, 40.899506)"
Oct,presence,"c(-69.852425, 41.475662)"
Oct,presence,"c(-67.47101, 44.08304)"
Oct,presence,"c(-67.012756, 41.366989)"
Oct,presence,"c(-69.438848, 43.138235)"
Oct,presence,"c(-69.9396, 42.8889)"
Oct,presence,"c(-68.8643, 40.61236)"
Oct,presence,"c(-69.004355, 43.019392)"
Oct,presence,"c(-68.761415, 43.431995)"
Oct,presence,"c(-68.71416, 40.67833)"
Oct,presence,"c(-69.560041, 43.113479)"
Oct,presence,"c(-70.47286, 40.604)"
Oct,presence,"c(-68.46717, 41.44533)"
Oct,presence,"c(-69.71983, 42.00967)"
Oct,presence,"c(-69.76338, 43.4057)"
Oct,presence,"c(-67.55784, 44.25093)"
Oct,presence,"c(-69.625729, 43.382416)"
Oct,presence,"c(-69.417305, 40.763474)"
Oct,presence,"c(-68.45825, 41.67717)"
Oct,presence,"c(-67.096017, 45.081067)"
Oct,presence,"c(-68.67775, 41.9465)"
Oct,presence,"c(-68.95607, 42.58038)"
Oct,presence,"c(-67.32987, 41.41132)"
Oct,presence,"c(-67.41543, 44.16649)"
Oct,presence,"c(-68.16675, 43.65562)"
Oct,presence,"c(-68.23362, 43.46144)"
Oct,presence,"c(-69.242355, 41.217796)"
Oct,presence,"c(-68.3332, 43.3335)"
Oct,presence,"c(-68.63104, 43.04208)"
Oct,presence,"c(-69.27242, 41.94529)"
Oct,presence,"c(-68.8334, 43.268)"
Oct,presence,"c(-69.252966, 43.187219)"
Oct,presence,"c(-67.31657, 44.15638)"
Oct,presence,"c(-68.768, 41.6445)"
Oct,presence,"c(-68.52599, 43.3581)"
Oct,presence,"c(-68.36873, 43.56787)"
Oct,presence,"c(-69.78616, 42.009)"
Oct,presence,"c(-69.79839, 42.60877)"
Oct,presence,"c(-67.7205, 43.91867)"
Oct,presence,"c(-68.79917, 41.2615)"
Oct,presence,"c(-69.181007, 41.382332)"
Oct,presence,"c(-70.07817, 42.89867)"
Oct,presence,"c(-69.71496, 42.12422)"
Oct,presence,"c(-68.5775, 40.7785)"
Oct,presence,"c(-67.8075, 42.9196)"
Oct,presence,"c(-67.15, 42.6)"
Oct,presence,"c(-69.748107, 43.170886)"
Oct,presence,"c(-68.56303, 40.94597)"
Oct,presence,"c(-67.44693, 44.11372)"
Oct,presence,"c(-68.80436, 40.6118)"
Oct,presence,"c(-68.80981, 43.07516)"
Oct,presence,"c(-69.84232, 43.14919)"
Oct,presence,"c(-70.58667, 40.93717)"
Oct,presence,"c(-68.885628, 43.477792)"
Oct,presence,"c(-69.1832, 42.13933)"
Oct,presence,"c(-69.7885, 42.9486)"
Oct,presence,"c(-68.94508, 41.34333)"
Oct,presence,"c(-68.37459, 41.61959)"
Oct,presence,"c(-70.34105, 42.003)"
Oct,presence,"c(-68.35524, 43.35698)"
Oct,presence,"c(-68.3385, 43.38773)"
Oct,presence,"c(-70.29, 42.897)"
Oct,presence,"c(-69.744087, 43.009167)"
Oct,presence,"c(-69.49, 42.4761)"
Oct,presence,"c(-68.05517, 43.707)"
Oct,presence,"c(-68.66, 43.25834)"
Oct,presence,"c(-67.004028, 42.862171)"
Oct,presence,"c(-69.805679, 43.134681)"
Oct,presence,"c(-69.133216, 43.38245)"
Oct,presence,"c(-69.44469, 42.09503)"
Oct,presence,"c(-67.66526, 44.10435)"
Oct,presence,"c(-68.76278, 43.35684)"
Oct,presence,"c(-67.12891, 42.06849)"
Oct,presence,"c(-70.45, 42.45)"
Oct,presence,"c(-68.27033, 42.01217)"
Oct,presence,"c(-68.583, 41.45)"
Oct,presence,"c(-69.775, 42.5094)"
Oct,presence,"c(-68.10033, 43.52184)"
Oct,presence,"c(-69.96293, 40.69754)"
Oct,presence,"c(-69.48583, 40.77234)"
Oct,presence,"c(-70.019554, 40.661964)"
Oct,presence,"c(-69.53713, 42.99766)"
Oct,presence,"c(-68.6595, 41.262)"
Oct,presence,"c(-69.86964, 42.82144)"
Oct,background,"c(-72.341512717467, 39.7023351524859)"
Oct,background,"c(-69.0509617472609, 42.4170397029058)"
Oct,background,"c(-67.8992689076888, 42.499303477161)"
Oct,background,"c(-68.8864341987506, 41.3476106375889)"
Oct,background,"c(-69.4622806185367, 41.8411932831198)"
Oct,background,"c(-69.2154892957712, 41.9234570573749)"
Oct,background,"c(-71.5188749749155, 39.784598926741)"
Oct,background,"c(-69.3800168442815, 41.8411932831198)"
Oct,background,"c(-72.2592489432118, 39.7023351524859)"
Oct,background,"c(-67.7347413591785, 42.9106223484367)"
Oct,background,"c(-68.2283240047094, 43.0751498969471)"
Oct,background,"c(-70.6139734581088, 40.7717642178028)"
Oct,background,"c(-71.7656662976809, 40.6895004435477)"
Oct,background,"c(-71.5188749749155, 39.7023351524859)"
Oct,background,"c(-71.27208365215, 39.9491264752513)"
Oct,background,"c(-68.1460602304543, 42.7460947999264)"
Oct,background,"c(-70.0381270383227, 42.8283585741816)"
Oct,background,"c(-69.2977530700264, 42.6638310256713)"
Oct,background,"c(-68.8864341987506, 41.6766657346095)"
Oct,background,"c(-68.6396428759852, 42.0879846058852)"
Oct,background,"c(-67.8992689076888, 42.0879846058852)"
Oct,background,"c(-68.4751153274749, 42.4170397029058)"
Oct,background,"c(-67.0766311651373, 43.4042049939677)"
Oct,background,"c(-68.7219066502403, 43.2396774454574)"
Oct,background,"c(-71.6834025234258, 39.4555438297204)"
Oct,background,"c(-69.2154892957712, 42.9928861226919)"
Oct,background,"c(-69.2977530700264, 42.9928861226919)"
Oct,background,"c(-68.8041704244955, 39.9491264752513)"
Oct,background,"c(-67.8170051334337, 42.4170397029058)"
Oct,background,"c(-68.55737910173, 42.1702483801404)"
Oct,background,"c(-70.0381270383227, 41.5121381860992)"
Oct,background,"c(-70.0381270383227, 42.5815672514161)"
Oct,background,"c(-72.2592489432118, 39.4555438297204)"
Oct,background,"c(-69.7090719413021, 42.0879846058852)"
Oct,background,"c(-68.6396428759852, 41.6766657346095)"
Oct,background,"c(-71.1075561036397, 39.8668627009962)"
Oct,background,"c(-68.7219066502403, 42.4170397029058)"
Oct,background,"c(-68.8864341987506, 42.4170397029058)"
Oct,background,"c(-68.2283240047094, 43.4864687682228)"
Oct,background,"c(-68.6396428759852, 42.3347759286507)"
Oct,background,"c(-68.8041704244955, 41.8411932831198)"
Oct,background,"c(-69.2977530700264, 41.5121381860992)"
Oct,background,"c(-68.55737910173, 43.2396774454574)"
Oct,background,"c(-69.3800168442815, 41.5944019603543)"
Oct,background,"c(-70.1203908125779, 42.6638310256713)"
Oct,background,"c(-69.2154892957712, 43.2396774454574)"
Oct,background,"c(-68.2283240047094, 43.2396774454574)"
Oct,background,"c(-71.7656662976809, 39.9491264752513)"
Oct,background,"c(-69.1332255215161, 42.0879846058852)"
Oct,background,"c(-69.9558632640676, 43.4042049939677)"
Oct,background,"c(-69.1332255215161, 42.4170397029058)"
Oct,background,"c(-70.2849183610882, 40.3604453465271)"
Oct,background,"c(-71.4366112006603, 40.6895004435477)"
Oct,background,"c(-67.8170051334337, 41.7589295088646)"
Oct,background,"c(-68.55737910173, 42.3347759286507)"
Oct,background,"c(-67.5702138106682, 43.4042049939677)"
Oct,background,"c(-69.9558632640676, 41.8411932831198)"
Oct,background,"c(-65.3490919057791, 43.3219412197125)"
Oct,background,"c(-72.1769851689567, 39.4555438297204)"
Oct,background,"c(-67.8992689076888, 43.7332600909883)"
Oct,background,"c(-69.3800168442815, 43.4864687682228)"
Oct,background,"c(-67.8170051334337, 42.8283585741816)"
Oct,background,"c(-72.2592489432118, 39.784598926741)"
Oct,background,"c(-69.7090719413021, 42.3347759286507)"
Oct,background,"c(-69.7090719413021, 41.9234570573749)"
Oct,background,"c(-72.4237764917221, 40.2781815722719)"
Oct,background,"c(-69.2154892957712, 42.9106223484367)"
Oct,background,"c(-72.2592489432118, 40.4427091207822)"
Oct,background,"c(-69.8735994898124, 42.2525121543955)"
Oct,background,"c(-68.8041704244955, 42.2525121543955)"
Oct,background,"c(-66.5830485196064, 44.8026891563052)"
Oct,background,"c(-69.1332255215161, 41.5944019603543)"
Oct,background,"c(-67.8170051334337, 42.9928861226919)"
Oct,background,"c(-72.2592489432118, 39.8668627009962)"
Oct,background,"c(-72.0124576204464, 40.1136540237616)"
Oct,background,"c(-69.7913357155573, 43.0751498969471)"
Oct,background,"c(-66.9943673908821, 42.499303477161)"
Oct,background,"c(-67.8170051334337, 43.8977876394986)"
Oct,background,"c(-69.5445443927918, 41.7589295088646)"
Oct,background,"c(-66.8298398423719, 44.9672167048155)"
Oct,background,"c(-69.1332255215161, 41.7589295088646)"
Oct,background,"c(-70.7785010066191, 40.7717642178028)"
Oct,background,"c(-69.1332255215161, 41.9234570573749)"
Oct,background,"c(-69.0509617472609, 41.7589295088646)"
Oct,background,"c(-68.7219066502403, 41.5121381860992)"
Oct,background,"c(-68.8041704244955, 40.854027992058)"
Oct,background,"c(-67.4879500364131, 42.499303477161)"
Oct,background,"c(-68.9686979730058, 41.2653468633337)"
Oct,background,"c(-72.8350953629979, 38.8796974099344)"
Oct,background,"c(-68.7219066502403, 42.2525121543955)"
Oct,background,"c(-70.3671821353433, 42.2525121543955)"
Oct,background,"c(-68.3928515532197, 41.5944019603543)"
Oct,background,"c(-68.3105877789646, 41.8411932831198)"
Oct,background,"c(-69.8735994898124, 42.7460947999264)"
Oct,background,"c(-69.2977530700264, 41.3476106375889)"
Oct,background,"c(-66.9943673908821, 42.2525121543955)"
Oct,background,"c(-69.0509617472609, 41.1830830890786)"
Oct,background,"c(-68.6396428759852, 42.1702483801404)"
Oct,background,"c(-67.2411587136476, 44.2268427365192)"
Oct,background,"c(-67.4879500364131, 43.0751498969471)"
Oct,background,"c(-68.8864341987506, 42.3347759286507)"
Oct,background,"c(-69.2977530700264, 41.1008193148234)"
Oct,background,"c(-69.0509617472609, 42.2525121543955)"
Oct,background,"c(-71.7656662976809, 39.6200713782307)"
Oct,background,"c(-72.7528315887427, 39.208752506955)"
Oct,background,"c(-71.3543474264052, 40.5249728950374)"
Oct,background,"c(-68.9686979730058, 42.4170397029058)"
Oct,background,"c(-72.0947213947015, 40.6895004435477)"
Oct,background,"c(-69.0509617472609, 41.8411932831198)"
Oct,background,"c(-71.0252923293846, 40.854027992058)"
Oct,background,"c(-69.4622806185367, 41.429874411844)"
Oct,background,"c(-67.6524775849234, 43.1574136712022)"
Oct,background,"c(-67.981532681944, 43.8977876394986)"
Oct,background,"c(-66.7475760681167, 43.4042049939677)"
Oct,background,"c(-68.4751153274749, 41.9234570573749)"
Oct,background,"c(-68.8041704244955, 41.2653468633337)"
Oct,background,"c(-68.3928515532197, 42.0879846058852)"
Oct,background,"c(-68.8864341987506, 41.429874411844)"
Oct,background,"c(-69.4622806185367, 41.6766657346095)"
Oct,background,"c(-69.7090719413021, 42.0057208316301)"
Oct,background,"c(-69.4622806185367, 40.7717642178028)"
Oct,background,"c(-69.4622806185367, 42.8283585741816)"
Oct,background,"c(-68.1460602304543, 41.8411932831198)"
Oct,background,"c(-69.4622806185367, 40.9362917663131)"
Oct,background,"c(-66.0072020998203, 41.1830830890786)"
Oct,background,"c(-68.3928515532197, 42.499303477161)"
Oct,background,"c(-67.8170051334337, 43.8155238652434)"
Oct,background,"c(-69.9558632640676, 42.0057208316301)"
Oct,background,"c(-70.5317096838536, 42.2525121543955)"
Oct,background,"c(-67.6524775849234, 43.7332600909883)"
Oct,background,"c(-68.6396428759852, 41.8411932831198)"
Oct,background,"c(-69.5445443927918, 42.0057208316301)"
Oct,background,"c(-70.0381270383227, 42.499303477161)"
Oct,background,"c(-68.8041704244955, 41.429874411844)"
Oct,background,"c(-67.6524775849234, 42.6638310256713)"
Oct,background,"c(-71.27208365215, 40.3604453465271)"
Oct,background,"c(-69.2977530700264, 41.1830830890786)"
Oct,background,"c(-68.8041704244955, 41.7589295088646)"
Oct,background,"c(-69.7913357155573, 41.9234570573749)"
Oct,background,"c(-67.8992689076888, 43.568732542478)"
Oct,background,"c(-71.6011387491706, 39.8668627009962)"
Oct,background,"c(-71.6011387491706, 39.6200713782307)"
Oct,background,"c(-71.5188749749155, 40.6895004435477)"
Oct,background,"c(-69.7913357155573, 42.3347759286507)"
Oct,background,"c(-70.0381270383227, 42.2525121543955)"
Oct,background,"c(-69.5445443927918, 42.9106223484367)"
Oct,background,"c(-69.2154892957712, 41.8411932831198)"
Oct,background,"c(-68.55737910173, 42.4170397029058)"
Oct,background,"c(-71.6011387491706, 40.2781815722719)"
Oct,background,"c(-69.2154892957712, 41.5121381860992)"
Oct,background,"c(-68.8041704244955, 41.9234570573749)"
Oct,background,"c(-70.1203908125779, 42.0879846058852)"
Oct,background,"c(-68.9686979730058, 42.3347759286507)"
Oct,background,"c(-70.4494459095985, 41.1008193148234)"
Oct,background,"c(-69.1332255215161, 41.3476106375889)"
Oct,background,"c(-69.7090719413021, 41.6766657346095)"
Oct,background,"c(-71.6834025234258, 40.7717642178028)"
Oct,background,"c(-66.5830485196064, 42.4170397029058)"
Oct,background,"c(-69.2977530700264, 41.5944019603543)"
Oct,background,"c(-67.7347413591785, 43.7332600909883)"
Oct,background,"c(-69.2154892957712, 41.6766657346095)"
Oct,background,"c(-71.1898198778948, 41.1008193148234)"
Oct,background,"c(-69.3800168442815, 43.2396774454574)"
Oct,background,"c(-71.8479300719361, 40.6895004435477)"
Oct,background,"c(-67.5702138106682, 44.144578962264)"
Oct,background,"c(-69.2977530700264, 42.499303477161)"
Oct,background,"c(-69.7090719413021, 43.4864687682228)"
Oct,background,"c(-68.2283240047094, 42.4170397029058)"
Oct,background,"c(-68.8041704244955, 41.6766657346095)"
Oct,background,"c(-69.0509617472609, 42.7460947999264)"
Oct,background,"c(-71.0252923293846, 39.7023351524859)"
Oct,background,"c(-68.3928515532197, 42.0057208316301)"
Oct,background,"c(-69.4622806185367, 41.9234570573749)"
Oct,background,"c(-68.9686979730058, 41.6766657346095)"
Oct,background,"c(-69.5445443927918, 43.1574136712022)"
Oct,background,"c(-67.4879500364131, 40.1959177980168)"
Oct,background,"c(-68.55737910173, 42.2525121543955)"
Oct,background,"c(-67.4056862621579, 44.2268427365192)"
Oct,background,"c(-72.8350953629979, 38.9619611841895)"
Oct,background,"c(-71.3543474264052, 40.2781815722719)"
Oct,background,"c(-68.0637964561991, 43.4042049939677)"
Oct,background,"c(-69.0509617472609, 41.6766657346095)"
Oct,background,"c(-72.0947213947015, 40.6072366692925)"
Oct,background,"c(-70.1203908125779, 41.0185555405683)"
Oct,background,"c(-69.3800168442815, 42.5815672514161)"
Oct,background,"c(-68.3105877789646, 42.1702483801404)"
Oct,background,"c(-67.4056862621579, 44.0623151880089)"
Oct,background,"c(-68.8864341987506, 42.9106223484367)"
Oct,background,"c(-72.1769851689567, 39.5378076039756)"
Oct,background,"c(-69.9558632640676, 42.1702483801404)"
Oct,background,"c(-68.6396428759852, 41.5121381860992)"
Oct,background,"c(-72.4237764917221, 40.4427091207822)"
Oct,background,"c(-66.5007847453512, 44.7204253820501)"
Oct,background,"c(-67.6524775849234, 43.4042049939677)"
Oct,background,"c(-69.5445443927918, 43.4864687682228)"
Oct,background,"c(-69.4622806185367, 41.5944019603543)"
Oct,background,"c(-71.8479300719361, 39.7023351524859)"
Oct,background,"c(-67.6524775849234, 42.9928861226919)"
Oct,background,"c(-69.7090719413021, 42.499303477161)"
Oct,background,"c(-68.9686979730058, 42.2525121543955)"
Oct,background,"c(-69.8735994898124, 42.1702483801404)"
Oct,background,"c(-69.4622806185367, 42.9106223484367)"
Oct,background,"c(-68.9686979730058, 42.0879846058852)"
Oct,background,"c(-69.2154892957712, 42.8283585741816)"
Oct,background,"c(-68.9686979730058, 41.9234570573749)"
Oct,background,"c(-72.4237764917221, 39.6200713782307)"
Oct,background,"c(-69.9558632640676, 42.5815672514161)"
Oct,background,"c(-69.626808167047, 41.7589295088646)"
Oct,background,"c(-69.2154892957712, 41.429874411844)"
Oct,background,"c(-70.1203908125779, 42.7460947999264)"
Oct,background,"c(-69.2154892957712, 41.1830830890786)"
Oct,background,"c(-66.5830485196064, 42.1702483801404)"
Oct,background,"c(-71.27208365215, 40.0313902495065)"
Oct,background,"c(-69.2154892957712, 41.5944019603543)"
Oct,background,"c(-68.8041704244955, 42.1702483801404)"
Oct,background,"c(-67.4879500364131, 43.9800514137537)"
Oct,background,"c(-72.0947213947015, 40.854027992058)"
Oct,background,"c(-68.8864341987506, 41.9234570573749)"
Oct,background,"c(-69.9558632640676, 42.3347759286507)"
Oct,background,"c(-71.8479300719361, 39.9491264752513)"
Oct,background,"c(-69.8735994898124, 42.5815672514161)"
Oct,background,"c(-72.0124576204464, 40.854027992058)"
Oct,background,"c(-69.626808167047, 42.3347759286507)"
Oct,background,"c(-68.8864341987506, 42.0057208316301)"
Oct,background,"c(-69.0509617472609, 41.5121381860992)"
Oct,background,"c(-68.4751153274749, 40.9362917663131)"
Oct,background,"c(-68.3928515532197, 41.5121381860992)"
Oct,background,"c(-68.7219066502403, 42.499303477161)"
Oct,background,"c(-71.3543474264052, 39.8668627009962)"
Oct,background,"c(-69.626808167047, 41.429874411844)"
Oct,background,"c(-70.5317096838536, 41.1008193148234)"
Oct,background,"c(-68.8864341987506, 42.2525121543955)"
Oct,background,"c(-70.202654586833, 40.5249728950374)"
Oct,background,"c(-68.7219066502403, 43.4042049939677)"
Oct,background,"c(-69.5445443927918, 43.2396774454574)"
Oct,background,"c(-66.5007847453512, 44.8026891563052)"
Oct,background,"c(-69.2977530700264, 43.6509963167331)"
Oct,background,"c(-71.5188749749155, 40.0313902495065)"
Oct,background,"c(-69.4622806185367, 41.1008193148234)"
Oct,background,"c(-72.341512717467, 39.6200713782307)"
Oct,background,"c(-70.202654586833, 42.9928861226919)"
Oct,background,"c(-69.1332255215161, 41.429874411844)"
Oct,background,"c(-68.1460602304543, 43.568732542478)"
Oct,background,"c(-72.341512717467, 39.208752506955)"
Oct,background,"c(-72.341512717467, 39.3732800554653)"
Oct,background,"c(-67.1588949393925, 42.2525121543955)"
Oct,background,"c(-70.1203908125779, 42.3347759286507)"
Oct,background,"c(-69.0509617472609, 41.5944019603543)"
Oct,background,"c(-67.981532681944, 43.1574136712022)"
Oct,background,"c(-68.4751153274749, 43.4042049939677)"
Oct,background,"c(-67.4056862621579, 43.8977876394986)"
Oct,background,"c(-69.7090719413021, 41.7589295088646)"
Oct,background,"c(-69.1332255215161, 42.9928861226919)"
Oct,background,"c(-69.2977530700264, 42.0879846058852)"
Oct,background,"c(-68.9686979730058, 41.8411932831198)"
Oct,background,"c(-71.7656662976809, 39.7023351524859)"
Oct,background,"c(-69.7913357155573, 42.0057208316301)"
Oct,background,"c(-66.6653122938615, 42.4170397029058)"
Oct,background,"c(-69.8735994898124, 42.9106223484367)"
Oct,background,"c(-68.3105877789646, 43.6509963167331)"
Oct,background,"c(-70.8607647808742, 40.6895004435477)"
Oct,background,"c(-72.5883040402324, 40.4427091207822)"
Oct,background,"c(-68.0637964561991, 43.3219412197125)"
Oct,background,"c(-68.9686979730058, 42.499303477161)"
Oct,background,"c(-69.5445443927918, 41.6766657346095)"
Oct,background,"c(-71.7656662976809, 39.4555438297204)"
Oct,background,"c(-68.8864341987506, 42.499303477161)"
Oct,background,"c(-66.9943673908821, 41.3476106375889)"
Oct,background,"c(-67.8992689076888, 42.0057208316301)"
Oct,background,"c(-68.7219066502403, 41.6766657346095)"
Oct,background,"c(-69.626808167047, 43.0751498969471)"
Oct,background,"c(-69.626808167047, 42.8283585741816)"
Oct,background,"c(-69.1332255215161, 42.6638310256713)"
Oct,background,"c(-68.8864341987506, 42.5815672514161)"
Oct,background,"c(-68.6396428759852, 41.429874411844)"
Oct,background,"c(-69.0509617472609, 41.429874411844)"
Oct,background,"c(-69.9558632640676, 42.8283585741816)"
Oct,background,"c(-71.4366112006603, 41.1830830890786)"
Oct,background,"c(-69.8735994898124, 42.499303477161)"
Oct,background,"c(-69.626808167047, 43.2396774454574)"
Oct,background,"c(-68.7219066502403, 43.3219412197125)"
Oct,background,"c(-70.202654586833, 41.0185555405683)"
Oct,background,"c(-72.6705678144876, 40.5249728950374)"
Oct,background,"c(-69.626808167047, 43.3219412197125)"
Oct,background,"c(-69.2977530700264, 42.9106223484367)"
Oct,background,"c(-70.202654586833, 43.0751498969471)"
Oct,background,"c(-68.8864341987506, 43.3219412197125)"
Oct,background,"c(-67.1588949393925, 44.3913702850295)"
Oct,background,"c(-68.0637964561991, 42.0879846058852)"
Oct,background,"c(-66.4185209710961, 44.5558978335398)"
Oct,background,"c(-68.55737910173, 41.8411932831198)"
Oct,background,"c(-67.7347413591785, 44.0623151880089)"
Oct,background,"c(-72.1769851689567, 40.0313902495065)"
Oct,background,"c(-70.1203908125779, 42.2525121543955)"
Oct,background,"c(-69.7090719413021, 43.0751498969471)"
Oct,background,"c(-68.6396428759852, 41.5944019603543)"
Oct,background,"c(-69.0509617472609, 42.499303477161)"
Oct,background,"c(-68.2283240047094, 42.6638310256713)"
Oct,background,"c(-70.9430285551294, 40.5249728950374)"
Oct,background,"c(-68.7219066502403, 42.3347759286507)"
Oct,background,"c(-68.3928515532197, 42.8283585741816)"
Oct,background,"c(-71.5188749749155, 39.5378076039756)"
Oct,background,"c(-69.7090719413021, 43.4042049939677)"
Oct,background,"c(-68.6396428759852, 43.2396774454574)"
Oct,background,"c(-66.8298398423719, 42.3347759286507)"
Oct,background,"c(-68.6396428759852, 42.0057208316301)"
Oct,background,"c(-68.3928515532197, 42.4170397029058)"
Oct,background,"c(-69.1332255215161, 43.4864687682228)"
Oct,background,"c(-68.55737910173, 42.499303477161)"
Oct,background,"c(-67.5702138106682, 43.8977876394986)"
Oct,background,"c(-69.5445443927918, 41.1008193148234)"
Oct,background,"c(-69.4622806185367, 42.9928861226919)"
Oct,background,"c(-70.2849183610882, 41.8411932831198)"
Oct,background,"c(-69.5445443927918, 41.5944019603543)"
Oct,background,"c(-67.6524775849234, 42.3347759286507)"
Oct,background,"c(-68.55737910173, 43.4042049939677)"
Oct,background,"c(-68.9686979730058, 41.5121381860992)"
Oct,background,"c(-68.3928515532197, 43.4042049939677)"
Oct,background,"c(-72.341512717467, 39.4555438297204)"
Oct,background,"c(-69.2154892957712, 42.6638310256713)"
Oct,background,"c(-69.2977530700264, 42.1702483801404)"
Oct,background,"c(-68.9686979730058, 42.1702483801404)"
Oct,background,"c(-71.6834025234258, 40.854027992058)"
Oct,background,"c(-69.5445443927918, 42.499303477161)"
Oct,background,"c(-71.6834025234258, 40.1136540237616)"
Oct,background,"c(-68.9686979730058, 42.5815672514161)"
Oct,background,"c(-69.3800168442815, 43.7332600909883)"
Oct,background,"c(-67.3234224879028, 42.3347759286507)"
Oct,background,"c(-68.3105877789646, 41.9234570573749)"
Oct,background,"c(-68.3928515532197, 43.1574136712022)"
Oct,background,"c(-68.6396428759852, 42.4170397029058)"
Oct,background,"c(-68.9686979730058, 43.0751498969471)"
Oct,background,"c(-67.8170051334337, 43.568732542478)"
Oct,background,"c(-65.5136194542894, 42.9106223484367)"
Oct,background,"c(-70.1203908125779, 40.7717642178028)"
Oct,background,"c(-66.8298398423719, 42.1702483801404)"
Oct,background,"c(-70.202654586833, 41.2653468633337)"
Oct,background,"c(-72.5060402659773, 40.6072366692925)"
Oct,background,"c(-68.3105877789646, 42.499303477161)"
Oct,background,"c(-66.5830485196064, 40.9362917663131)"
Oct,background,"c(-69.8735994898124, 42.3347759286507)"
Oct,background,"c(-69.626808167047, 41.8411932831198)"
Oct,background,"c(-68.7219066502403, 41.2653468633337)"
Oct,background,"c(-69.4622806185367, 43.1574136712022)"
Oct,background,"c(-71.7656662976809, 40.6072366692925)"
Oct,background,"c(-70.3671821353433, 41.2653468633337)"
Oct,background,"c(-70.202654586833, 40.7717642178028)"
Oct,background,"c(-68.8041704244955, 42.0057208316301)"
Oct,background,"c(-68.1460602304543, 43.8155238652434)"
Oct,background,"c(-69.2154892957712, 43.0751498969471)"
Oct,background,"c(-68.8864341987506, 41.7589295088646)"
Oct,background,"c(-69.3800168442815, 41.429874411844)"
Oct,background,"c(-68.9686979730058, 42.9928861226919)"
Oct,background,"c(-68.0637964561991, 42.1702483801404)"
Oct,background,"c(-69.2977530700264, 43.4864687682228)"
Oct,background,"c(-68.3105877789646, 42.0879846058852)"
Oct,background,"c(-69.2154892957712, 43.568732542478)"
Oct,background,"c(-68.8864341987506, 42.1702483801404)"
Oct,background,"c(-68.55737910173, 41.7589295088646)"
Oct,background,"c(-70.6962372323639, 41.2653468633337)"
Oct,background,"c(-67.3234224879028, 42.4170397029058)"
Oct,background,"c(-67.5702138106682, 43.9800514137537)"
Oct,background,"c(-67.7347413591785, 43.8155238652434)"
Oct,background,"c(-69.8735994898124, 42.6638310256713)"
Oct,background,"c(-68.55737910173, 41.6766657346095)"
Oct,background,"c(-67.6524775849234, 43.8977876394986)"
Oct,background,"c(-69.4622806185367, 43.4042049939677)"
Oct,background,"c(-68.1460602304543, 43.4864687682228)"
Oct,background,"c(-71.5188749749155, 40.4427091207822)"
Oct,background,"c(-69.2977530700264, 41.7589295088646)"
Oct,background,"c(-68.8041704244955, 41.1830830890786)"
Oct,background,"c(-69.626808167047, 42.6638310256713)"
Oct,background,"c(-69.2977530700264, 41.8411932831198)"
Oct,background,"c(-69.2154892957712, 41.3476106375889)"
Oct,background,"c(-69.0509617472609, 42.3347759286507)"
Oct,background,"c(-69.5445443927918, 43.0751498969471)"
Oct,background,"c(-70.6139734581088, 42.8283585741816)"
Oct,background,"c(-68.3105877789646, 43.7332600909883)"
Oct,background,"c(-65.5958832285446, 42.7460947999264)"
Oct,background,"c(-68.8041704244955, 42.4170397029058)"
Oct,background,"c(-69.626808167047, 41.9234570573749)"
Oct,background,"c(-69.8735994898124, 43.4042049939677)"
Oct,background,"c(-68.4751153274749, 43.8155238652434)"
Oct,background,"c(-67.981532681944, 41.9234570573749)"
Oct,background,"c(-70.8607647808742, 40.6072366692925)"
Oct,background,"c(-71.4366112006603, 40.9362917663131)"
Oct,background,"c(-68.3105877789646, 41.5944019603543)"
Oct,background,"c(-67.2411587136476, 44.3091065107743)"
Oct,background,"c(-70.8607647808742, 41.1830830890786)"
Oct,background,"c(-65.4313556800343, 42.8283585741816)"
Oct,background,"c(-66.0894658740755, 41.1008193148234)"
Oct,background,"c(-68.8864341987506, 41.1830830890786)"
Oct,background,"c(-67.1588949393925, 43.9800514137537)"
Oct,background,"c(-70.4494459095985, 42.4170397029058)"
Oct,background,"c(-70.3671821353433, 42.9928861226919)"
Oct,background,"c(-72.0124576204464, 40.7717642178028)"
Oct,background,"c(-69.0509617472609, 43.0751498969471)"
Oct,background,"c(-71.9301938461912, 40.6895004435477)"
Oct,background,"c(-69.2154892957712, 41.2653468633337)"
Oct,background,"c(-67.2411587136476, 42.3347759286507)"
Oct,background,"c(-67.8170051334337, 43.3219412197125)"
Oct,background,"c(-67.5702138106682, 42.1702483801404)"
Oct,background,"c(-68.8041704244955, 42.0879846058852)"
Oct,background,"c(-69.0509617472609, 41.3476106375889)"
Oct,background,"c(-69.3800168442815, 42.4170397029058)"
Oct,background,"c(-71.1075561036397, 41.1008193148234)"
Oct,background,"c(-67.5702138106682, 43.1574136712022)"
Oct,background,"c(-67.8992689076888, 41.9234570573749)"
Oct,background,"c(-69.9558632640676, 42.0879846058852)"
Oct,background,"c(-66.912103616627, 43.9800514137537)"
Oct,background,"c(-72.1769851689567, 39.208752506955)"
Oct,background,"c(-69.8735994898124, 41.8411932831198)"
Oct,background,"c(-68.9686979730058, 41.3476106375889)"
Oct,background,"c(-72.5883040402324, 38.9619611841895)"
Oct,background,"c(-66.5830485196064, 44.6381616077949)"
Oct,background,"c(-66.3362571968409, 44.8026891563052)"
Oct,background,"c(-72.5060402659773, 40.0313902495065)"
Oct,background,"c(-68.0637964561991, 42.0057208316301)"
Oct,background,"c(-69.8735994898124, 42.8283585741816)"
Oct,background,"c(-71.6011387491706, 39.5378076039756)"
Oct,background,"c(-69.3800168442815, 41.1008193148234)"
Oct,background,"c(-69.626808167047, 42.4170397029058)"
Oct,background,"c(-68.3928515532197, 42.3347759286507)"
Oct,background,"c(-68.55737910173, 43.4864687682228)"
Oct,background,"c(-69.3800168442815, 42.6638310256713)"
Oct,background,"c(-70.1203908125779, 43.0751498969471)"
Oct,background,"c(-67.7347413591785, 42.1702483801404)"
Oct,background,"c(-69.9558632640676, 43.0751498969471)"
Oct,background,"c(-70.7785010066191, 41.1830830890786)"
Oct,background,"c(-71.5188749749155, 40.2781815722719)"
Oct,background,"c(-69.1332255215161, 42.5815672514161)"
Oct,background,"c(-68.55737910173, 43.7332600909883)"
Oct,background,"c(-68.6396428759852, 43.4042049939677)"
Oct,background,"c(-69.626808167047, 42.7460947999264)"
Oct,background,"c(-71.4366112006603, 40.3604453465271)"
Oct,background,"c(-68.3105877789646, 41.7589295088646)"
Oct,background,"c(-69.2154892957712, 42.499303477161)"
Oct,background,"c(-72.341512717467, 39.784598926741)"
Oct,background,"c(-71.27208365215, 40.7717642178028)"
Oct,background,"c(-70.6962372323639, 40.6895004435477)"
Oct,background,"c(-69.7090719413021, 41.5944019603543)"
Oct,background,"c(-69.2977530700264, 41.9234570573749)"
Oct,background,"c(-68.3105877789646, 43.2396774454574)"
Oct,background,"c(-67.4879500364131, 42.2525121543955)"
Oct,background,"c(-68.3928515532197, 42.2525121543955)"
Oct,background,"c(-68.8041704244955, 43.0751498969471)"
Oct,background,"c(-72.5060402659773, 39.5378076039756)"
Oct,background,"c(-72.2592489432118, 39.3732800554653)"
Oct,background,"c(-67.4056862621579, 42.4170397029058)"
Oct,background,"c(-68.1460602304543, 43.6509963167331)"
Oct,background,"c(-69.1332255215161, 42.499303477161)"
Oct,background,"c(-71.9301938461912, 40.5249728950374)"
Oct,background,"c(-71.6834025234258, 40.2781815722719)"
Oct,background,"c(-68.3928515532197, 42.5815672514161)"
Oct,background,"c(-68.0637964561991, 41.8411932831198)"
Oct,background,"c(-70.202654586833, 42.9106223484367)"
Oct,background,"c(-69.7913357155573, 42.2525121543955)"
Oct,background,"c(-69.626808167047, 43.1574136712022)"
Oct,background,"c(-69.5445443927918, 42.2525121543955)"
Oct,background,"c(-68.8041704244955, 42.7460947999264)"
Oct,background,"c(-68.6396428759852, 43.4864687682228)"
Oct,background,"c(-68.1460602304543, 42.499303477161)"
Oct,background,"c(-70.0381270383227, 43.0751498969471)"
Oct,background,"c(-69.8735994898124, 42.9928861226919)"
Oct,background,"c(-71.1898198778948, 40.0313902495065)"
Oct,background,"c(-70.7785010066191, 40.4427091207822)"
Oct,background,"c(-69.2977530700264, 43.3219412197125)"
Oct,background,"c(-68.8041704244955, 41.3476106375889)"
Oct,background,"c(-68.7219066502403, 43.568732542478)"
Oct,background,"c(-69.1332255215161, 40.6072366692925)"
Oct,background,"c(-72.9996229115082, 39.1264887326998)"
Oct,background,"c(-68.2283240047094, 42.2525121543955)"
Oct,background,"c(-68.9686979730058, 41.429874411844)"
Oct,background,"c(-69.2154892957712, 42.7460947999264)"
Oct,background,"c(-71.8479300719361, 39.6200713782307)"
Oct,background,"c(-67.4879500364131, 43.8977876394986)"
Oct,background,"c(-68.2283240047094, 43.8977876394986)"
Oct,background,"c(-68.8864341987506, 42.6638310256713)"
Oct,background,"c(-68.3105877789646, 43.3219412197125)"
Oct,background,"c(-69.4622806185367, 42.3347759286507)"
Oct,background,"c(-69.7090719413021, 43.568732542478)"
Oct,background,"c(-69.7090719413021, 43.3219412197125)"
Oct,background,"c(-69.3800168442815, 42.499303477161)"
Oct,background,"c(-69.2154892957712, 42.0879846058852)"
Oct,background,"c(-68.8041704244955, 42.3347759286507)"
Oct,background,"c(-69.5445443927918, 41.429874411844)"
Oct,background,"c(-71.27208365215, 40.2781815722719)"
Oct,background,"c(-67.4879500364131, 44.144578962264)"
Oct,background,"c(-65.1023005830137, 43.1574136712022)"
Oct,background,"c(-69.2977530700264, 43.0751498969471)"
Oct,background,"c(-70.5317096838536, 40.7717642178028)"
Oct,background,"c(-68.7219066502403, 41.429874411844)"
Oct,background,"c(-70.1203908125779, 42.9928861226919)"
Oct,background,"c(-68.3105877789646, 43.568732542478)"
Oct,background,"c(-68.7219066502403, 43.7332600909883)"
Oct,background,"c(-71.9301938461912, 39.784598926741)"
Oct,background,"c(-71.1898198778948, 41.1830830890786)"
Oct,background,"c(-69.8735994898124, 42.4170397029058)"
Oct,background,"c(-70.2849183610882, 42.8283585741816)"
Oct,background,"c(-69.1332255215161, 41.6766657346095)"
Oct,background,"c(-73.0818866857633, 38.8796974099344)"
Oct,background,"c(-70.2849183610882, 41.1830830890786)"
Oct,background,"c(-66.9943673908821, 42.8283585741816)"
Oct,background,"c(-69.4622806185367, 42.0057208316301)"
Oct,background,"c(-69.7090719413021, 42.9928861226919)"
Oct,background,"c(-70.2849183610882, 42.9928861226919)"
Oct,background,"c(-69.5445443927918, 42.0879846058852)"
Oct,background,"c(-70.4494459095985, 40.6072366692925)"
Oct,background,"c(-71.3543474264052, 40.0313902495065)"
Oct,background,"c(-66.5830485196064, 44.7204253820501)"
Oct,background,"c(-68.55737910173, 43.3219412197125)"
Oct,background,"c(-68.1460602304543, 44.0623151880089)"
Oct,background,"c(-72.0124576204464, 40.4427091207822)"
Oct,background,"c(-70.8607647808742, 41.2653468633337)"
Oct,background,"c(-72.5060402659773, 39.8668627009962)"
Oct,background,"c(-67.6524775849234, 43.6509963167331)"
Oct,background,"c(-66.0894658740755, 44.8026891563052)"
Oct,background,"c(-68.3105877789646, 43.4042049939677)"
Oct,background,"c(-68.6396428759852, 41.9234570573749)"
Oct,background,"c(-69.2154892957712, 41.1008193148234)"
Oct,background,"c(-70.5317096838536, 42.7460947999264)"
Oct,background,"c(-68.1460602304543, 41.5944019603543)"
Oct,background,"c(-69.3800168442815, 41.3476106375889)"
Oct,background,"c(-68.7219066502403, 42.0879846058852)"
Oct,background,"c(-71.3543474264052, 39.9491264752513)"
Oct,background,"c(-69.2154892957712, 41.7589295088646)"
Oct,background,"c(-71.27208365215, 40.6895004435477)"
Oct,background,"c(-71.7656662976809, 40.0313902495065)"
Oct,background,"c(-69.3800168442815, 41.9234570573749)"
Oct,background,"c(-67.7347413591785, 41.1008193148234)"
Oct,background,"c(-68.9686979730058, 39.784598926741)"
Oct,background,"c(-69.1332255215161, 42.7460947999264)"
Oct,background,"c(-68.6396428759852, 42.2525121543955)"
Oct,background,"c(-69.9558632640676, 42.7460947999264)"
Oct,background,"c(-68.7219066502403, 42.9928861226919)"
Oct,background,"c(-69.1332255215161, 42.0057208316301)"
Oct,background,"c(-71.4366112006603, 39.784598926741)"
Oct,background,"c(-69.8735994898124, 40.1136540237616)"
Oct,background,"c(-70.2849183610882, 42.0057208316301)"
Oct,background,"c(-69.2977530700264, 42.4170397029058)"
Oct,background,"c(-71.8479300719361, 40.2781815722719)"
Oct,background,"c(-68.0637964561991, 43.9800514137537)"
Oct,background,"c(-65.266828131524, 43.0751498969471)"
Oct,background,"c(-68.55737910173, 40.9362917663131)"
Oct,background,"c(-69.2977530700264, 42.3347759286507)"
Oct,background,"c(-68.3928515532197, 41.8411932831198)"
Oct,background,"c(-69.626808167047, 41.6766657346095)"
Oct,background,"c(-67.7347413591785, 43.3219412197125)"
Oct,background,"c(-67.7347413591785, 42.7460947999264)"
Oct,background,"c(-69.626808167047, 43.568732542478)"
Oct,background,"c(-71.8479300719361, 40.854027992058)"
Oct,background,"c(-70.3671821353433, 43.2396774454574)"
Oct,background,"c(-69.3800168442815, 41.6766657346095)"
Oct,background,"c(-67.3234224879028, 44.0623151880089)"
Oct,background,"c(-72.5883040402324, 39.2910162812101)"
Oct,background,"c(-66.1717296483306, 42.1702483801404)"
Oct,background,"c(-72.5883040402324, 39.5378076039756)"
Oct,background,"c(-72.5883040402324, 40.1136540237616)"
Oct,background,"c(-69.9558632640676, 42.499303477161)"
Oct,background,"c(-69.626808167047, 42.0057208316301)"
Oct,background,"c(-67.6524775849234, 40.6072366692925)"
Oct,background,"c(-71.7656662976809, 39.3732800554653)"
Oct,background,"c(-69.3800168442815, 43.4042049939677)"
Oct,background,"c(-71.6834025234258, 39.5378076039756)"
Oct,background,"c(-66.4185209710961, 42.4170397029058)"
Oct,background,"c(-68.7219066502403, 42.1702483801404)"
Oct,background,"c(-67.4879500364131, 43.3219412197125)"
Oct,background,"c(-68.2283240047094, 41.8411932831198)"
Oct,background,"c(-70.1203908125779, 43.1574136712022)"
Oct,background,"c(-71.3543474264052, 40.1136540237616)"
Oct,background,"c(-70.4494459095985, 42.0879846058852)"
Oct,background,"c(-67.3234224879028, 40.3604453465271)"
Oct,background,"c(-70.3671821353433, 42.1702483801404)"
Oct,background,"c(-71.1898198778948, 41.0185555405683)"
Oct,background,"c(-69.1332255215161, 41.1008193148234)"
Oct,background,"c(-68.3105877789646, 42.4170397029058)"
Oct,background,"c(-72.0947213947015, 40.3604453465271)"
Oct,background,"c(-67.8992689076888, 42.8283585741816)"
Oct,background,"c(-69.3800168442815, 42.0057208316301)"
Oct,background,"c(-69.0509617472609, 41.2653468633337)"
Oct,background,"c(-69.2154892957712, 42.5815672514161)"
Oct,background,"c(-70.0381270383227, 43.2396774454574)"
Oct,background,"c(-70.0381270383227, 42.3347759286507)"
Oct,background,"c(-72.0947213947015, 40.1136540237616)"
Oct,background,"c(-67.6524775849234, 43.9800514137537)"
Oct,background,"c(-69.5445443927918, 42.9928861226919)"
Oct,background,"c(-69.7913357155573, 43.3219412197125)"
Oct,background,"c(-69.4622806185367, 42.7460947999264)"
Oct,background,"c(-72.2592489432118, 39.2910162812101)"
Oct,background,"c(-68.4751153274749, 42.1702483801404)"
Oct,background,"c(-68.4751153274749, 41.5121381860992)"
Oct,background,"c(-70.202654586833, 39.784598926741)"
Oct,background,"c(-68.3928515532197, 41.9234570573749)"
Oct,background,"c(-68.8041704244955, 40.1959177980168)"
Oct,background,"c(-70.7785010066191, 40.5249728950374)"
Oct,background,"c(-69.1332255215161, 42.8283585741816)"
Oct,background,"c(-72.9996229115082, 39.8668627009962)"
Oct,background,"c(-67.7347413591785, 43.8977876394986)"
Oct,background,"c(-70.4494459095985, 42.3347759286507)"
Oct,background,"c(-68.8041704244955, 41.5944019603543)"
Oct,background,"c(-70.0381270383227, 42.0879846058852)"
Oct,background,"c(-67.8170051334337, 43.9800514137537)"
Oct,background,"c(-68.55737910173, 43.568732542478)"
Oct,background,"c(-70.0381270383227, 42.6638310256713)"
Oct,background,"c(-68.2283240047094, 43.9800514137537)"
Oct,background,"c(-67.5702138106682, 44.0623151880089)"
Oct,background,"c(-69.0509617472609, 42.0879846058852)"
Oct,background,"c(-70.1203908125779, 41.1008193148234)"
Oct,background,"c(-69.1332255215161, 42.1702483801404)"
Oct,background,"c(-69.7913357155573, 41.8411932831198)"
Oct,background,"c(-68.7219066502403, 42.0057208316301)"
Oct,background,"c(-70.8607647808742, 41.3476106375889)"
Oct,background,"c(-67.7347413591785, 43.568732542478)"
Oct,background,"c(-70.2849183610882, 40.5249728950374)"
Oct,background,"c(-68.2283240047094, 42.3347759286507)"
Oct,background,"c(-72.6705678144876, 39.4555438297204)"
Oct,background,"c(-71.3543474264052, 40.7717642178028)"
Oct,background,"c(-69.5445443927918, 41.5121381860992)"
Oct,background,"c(-68.0637964561991, 42.3347759286507)"
Oct,background,"c(-70.9430285551294, 40.6895004435477)"
Oct,background,"c(-68.8864341987506, 41.2653468633337)"
Oct,background,"c(-70.4494459095985, 42.7460947999264)"
Oct,background,"c(-72.0947213947015, 39.6200713782307)"
Oct,background,"c(-68.7219066502403, 41.9234570573749)"
Oct,background,"c(-69.4622806185367, 41.7589295088646)"
Oct,background,"c(-67.8992689076888, 43.6509963167331)"
Oct,background,"c(-70.1203908125779, 42.4170397029058)"
Oct,background,"c(-69.8735994898124, 42.0879846058852)"
Oct,background,"c(-69.7913357155573, 41.5944019603543)"
Oct,background,"c(-70.1203908125779, 40.854027992058)"
Oct,background,"c(-69.1332255215161, 42.2525121543955)"
Oct,background,"c(-67.2411587136476, 44.3913702850295)"
Oct,background,"c(-67.4056862621579, 41.1008193148234)"
Oct,background,"c(-67.6524775849234, 43.3219412197125)"
Oct,background,"c(-70.3671821353433, 40.4427091207822)"
Oct,background,"c(-69.8735994898124, 43.568732542478)"
Oct,background,"c(-68.1460602304543, 42.1702483801404)"
Oct,background,"c(-70.3671821353433, 42.0057208316301)"
Oct,background,"c(-67.8170051334337, 42.5815672514161)"
Oct,background,"c(-67.6524775849234, 44.2268427365192)"
Oct,background,"c(-70.1203908125779, 40.4427091207822)"
Oct,background,"c(-71.0252923293846, 40.9362917663131)"
Nov,presence,"c(-68.37056, 43.12786)"
Nov,presence,"c(-67.096533, 45.081717)"
Nov,presence,"c(-69.4296, 42.505)"
Nov,presence,"c(-70.45925, 40.592)"
Nov,presence,"c(-68.12199, 43.41916)"
Nov,presence,"c(-68.66157, 43.02479)"
Nov,presence,"c(-69.94083, 42.87383)"
Nov,presence,"c(-68.607, 41.27867)"
Nov,presence,"c(-69.01635, 42.22101)"
Nov,presence,"c(-68.5247, 43.4692)"
Nov,presence,"c(-70.04116, 40.58383)"
Nov,presence,"c(-69.58914, 42.32523)"
Nov,presence,"c(-69.50638, 42.8124)"
Nov,presence,"c(-69.09565, 42.74767)"
Nov,presence,"c(-68.46625, 43.19175)"
Nov,presence,"c(-69.01018, 42.20619)"
Nov,presence,"c(-68.63356, 43.23901)"
Nov,presence,"c(-68.76661, 43.19984)"
Nov,presence,"c(-68.6343, 43.17308)"
Nov,presence,"c(-73.667, 40.167)"
Nov,presence,"c(-72.05, 40.6)"
Nov,presence,"c(-69.4589, 42.5942)"
Nov,presence,"c(-69.65503, 42.42791)"
Nov,presence,"c(-70.3455, 42.34483)"
Nov,presence,"c(-68.775681, 40.768772)"
Nov,presence,"c(-69.98275, 42.11538)"
Nov,presence,"c(-67.96655, 43.41091)"
Nov,presence,"c(-73.067, 39.25)"
Nov,presence,"c(-67.93395, 42.02935)"
Nov,presence,"c(-67.41315, 42.05343)"
Nov,presence,"c(-66.92427, 41.85815)"
Nov,presence,"c(-69.36866, 41.83899)"
Nov,presence,"c(-70.50666, 40.588)"
Nov,presence,"c(-69.24248, 42.31986)"
Nov,presence,"c(-72.6189, 40.4249)"
Nov,presence,"c(-68.23352, 43.5942)"
Nov,presence,"c(-69.53564, 42.61282)"
Nov,presence,"c(-67.9664, 43.32114)"
Nov,presence,"c(-68.98943, 42.15591)"
Nov,presence,"c(-69.71618, 42.60696)"
Nov,presence,"c(-69.36846, 43.2747)"
Nov,presence,"c(-68.5668, 43.4404)"
Nov,presence,"c(-68.2892, 43.48454)"
Nov,presence,"c(-70.13133, 42.044)"
Nov,presence,"c(-68.15426, 43.27109)"
Nov,presence,"c(-68.719856, 40.74572)"
Nov,presence,"c(-70.14633, 42.05133)"
Nov,presence,"c(-69.30281, 42.86909)"
Nov,presence,"c(-66.8518, 44.9424)"
Nov,presence,"c(-69.14933, 42.22197)"
Nov,presence,"c(-69.61302, 42.54485)"
Nov,presence,"c(-70.06199, 42.37683)"
Nov,presence,"c(-68.44898, 42.30441)"
Nov,presence,"c(-68.1702, 43.50831)"
Nov,presence,"c(-67.034592, 44.189011)"
Nov,presence,"c(-68.73417, 41.27817)"
Nov,presence,"c(-70.20183, 42.912)"
Nov,presence,"c(-69.29684, 42.54417)"
Nov,presence,"c(-68.23288, 42.34098)"
Nov,presence,"c(-69.04592, 42.93438)"
Nov,background,"c(-69.5445443927918, 42.5815672514161)"
Nov,background,"c(-69.9558632640676, 43.0751498969471)"
Nov,background,"c(-68.8864341987506, 42.0879846058852)"
Nov,background,"c(-69.5445443927918, 43.1574136712022)"
Nov,background,"c(-71.4366112006603, 40.3604453465271)"
Nov,background,"c(-69.8735994898124, 41.7589295088646)"
Nov,background,"c(-68.1460602304543, 42.0057208316301)"
Nov,background,"c(-69.2977530700264, 41.8411932831198)"
Nov,background,"c(-70.3671821353433, 42.1702483801404)"
Nov,background,"c(-69.2154892957712, 42.7460947999264)"
Nov,background,"c(-69.2977530700264, 41.5121381860992)"
Nov,background,"c(-69.7913357155573, 41.5944019603543)"
Nov,background,"c(-68.55737910173, 41.8411932831198)"
Nov,background,"c(-69.2154892957712, 41.7589295088646)"
Nov,background,"c(-67.4879500364131, 43.0751498969471)"
Nov,background,"c(-71.7656662976809, 39.7023351524859)"
Nov,background,"c(-69.8735994898124, 40.1136540237616)"
Nov,background,"c(-68.6396428759852, 41.5944019603543)"
Nov,background,"c(-69.3800168442815, 41.6766657346095)"
Nov,background,"c(-69.8735994898124, 41.8411932831198)"
Nov,background,"c(-68.9686979730058, 42.0879846058852)"
Nov,background,"c(-69.5445443927918, 42.8283585741816)"
Nov,background,"c(-72.1769851689567, 40.6895004435477)"
Nov,background,"c(-72.341512717467, 39.784598926741)"
Nov,background,"c(-68.8041704244955, 42.0057208316301)"
Nov,background,"c(-68.6396428759852, 42.1702483801404)"
Nov,background,"c(-69.4622806185367, 41.429874411844)"
Nov,background,"c(-69.1332255215161, 41.7589295088646)"
Nov,background,"c(-68.8041704244955, 41.3476106375889)"
Nov,background,"c(-67.5702138106682, 44.0623151880089)"
Nov,background,"c(-69.2977530700264, 42.7460947999264)"
Nov,background,"c(-68.9686979730058, 41.5121381860992)"
Nov,background,"c(-69.7913357155573, 43.568732542478)"
Nov,background,"c(-72.2592489432118, 40.4427091207822)"
Nov,background,"c(-69.4622806185367, 42.6638310256713)"
Nov,background,"c(-69.1332255215161, 41.1008193148234)"
Nov,background,"c(-69.3800168442815, 42.4170397029058)"
Nov,background,"c(-73.2464142342736, 38.8796974099344)"
Nov,background,"c(-68.6396428759852, 41.429874411844)"
Nov,background,"c(-69.2977530700264, 41.3476106375889)"
Nov,background,"c(-68.3928515532197, 43.4864687682228)"
Nov,background,"c(-69.0509617472609, 42.7460947999264)"
Nov,background,"c(-71.3543474264052, 39.6200713782307)"
Nov,background,"c(-68.8041704244955, 42.1702483801404)"
Nov,background,"c(-68.4751153274749, 42.499303477161)"
Nov,background,"c(-70.1203908125779, 42.8283585741816)"
Nov,background,"c(-69.1332255215161, 41.9234570573749)"
Nov,background,"c(-69.1332255215161, 41.429874411844)"
Nov,background,"c(-67.7347413591785, 42.3347759286507)"
Nov,background,"c(-68.6396428759852, 42.3347759286507)"
Nov,background,"c(-68.8864341987506, 42.2525121543955)"
Nov,background,"c(-69.0509617472609, 41.2653468633337)"
Nov,background,"c(-67.1588949393925, 42.2525121543955)"
Nov,background,"c(-69.2154892957712, 42.8283585741816)"
Nov,background,"c(-69.7090719413021, 42.0879846058852)"
Nov,background,"c(-67.981532681944, 42.2525121543955)"
Nov,background,"c(-69.626808167047, 41.6766657346095)"
Nov,background,"c(-70.2849183610882, 40.3604453465271)"
Nov,background,"c(-71.1898198778948, 40.4427091207822)"
Nov,background,"c(-68.9686979730058, 42.3347759286507)"
Nov,background,"c(-69.2154892957712, 41.9234570573749)"
Nov,background,"c(-68.6396428759852, 42.2525121543955)"
Nov,background,"c(-68.8041704244955, 42.4170397029058)"
Nov,background,"c(-68.6396428759852, 43.0751498969471)"
Nov,background,"c(-68.8864341987506, 42.5815672514161)"
Nov,background,"c(-69.7090719413021, 43.568732542478)"
Nov,background,"c(-68.2283240047094, 42.0879846058852)"
Nov,background,"c(-68.8041704244955, 43.2396774454574)"
Nov,background,"c(-68.3105877789646, 41.8411932831198)"
Nov,background,"c(-67.3234224879028, 44.144578962264)"
Nov,background,"c(-69.7090719413021, 42.0057208316301)"
Nov,background,"c(-72.341512717467, 39.4555438297204)"
Nov,background,"c(-68.9686979730058, 41.3476106375889)"
Nov,background,"c(-70.202654586833, 40.4427091207822)"
Nov,background,"c(-68.7219066502403, 42.0057208316301)"
Nov,background,"c(-69.5445443927918, 42.0879846058852)"
Nov,background,"c(-72.2592489432118, 39.4555438297204)"
Nov,background,"c(-70.2849183610882, 42.0057208316301)"
Nov,background,"c(-69.626808167047, 41.8411932831198)"
Nov,background,"c(-68.8864341987506, 42.499303477161)"
Nov,background,"c(-70.202654586833, 42.7460947999264)"
Nov,background,"c(-70.202654586833, 42.9106223484367)"
Nov,background,"c(-72.2592489432118, 40.3604453465271)"
Nov,background,"c(-70.4494459095985, 41.1008193148234)"
Nov,background,"c(-70.6962372323639, 40.6895004435477)"
Nov,background,"c(-68.7219066502403, 40.7717642178028)"
Nov,background,"c(-69.8735994898124, 43.1574136712022)"
Nov,background,"c(-68.6396428759852, 41.9234570573749)"
Nov,background,"c(-69.9558632640676, 42.6638310256713)"
Nov,background,"c(-68.9686979730058, 41.2653468633337)"
Nov,background,"c(-68.3928515532197, 41.7589295088646)"
Nov,background,"c(-69.3800168442815, 41.5121381860992)"
Nov,background,"c(-67.2411587136476, 40.2781815722719)"
Nov,background,"c(-67.4879500364131, 43.8977876394986)"
Nov,background,"c(-72.8350953629979, 40.4427091207822)"
Nov,background,"c(-68.9686979730058, 42.4170397029058)"
Nov,background,"c(-69.626808167047, 41.5121381860992)"
Nov,background,"c(-71.1075561036397, 40.6895004435477)"
Nov,background,"c(-67.5702138106682, 43.1574136712022)"
Nov,background,"c(-69.0509617472609, 41.6766657346095)"
Nov,background,"c(-67.3234224879028, 44.2268427365192)"
Nov,background,"c(-68.7219066502403, 42.4170397029058)"
Nov,background,"c(-69.4622806185367, 41.9234570573749)"
Nov,background,"c(-68.8041704244955, 41.429874411844)"
Nov,background,"c(-72.2592489432118, 39.7023351524859)"
Nov,background,"c(-72.0947213947015, 40.7717642178028)"
Nov,background,"c(-69.4622806185367, 41.8411932831198)"
Nov,background,"c(-68.6396428759852, 42.0879846058852)"
Nov,background,"c(-70.3671821353433, 42.0879846058852)"
Nov,background,"c(-71.27208365215, 39.8668627009962)"
Nov,background,"c(-68.4751153274749, 41.9234570573749)"
Nov,background,"c(-70.6962372323639, 41.0185555405683)"
Nov,background,"c(-71.0252923293846, 40.5249728950374)"
Nov,background,"c(-68.3928515532197, 43.4042049939677)"
Nov,background,"c(-68.0637964561991, 42.0057208316301)"
Nov,background,"c(-71.1075561036397, 41.1830830890786)"
Nov,background,"c(-68.55737910173, 41.6766657346095)"
Nov,background,"c(-68.9686979730058, 42.499303477161)"
Nov,background,"c(-68.6396428759852, 40.7717642178028)"
Nov,background,"c(-67.4879500364131, 42.499303477161)"
Nov,background,"c(-69.626808167047, 42.9106223484367)"
Nov,background,"c(-68.3928515532197, 42.2525121543955)"
Nov,background,"c(-69.7090719413021, 41.8411932831198)"
Nov,background,"c(-68.8864341987506, 41.6766657346095)"
Nov,background,"c(-67.6524775849234, 42.3347759286507)"
Nov,background,"c(-68.8864341987506, 43.0751498969471)"
Nov,background,"c(-69.2154892957712, 41.5121381860992)"
Nov,background,"c(-68.3105877789646, 41.9234570573749)"
Nov,background,"c(-71.1075561036397, 39.784598926741)"
Nov,background,"c(-71.5188749749155, 39.8668627009962)"
Nov,background,"c(-72.4237764917221, 39.6200713782307)"
Nov,background,"c(-67.6524775849234, 43.0751498969471)"
Nov,background,"c(-68.6396428759852, 41.6766657346095)"
Nov,background,"c(-68.8864341987506, 42.1702483801404)"
Nov,background,"c(-68.55737910173, 42.3347759286507)"
Nov,background,"c(-71.0252923293846, 40.7717642178028)"
Nov,background,"c(-72.0124576204464, 40.4427091207822)"
Nov,background,"c(-70.0381270383227, 43.3219412197125)"
Nov,background,"c(-70.6139734581088, 40.4427091207822)"
Nov,background,"c(-69.0509617472609, 41.8411932831198)"
Nov,background,"c(-67.2411587136476, 44.2268427365192)"
Nov,background,"c(-68.1460602304543, 43.4864687682228)"
Nov,background,"c(-72.341512717467, 39.7023351524859)"
Nov,background,"c(-66.1717296483306, 42.1702483801404)"
Nov,background,"c(-69.7913357155573, 42.3347759286507)"
Nov,background,"c(-71.8479300719361, 40.6895004435477)"
Nov,background,"c(-67.4056862621579, 44.2268427365192)"
Nov,background,"c(-67.4056862621579, 42.4170397029058)"
Nov,background,"c(-67.8992689076888, 43.9800514137537)"
Nov,background,"c(-69.8735994898124, 42.2525121543955)"
Nov,background,"c(-68.8041704244955, 43.3219412197125)"
Nov,background,"c(-70.202654586833, 42.0057208316301)"
Nov,background,"c(-69.4622806185367, 42.7460947999264)"
Nov,background,"c(-69.4622806185367, 42.9928861226919)"
Nov,background,"c(-69.7090719413021, 41.5121381860992)"
Nov,background,"c(-69.1332255215161, 41.5944019603543)"
Nov,background,"c(-71.8479300719361, 40.6072366692925)"
Nov,background,"c(-69.3800168442815, 41.7589295088646)"
Nov,background,"c(-72.0947213947015, 40.6072366692925)"
Nov,background,"c(-66.8298398423719, 42.3347759286507)"
Nov,background,"c(-68.2283240047094, 43.4864687682228)"
Nov,background,"c(-66.8298398423719, 44.9672167048155)"
Nov,background,"c(-67.5702138106682, 44.144578962264)"
Nov,background,"c(-70.0381270383227, 42.5815672514161)"
Nov,background,"c(-68.3105877789646, 42.0879846058852)"
Nov,background,"c(-68.7219066502403, 42.3347759286507)"
Nov,background,"c(-68.7219066502403, 42.1702483801404)"
Nov,background,"c(-69.5445443927918, 43.2396774454574)"
Nov,background,"c(-68.3928515532197, 41.5944019603543)"
Nov,background,"c(-68.1460602304543, 41.9234570573749)"
Nov,background,"c(-68.1460602304543, 42.0879846058852)"
Nov,background,"c(-72.1769851689567, 39.4555438297204)"
Nov,background,"c(-70.0381270383227, 43.2396774454574)"
Nov,background,"c(-73.4109417827839, 39.0442249584447)"
Nov,background,"c(-73.1641504600185, 38.9619611841895)"
Nov,background,"c(-69.8735994898124, 42.9928861226919)"
Nov,background,"c(-69.8735994898124, 41.5121381860992)"
Nov,background,"c(-67.4879500364131, 42.2525121543955)"
Nov,background,"c(-70.0381270383227, 42.8283585741816)"
Nov,background,"c(-69.3800168442815, 41.8411932831198)"
Nov,background,"c(-72.1769851689567, 39.5378076039756)"
Nov,background,"c(-69.2977530700264, 41.2653468633337)"
Nov,background,"c(-70.0381270383227, 39.8668627009962)"
Nov,background,"c(-67.4879500364131, 43.1574136712022)"
Nov,background,"c(-68.9686979730058, 42.8283585741816)"
Nov,background,"c(-69.1332255215161, 41.2653468633337)"
Nov,background,"c(-70.9430285551294, 39.6200713782307)"
Nov,background,"c(-68.7219066502403, 43.4042049939677)"
Nov,background,"c(-71.8479300719361, 39.7023351524859)"
Nov,background,"c(-67.1588949393925, 43.9800514137537)"
Nov,background,"c(-72.5060402659773, 39.7023351524859)"
Nov,background,"c(-72.8350953629979, 38.8796974099344)"
Nov,background,"c(-68.8864341987506, 43.3219412197125)"
Nov,background,"c(-72.2592489432118, 39.784598926741)"
Nov,background,"c(-72.0947213947015, 40.1959177980168)"
Nov,background,"c(-67.3234224879028, 42.1702483801404)"
Nov,background,"c(-68.2283240047094, 43.568732542478)"
Nov,background,"c(-68.4751153274749, 43.0751498969471)"
Nov,background,"c(-67.5702138106682, 43.9800514137537)"
Nov,background,"c(-66.4185209710961, 42.2525121543955)"
Nov,background,"c(-70.2849183610882, 41.8411932831198)"
Nov,background,"c(-70.1203908125779, 42.0057208316301)"
Nov,background,"c(-70.2849183610882, 42.0879846058852)"
Nov,background,"c(-68.4751153274749, 43.4864687682228)"
Nov,background,"c(-70.0381270383227, 42.1702483801404)"
Nov,background,"c(-67.4056862621579, 40.3604453465271)"
Nov,background,"c(-69.2977530700264, 42.1702483801404)"
Nov,background,"c(-68.4751153274749, 42.4170397029058)"
Nov,background,"c(-69.8735994898124, 42.0879846058852)"
Nov,background,"c(-69.626808167047, 43.3219412197125)"
Nov,background,"c(-69.1332255215161, 42.7460947999264)"
Nov,background,"c(-69.0509617472609, 42.6638310256713)"
Nov,background,"c(-67.6524775849234, 43.8977876394986)"
Nov,background,"c(-69.2154892957712, 43.1574136712022)"
Nov,background,"c(-69.5445443927918, 41.7589295088646)"
Nov,background,"c(-68.8041704244955, 42.2525121543955)"
Nov,background,"c(-70.202654586833, 40.854027992058)"
Nov,background,"c(-68.3928515532197, 42.0879846058852)"
Nov,background,"c(-68.8864341987506, 42.3347759286507)"
Nov,background,"c(-69.2154892957712, 41.429874411844)"
Nov,background,"c(-67.981532681944, 43.8977876394986)"
Nov,background,"c(-69.2154892957712, 43.2396774454574)"
Nov,background,"c(-67.8170051334337, 42.8283585741816)"
Nov,background,"c(-69.2977530700264, 42.5815672514161)"
Nov,background,"c(-66.7475760681167, 41.1830830890786)"
Nov,background,"c(-69.1332255215161, 42.9928861226919)"
Nov,background,"c(-68.8864341987506, 41.3476106375889)"
Nov,background,"c(-69.2154892957712, 42.9106223484367)"
Nov,background,"c(-70.0381270383227, 42.499303477161)"
Nov,background,"c(-69.2154892957712, 41.2653468633337)"
Nov,background,"c(-69.0509617472609, 42.1702483801404)"
Nov,background,"c(-69.1332255215161, 41.3476106375889)"
Nov,background,"c(-70.8607647808742, 40.6895004435477)"
Nov,background,"c(-68.55737910173, 41.5944019603543)"
Nov,background,"c(-69.7090719413021, 42.5815672514161)"
Nov,background,"c(-69.626808167047, 41.7589295088646)"
Nov,background,"c(-68.9686979730058, 41.1008193148234)"
Nov,background,"c(-71.5188749749155, 40.6895004435477)"
Nov,background,"c(-72.2592489432118, 40.1959177980168)"
Nov,background,"c(-67.6524775849234, 40.2781815722719)"
Nov,background,"c(-69.7913357155573, 41.7589295088646)"
Nov,background,"c(-68.7219066502403, 41.429874411844)"
Nov,background,"c(-67.981532681944, 43.7332600909883)"
Nov,background,"c(-67.8170051334337, 40.3604453465271)"
Nov,background,"c(-71.27208365215, 40.1136540237616)"
Nov,background,"c(-70.4494459095985, 42.3347759286507)"
Nov,background,"c(-70.202654586833, 42.9928861226919)"
Nov,background,"c(-69.1332255215161, 42.1702483801404)"
Nov,background,"c(-69.2154892957712, 42.0879846058852)"
Nov,background,"c(-69.0509617472609, 42.3347759286507)"
Nov,background,"c(-69.626808167047, 42.3347759286507)"
Nov,background,"c(-67.8170051334337, 42.5815672514161)"
Nov,background,"c(-69.7913357155573, 43.6509963167331)"
Nov,background,"c(-71.9301938461912, 40.6895004435477)"
Nov,background,"c(-68.2283240047094, 42.1702483801404)"
Nov,background,"c(-70.3671821353433, 42.4170397029058)"
Nov,background,"c(-71.7656662976809, 40.6895004435477)"
Nov,background,"c(-71.6834025234258, 39.6200713782307)"
Nov,background,"c(-69.4622806185367, 42.0057208316301)"
Nov,background,"c(-68.8864341987506, 42.9106223484367)"
Nov,background,"c(-69.2154892957712, 41.8411932831198)"
Nov,background,"c(-72.2592489432118, 39.8668627009962)"
Nov,background,"c(-70.5317096838536, 42.5815672514161)"
Nov,background,"c(-69.0509617472609, 41.5121381860992)"
Nov,background,"c(-69.3800168442815, 42.9928861226919)"
Nov,background,"c(-68.6396428759852, 42.4170397029058)"
Nov,background,"c(-70.5317096838536, 42.3347759286507)"
Nov,background,"c(-69.4622806185367, 42.8283585741816)"
Nov,background,"c(-68.4751153274749, 43.1574136712022)"
Nov,background,"c(-70.202654586833, 40.6895004435477)"
Nov,background,"c(-69.5445443927918, 43.4864687682228)"
Nov,background,"c(-69.9558632640676, 42.1702483801404)"
Nov,background,"c(-69.5445443927918, 42.0057208316301)"
Nov,background,"c(-68.6396428759852, 41.8411932831198)"
Nov,background,"c(-71.3543474264052, 40.0313902495065)"
Nov,background,"c(-69.4622806185367, 41.5944019603543)"
Nov,background,"c(-66.6653122938615, 45.0494804790707)"
Nov,background,"c(-67.5702138106682, 43.7332600909883)"
Nov,background,"c(-68.7219066502403, 41.3476106375889)"
Nov,background,"c(-70.6139734581088, 40.7717642178028)"
Nov,background,"c(-69.7913357155573, 41.9234570573749)"
Nov,background,"c(-69.2977530700264, 43.2396774454574)"
Nov,background,"c(-70.0381270383227, 42.0879846058852)"
Nov,background,"c(-67.6524775849234, 44.2268427365192)"
Nov,background,"c(-72.5883040402324, 39.5378076039756)"
Nov,background,"c(-72.5060402659773, 39.8668627009962)"
Nov,background,"c(-67.981532681944, 43.3219412197125)"
Nov,background,"c(-68.9686979730058, 41.8411932831198)"
Nov,background,"c(-70.0381270383227, 40.7717642178028)"
Nov,background,"c(-72.6705678144876, 38.9619611841895)"
Nov,background,"c(-70.1203908125779, 43.3219412197125)"
Nov,background,"c(-71.7656662976809, 39.4555438297204)"
Nov,background,"c(-69.2154892957712, 41.1008193148234)"
Nov,background,"c(-68.4751153274749, 41.8411932831198)"
Nov,background,"c(-69.3800168442815, 43.0751498969471)"
Nov,background,"c(-68.3105877789646, 41.7589295088646)"
Nov,background,"c(-69.3800168442815, 42.8283585741816)"
Nov,background,"c(-69.2154892957712, 42.6638310256713)"
Nov,background,"c(-68.9686979730058, 42.9928861226919)"
Nov,background,"c(-69.5445443927918, 42.1702483801404)"
Nov,background,"c(-67.4056862621579, 42.2525121543955)"
Nov,background,"c(-68.8864341987506, 41.5944019603543)"
Nov,background,"c(-69.0509617472609, 42.2525121543955)"
Nov,background,"c(-71.9301938461912, 39.6200713782307)"
Nov,background,"c(-71.8479300719361, 39.784598926741)"
Nov,background,"c(-68.3928515532197, 41.8411932831198)"
Nov,background,"c(-69.2154892957712, 42.499303477161)"
Nov,background,"c(-68.7219066502403, 41.1830830890786)"
Nov,background,"c(-69.9558632640676, 41.9234570573749)"
Nov,background,"c(-67.8992689076888, 42.7460947999264)"
Nov,background,"c(-69.3800168442815, 41.3476106375889)"
Nov,background,"c(-69.626808167047, 41.9234570573749)"
Nov,background,"c(-67.4056862621579, 41.5121381860992)"
Nov,background,"c(-67.8992689076888, 43.8155238652434)"
Nov,background,"c(-68.8864341987506, 41.429874411844)"
Nov,background,"c(-67.1588949393925, 42.4170397029058)"
Nov,background,"c(-72.0124576204464, 40.6072366692925)"
Nov,background,"c(-69.2154892957712, 41.5944019603543)"
Nov,background,"c(-72.5060402659773, 39.3732800554653)"
Nov,background,"c(-68.55737910173, 42.499303477161)"
Nov,background,"c(-69.5445443927918, 41.429874411844)"
Nov,background,"c(-68.3928515532197, 43.8977876394986)"
Nov,background,"c(-70.1203908125779, 42.7460947999264)"
Nov,background,"c(-68.0637964561991, 43.1574136712022)"
Nov,background,"c(-70.0381270383227, 42.3347759286507)"
Nov,background,"c(-70.4494459095985, 40.6072366692925)"
Nov,background,"c(-68.8864341987506, 41.7589295088646)"
Nov,background,"c(-71.6011387491706, 39.7023351524859)"
Nov,background,"c(-68.2283240047094, 42.2525121543955)"
Nov,background,"c(-69.4622806185367, 43.1574136712022)"
Nov,background,"c(-69.9558632640676, 42.2525121543955)"
Nov,background,"c(-69.5445443927918, 43.7332600909883)"
Nov,background,"c(-67.4056862621579, 44.0623151880089)"
Nov,background,"c(-68.7219066502403, 41.6766657346095)"
Nov,background,"c(-70.5317096838536, 40.7717642178028)"
Nov,background,"c(-68.8864341987506, 41.9234570573749)"
Nov,background,"c(-71.1898198778948, 40.6072366692925)"
Nov,background,"c(-69.0509617472609, 41.1830830890786)"
Nov,background,"c(-69.4622806185367, 43.2396774454574)"
Nov,background,"c(-69.8735994898124, 42.7460947999264)"
Nov,background,"c(-67.5702138106682, 44.2268427365192)"
Nov,background,"c(-72.4237764917221, 39.5378076039756)"
Nov,background,"c(-68.3105877789646, 43.568732542478)"
Nov,background,"c(-69.3800168442815, 41.429874411844)"
Nov,background,"c(-69.2977530700264, 42.6638310256713)"
Nov,background,"c(-70.202654586833, 41.1830830890786)"
Nov,background,"c(-67.3234224879028, 40.3604453465271)"
Nov,background,"c(-69.4622806185367, 41.7589295088646)"
Nov,background,"c(-70.3671821353433, 42.2525121543955)"
Nov,background,"c(-71.3543474264052, 39.9491264752513)"
Nov,background,"c(-69.8735994898124, 42.4170397029058)"
Nov,background,"c(-69.7913357155573, 43.4042049939677)"
Nov,background,"c(-69.2154892957712, 41.3476106375889)"
Nov,background,"c(-71.6834025234258, 40.4427091207822)"
Nov,background,"c(-70.9430285551294, 39.7023351524859)"
Nov,background,"c(-70.5317096838536, 42.9928861226919)"
Nov,background,"c(-66.0072020998203, 42.7460947999264)"
Nov,background,"c(-70.6139734581088, 40.3604453465271)"
Nov,background,"c(-68.55737910173, 41.9234570573749)"
Nov,background,"c(-68.55737910173, 43.2396774454574)"
Nov,background,"c(-70.0381270383227, 43.0751498969471)"
Nov,background,"c(-71.8479300719361, 39.9491264752513)"
Nov,background,"c(-68.7219066502403, 41.7589295088646)"
Nov,background,"c(-67.981532681944, 43.1574136712022)"
Nov,background,"c(-68.0637964561991, 43.8977876394986)"
Nov,background,"c(-72.0124576204464, 40.854027992058)"
Nov,background,"c(-69.3800168442815, 41.0185555405683)"
Nov,background,"c(-67.981532681944, 43.9800514137537)"
Nov,background,"c(-69.5445443927918, 42.7460947999264)"
Nov,background,"c(-70.8607647808742, 41.1830830890786)"
Nov,background,"c(-71.6011387491706, 39.6200713782307)"
Nov,background,"c(-71.6834025234258, 39.5378076039756)"
Nov,background,"c(-69.0509617472609, 42.499303477161)"
Nov,background,"c(-72.0947213947015, 40.4427091207822)"
Nov,background,"c(-67.981532681944, 42.0057208316301)"
Nov,background,"c(-69.0509617472609, 41.7589295088646)"
Nov,background,"c(-69.4622806185367, 43.0751498969471)"
Nov,background,"c(-69.5445443927918, 39.7023351524859)"
Nov,background,"c(-68.7219066502403, 42.499303477161)"
Nov,background,"c(-71.5188749749155, 40.854027992058)"
Nov,background,"c(-67.3234224879028, 42.3347759286507)"
Nov,background,"c(-68.3928515532197, 41.5121381860992)"
Nov,background,"c(-68.9686979730058, 42.0057208316301)"
Nov,background,"c(-72.2592489432118, 39.9491264752513)"
Nov,background,"c(-69.2154892957712, 42.1702483801404)"
Nov,background,"c(-71.8479300719361, 39.2910162812101)"
Nov,background,"c(-72.4237764917221, 40.4427091207822)"
Nov,background,"c(-68.4751153274749, 42.3347759286507)"
Nov,background,"c(-69.5445443927918, 41.6766657346095)"
Nov,background,"c(-71.8479300719361, 40.2781815722719)"
Nov,background,"c(-71.8479300719361, 40.4427091207822)"
Nov,background,"c(-69.1332255215161, 43.0751498969471)"
Nov,background,"c(-72.341512717467, 40.7717642178028)"
Nov,background,"c(-66.912103616627, 42.3347759286507)"
Nov,background,"c(-69.1332255215161, 42.5815672514161)"
Nov,background,"c(-70.7785010066191, 40.0313902495065)"
Nov,background,"c(-72.8350953629979, 40.5249728950374)"
Nov,background,"c(-69.8735994898124, 42.0057208316301)"
Nov,background,"c(-69.7913357155573, 43.0751498969471)"
Nov,background,"c(-71.0252923293846, 40.854027992058)"
Nov,background,"c(-69.1332255215161, 40.6072366692925)"
Nov,background,"c(-68.2283240047094, 42.0057208316301)"
Nov,background,"c(-68.4751153274749, 42.0057208316301)"
Nov,background,"c(-68.55737910173, 42.2525121543955)"
Nov,background,"c(-71.1075561036397, 40.5249728950374)"
Nov,background,"c(-72.9996229115082, 39.3732800554653)"
Nov,background,"c(-71.1075561036397, 39.8668627009962)"
Nov,background,"c(-69.8735994898124, 43.3219412197125)"
Nov,background,"c(-69.626808167047, 42.8283585741816)"
Nov,background,"c(-67.4879500364131, 44.144578962264)"
Nov,background,"c(-71.4366112006603, 39.8668627009962)"
Nov,background,"c(-69.7090719413021, 43.1574136712022)"
Nov,background,"c(-69.7913357155573, 42.8283585741816)"
Nov,background,"c(-68.7219066502403, 41.2653468633337)"
Nov,background,"c(-68.55737910173, 42.4170397029058)"
Nov,background,"c(-70.1203908125779, 43.0751498969471)"
Nov,background,"c(-68.3105877789646, 40.4427091207822)"
Nov,background,"c(-67.8992689076888, 43.2396774454574)"
Nov,background,"c(-71.3543474264052, 39.784598926741)"
Nov,background,"c(-68.7219066502403, 42.0879846058852)"
Nov,background,"c(-66.8298398423719, 42.7460947999264)"
Nov,background,"c(-69.7090719413021, 41.9234570573749)"
Nov,background,"c(-71.7656662976809, 39.9491264752513)"
Nov,background,"c(-69.5445443927918, 42.3347759286507)"
Nov,background,"c(-69.7913357155573, 42.0057208316301)"
Nov,background,"c(-72.0124576204464, 39.6200713782307)"
Nov,background,"c(-69.8735994898124, 42.499303477161)"
Nov,background,"c(-69.0509617472609, 42.4170397029058)"
Nov,background,"c(-71.6834025234258, 40.854027992058)"
Nov,background,"c(-69.2154892957712, 42.5815672514161)"
Nov,background,"c(-66.5007847453512, 42.4170397029058)"
Nov,background,"c(-72.341512717467, 39.208752506955)"
Nov,background,"c(-68.7219066502403, 43.2396774454574)"
Nov,background,"c(-67.6524775849234, 43.1574136712022)"
Nov,background,"c(-71.7656662976809, 40.1136540237616)"
Nov,background,"c(-71.7656662976809, 40.0313902495065)"
Nov,background,"c(-69.5445443927918, 42.9106223484367)"
Nov,background,"c(-67.6524775849234, 42.1702483801404)"
Nov,background,"c(-67.7347413591785, 40.2781815722719)"
Nov,background,"c(-72.4237764917221, 39.9491264752513)"
Nov,background,"c(-69.9558632640676, 42.8283585741816)"
Nov,background,"c(-68.6396428759852, 42.9928861226919)"
Nov,background,"c(-68.4751153274749, 41.7589295088646)"
Nov,background,"c(-73.2464142342736, 39.0442249584447)"
Nov,background,"c(-70.1203908125779, 42.9928861226919)"
Nov,background,"c(-69.2154892957712, 43.568732542478)"
Nov,background,"c(-69.3800168442815, 42.6638310256713)"
Nov,background,"c(-67.0766311651373, 45.0494804790707)"
Nov,background,"c(-69.7913357155573, 42.2525121543955)"
Nov,background,"c(-72.2592489432118, 39.3732800554653)"
Nov,background,"c(-69.1332255215161, 41.5121381860992)"
Nov,background,"c(-68.9686979730058, 41.7589295088646)"
Nov,background,"c(-69.1332255215161, 42.4170397029058)"
Nov,background,"c(-72.7528315887427, 39.208752506955)"
Nov,background,"c(-70.3671821353433, 43.1574136712022)"
Nov,background,"c(-67.5702138106682, 43.8977876394986)"
Nov,background,"c(-69.5445443927918, 41.9234570573749)"
Nov,background,"c(-67.7347413591785, 42.5815672514161)"
Nov,background,"c(-69.0509617472609, 43.1574136712022)"
Nov,background,"c(-68.7219066502403, 43.3219412197125)"
Nov,background,"c(-68.7219066502403, 43.0751498969471)"
Nov,background,"c(-69.8735994898124, 41.9234570573749)"
Nov,background,"c(-68.55737910173, 43.568732542478)"
Nov,background,"c(-69.4622806185367, 42.4170397029058)"
Nov,background,"c(-68.8864341987506, 41.2653468633337)"
Nov,background,"c(-69.4622806185367, 41.5121381860992)"
Nov,background,"c(-68.3928515532197, 41.6766657346095)"
Nov,background,"c(-69.3800168442815, 42.5815672514161)"
Nov,background,"c(-72.2592489432118, 40.7717642178028)"
Nov,background,"c(-68.4751153274749, 42.2525121543955)"
Nov,background,"c(-69.9558632640676, 42.5815672514161)"
Nov,background,"c(-66.7475760681167, 40.6072366692925)"
Nov,background,"c(-68.1460602304543, 43.8977876394986)"
Nov,background,"c(-69.7913357155573, 42.9106223484367)"
Nov,background,"c(-67.8170051334337, 43.568732542478)"
Nov,background,"c(-69.7913357155573, 42.0879846058852)"
Nov,background,"c(-70.6962372323639, 40.6072366692925)"
Nov,background,"c(-66.4185209710961, 44.6381616077949)"
Nov,background,"c(-68.1460602304543, 43.568732542478)"
Nov,background,"c(-70.8607647808742, 40.6072366692925)"
Nov,background,"c(-68.4751153274749, 43.4042049939677)"
Nov,background,"c(-68.8041704244955, 42.3347759286507)"
Nov,background,"c(-67.3234224879028, 44.0623151880089)"
Nov,background,"c(-69.3800168442815, 43.3219412197125)"
Nov,background,"c(-67.1588949393925, 44.3091065107743)"
Nov,background,"c(-68.9686979730058, 41.429874411844)"
Nov,background,"c(-66.912103616627, 42.4170397029058)"
Nov,background,"c(-67.7347413591785, 42.0057208316301)"
Nov,background,"c(-67.8170051334337, 43.8155238652434)"
Nov,background,"c(-67.3234224879028, 42.2525121543955)"
Nov,background,"c(-69.1332255215161, 41.1830830890786)"
Nov,background,"c(-67.7347413591785, 43.2396774454574)"
Nov,background,"c(-69.626808167047, 42.6638310256713)"
Nov,background,"c(-71.27208365215, 41.1008193148234)"
Nov,background,"c(-68.6396428759852, 43.568732542478)"
Nov,background,"c(-72.5883040402324, 39.9491264752513)"
Nov,background,"c(-69.7090719413021, 42.8283585741816)"
Nov,background,"c(-69.7090719413021, 42.3347759286507)"
Nov,background,"c(-67.4056862621579, 43.9800514137537)"
Nov,background,"c(-69.0509617472609, 43.4864687682228)"
Nov,background,"c(-69.2977530700264, 41.9234570573749)"
Nov,background,"c(-69.3800168442815, 42.3347759286507)"
Nov,background,"c(-68.4751153274749, 41.6766657346095)"
Nov,background,"c(-72.0124576204464, 39.3732800554653)"
Nov,background,"c(-66.8298398423719, 43.9800514137537)"
Nov,background,"c(-68.8041704244955, 40.4427091207822)"
Nov,background,"c(-69.4622806185367, 42.0879846058852)"
Nov,background,"c(-67.3234224879028, 43.8155238652434)"
Nov,background,"c(-68.7219066502403, 41.5121381860992)"
Nov,background,"c(-70.7785010066191, 40.5249728950374)"
Nov,background,"c(-68.6396428759852, 42.0057208316301)"
Nov,background,"c(-68.3105877789646, 42.0057208316301)"
Nov,background,"c(-71.8479300719361, 39.5378076039756)"
Nov,background,"c(-69.9558632640676, 42.499303477161)"
Nov,background,"c(-68.2283240047094, 40.4427091207822)"
Nov,background,"c(-69.7090719413021, 41.7589295088646)"
Nov,background,"c(-70.4494459095985, 40.4427091207822)"
Nov,background,"c(-69.7913357155573, 40.7717642178028)"
Nov,background,"c(-69.626808167047, 43.0751498969471)"
Nov,background,"c(-67.7347413591785, 42.9928861226919)"
Nov,background,"c(-69.0509617472609, 41.429874411844)"
Nov,background,"c(-72.0947213947015, 39.6200713782307)"
Nov,background,"c(-67.5702138106682, 42.0879846058852)"
Nov,background,"c(-69.2977530700264, 41.5944019603543)"
Nov,background,"c(-68.55737910173, 42.1702483801404)"
Nov,background,"c(-71.0252923293846, 39.7023351524859)"
Nov,background,"c(-69.5445443927918, 41.8411932831198)"
Nov,background,"c(-67.5702138106682, 43.8155238652434)"
Nov,background,"c(-66.0072020998203, 42.0879846058852)"
Nov,background,"c(-71.5188749749155, 40.0313902495065)"
Nov,background,"c(-70.2849183610882, 42.7460947999264)"
Nov,background,"c(-72.917359137253, 39.2910162812101)"
Nov,background,"c(-68.3928515532197, 42.0057208316301)"
Nov,background,"c(-69.3800168442815, 40.7717642178028)"
Nov,background,"c(-68.0637964561991, 43.9800514137537)"
Nov,background,"c(-72.2592489432118, 40.6072366692925)"
Nov,background,"c(-68.55737910173, 43.4042049939677)"
Nov,background,"c(-69.2977530700264, 42.0879846058852)"
Nov,background,"c(-69.3800168442815, 43.4864687682228)"
Nov,background,"c(-68.6396428759852, 41.3476106375889)"
Nov,background,"c(-68.1460602304543, 42.1702483801404)"
Nov,background,"c(-69.7090719413021, 42.499303477161)"
Nov,background,"c(-68.9686979730058, 41.1830830890786)"
Nov,background,"c(-68.8864341987506, 42.9928861226919)"
Nov,background,"c(-66.5007847453512, 44.7204253820501)"
Nov,background,"c(-66.7475760681167, 42.3347759286507)"
Nov,background,"c(-70.1203908125779, 40.854027992058)"
Nov,background,"c(-69.626808167047, 42.9928861226919)"
Nov,background,"c(-69.3800168442815, 41.5944019603543)"
Nov,background,"c(-70.202654586833, 43.4864687682228)"
Nov,background,"c(-68.9686979730058, 42.5815672514161)"
Nov,background,"c(-67.7347413591785, 42.9106223484367)"
Nov,background,"c(-69.8735994898124, 42.3347759286507)"
Nov,background,"c(-69.1332255215161, 42.8283585741816)"
Nov,background,"c(-71.4366112006603, 39.6200713782307)"
Nov,background,"c(-69.5445443927918, 41.5121381860992)"
Nov,background,"c(-69.626808167047, 42.0057208316301)"
Nov,background,"c(-67.8992689076888, 42.9106223484367)"
Nov,background,"c(-68.7219066502403, 42.2525121543955)"
Nov,background,"c(-69.4622806185367, 41.6766657346095)"
Nov,background,"c(-70.202654586833, 43.0751498969471)"
Nov,background,"c(-69.2977530700264, 42.4170397029058)"
Nov,background,"c(-70.1203908125779, 41.1830830890786)"
Nov,background,"c(-69.2977530700264, 41.7589295088646)"
Nov,background,"c(-71.27208365215, 40.3604453465271)"
Nov,background,"c(-69.2154892957712, 41.1830830890786)"
Nov,background,"c(-68.4751153274749, 43.3219412197125)"
Nov,background,"c(-68.3928515532197, 42.499303477161)"
Nov,background,"c(-68.4751153274749, 41.429874411844)"
Nov,background,"c(-69.3800168442815, 42.7460947999264)"
Nov,background,"c(-67.4879500364131, 42.9106223484367)"
Nov,background,"c(-71.5188749749155, 39.9491264752513)"
Nov,background,"c(-72.5060402659773, 40.0313902495065)"
Nov,background,"c(-70.8607647808742, 41.1008193148234)"
Nov,background,"c(-66.8298398423719, 40.5249728950374)"
Nov,background,"c(-68.0637964561991, 42.0879846058852)"
Nov,background,"c(-69.2977530700264, 42.9106223484367)"
Nov,background,"c(-70.1203908125779, 40.7717642178028)"
Nov,background,"c(-72.5883040402324, 40.6072366692925)"
Nov,background,"c(-68.7219066502403, 43.4864687682228)"
Nov,background,"c(-72.0947213947015, 40.0313902495065)"
Nov,background,"c(-70.4494459095985, 43.0751498969471)"
Nov,background,"c(-67.8992689076888, 44.0623151880089)"
Nov,background,"c(-70.202654586833, 40.7717642178028)"
Nov,background,"c(-70.5317096838536, 40.854027992058)"
Nov,background,"c(-69.7090719413021, 41.6766657346095)"
Nov,background,"c(-68.8041704244955, 41.1830830890786)"
Nov,background,"c(-67.981532681944, 43.0751498969471)"
Nov,background,"c(-70.8607647808742, 39.7023351524859)"
Nov,background,"c(-69.0509617472609, 41.3476106375889)"
Nov,background,"c(-67.5702138106682, 41.429874411844)"
Nov,background,"c(-72.4237764917221, 39.1264887326998)"
Nov,background,"c(-72.4237764917221, 40.5249728950374)"
Nov,background,"c(-69.0509617472609, 41.9234570573749)"
Nov,background,"c(-67.5702138106682, 42.5815672514161)"
Nov,background,"c(-69.9558632640676, 42.0879846058852)"
Nov,background,"c(-71.1075561036397, 41.0185555405683)"
Nov,background,"c(-67.8170051334337, 42.9928861226919)"
Nov,background,"c(-71.4366112006603, 41.0185555405683)"
Nov,background,"c(-68.9686979730058, 41.9234570573749)"
Nov,background,"c(-69.1332255215161, 42.499303477161)"
Nov,background,"c(-68.8041704244955, 41.8411932831198)"
Nov,background,"c(-68.3105877789646, 42.1702483801404)"
Nov,background,"c(-68.1460602304543, 43.8155238652434)"
Nov,background,"c(-68.3928515532197, 43.2396774454574)"
Nov,background,"c(-70.3671821353433, 42.9928861226919)"
Nov,background,"c(-69.626808167047, 42.2525121543955)"
Nov,background,"c(-68.2283240047094, 42.499303477161)"
Nov,background,"c(-69.2977530700264, 43.1574136712022)"
Nov,background,"c(-70.4494459095985, 40.9362917663131)"
Nov,background,"c(-69.7090719413021, 42.2525121543955)"
Nov,background,"c(-69.1332255215161, 42.3347759286507)"
Nov,background,"c(-69.3800168442815, 42.9106223484367)"
Nov,background,"c(-66.912103616627, 44.3091065107743)"
Nov,background,"c(-68.7219066502403, 43.568732542478)"
Nov,background,"c(-69.9558632640676, 42.7460947999264)"
Nov,background,"c(-69.2977530700264, 42.9928861226919)"
Nov,background,"c(-71.4366112006603, 40.7717642178028)"
Nov,background,"c(-70.4494459095985, 42.4170397029058)"
Nov,background,"c(-72.8350953629979, 39.208752506955)"
Nov,background,"c(-69.7090719413021, 42.9928861226919)"
Nov,background,"c(-68.0637964561991, 42.1702483801404)"
Nov,background,"c(-70.0381270383227, 43.1574136712022)"
Nov,background,"c(-66.6653122938615, 44.7204253820501)"
Nov,background,"c(-70.8607647808742, 40.4427091207822)"
Nov,background,"c(-72.8350953629979, 38.9619611841895)"
Nov,background,"c(-69.7913357155573, 41.429874411844)"
Nov,background,"c(-71.6011387491706, 39.8668627009962)"
Nov,background,"c(-72.341512717467, 39.3732800554653)"
Nov,background,"c(-67.8170051334337, 44.0623151880089)"
Nov,background,"c(-67.5702138106682, 41.2653468633337)"
Nov,background,"c(-69.1332255215161, 41.8411932831198)"
Nov,background,"c(-69.7913357155573, 42.6638310256713)"
Nov,background,"c(-67.8992689076888, 43.8977876394986)"
Nov,background,"c(-69.7090719413021, 43.3219412197125)"
Nov,background,"c(-68.3105877789646, 43.3219412197125)"
Nov,background,"c(-68.3928515532197, 42.8283585741816)"
Nov,background,"c(-68.7219066502403, 41.9234570573749)"
Nov,background,"c(-67.981532681944, 42.499303477161)"
Nov,background,"c(-69.5445443927918, 41.5944019603543)"
Nov,background,"c(-72.7528315887427, 38.8796974099344)"
Nov,background,"c(-69.2977530700264, 42.3347759286507)"
Dec,presence,"c(-68.852783, 41.919117)"
Dec,presence,"c(-69.28916, 42.70402)"
Dec,presence,"c(-68.359383, 43.229935)"
Dec,presence,"c(-67.74275, 43.05102)"
Dec,presence,"c(-68.33276, 43.62365)"
Dec,presence,"c(-68.10073, 41.95881)"
Dec,presence,"c(-70.25047, 40.38786)"
Dec,presence,"c(-68.23775, 43.38617)"
Dec,presence,"c(-69.98528, 42.52166)"
Dec,presence,"c(-68.76386, 42.17264)"
Dec,presence,"c(-68.4398, 43.29298)"
Dec,background,"c(-69.9558632640676, 42.8283585741816)"
Dec,background,"c(-68.0637964561991, 42.1702483801404)"
Dec,background,"c(-67.8170051334337, 42.4170397029058)"
Dec,background,"c(-67.8170051334337, 43.9800514137537)"
Dec,background,"c(-69.1332255215161, 42.0879846058852)"
Dec,background,"c(-71.7656662976809, 40.5249728950374)"
Dec,background,"c(-72.5060402659773, 39.8668627009962)"
Dec,background,"c(-69.2977530700264, 42.8283585741816)"
Dec,background,"c(-68.3105877789646, 43.568732542478)"
Dec,background,"c(-68.8041704244955, 42.2525121543955)"
Dec,background,"c(-73.2464142342736, 38.9619611841895)"
Dec,background,"c(-69.2154892957712, 42.7460947999264)"
Dec,background,"c(-68.8864341987506, 42.9106223484367)"
Dec,background,"c(-68.1460602304543, 42.0057208316301)"
Dec,background,"c(-72.4237764917221, 40.4427091207822)"
Dec,background,"c(-68.3105877789646, 42.1702483801404)"
Dec,background,"c(-69.2154892957712, 41.9234570573749)"
Dec,background,"c(-69.3800168442815, 41.2653468633337)"
Dec,background,"c(-69.7090719413021, 41.5944019603543)"
Dec,background,"c(-69.4622806185367, 43.0751498969471)"
Dec,background,"c(-68.7219066502403, 42.3347759286507)"
Dec,background,"c(-71.8479300719361, 39.9491264752513)"
Dec,background,"c(-68.3928515532197, 41.5121381860992)"
Dec,background,"c(-69.8735994898124, 41.9234570573749)"
Dec,background,"c(-68.3105877789646, 42.0879846058852)"
Dec,background,"c(-69.5445443927918, 42.0057208316301)"
Dec,background,"c(-69.3800168442815, 42.1702483801404)"
Dec,background,"c(-68.3928515532197, 43.8155238652434)"
Dec,background,"c(-69.3800168442815, 41.429874411844)"
Dec,background,"c(-69.0509617472609, 42.4170397029058)"
Dec,background,"c(-69.0509617472609, 42.499303477161)"
Dec,background,"c(-72.341512717467, 39.4555438297204)"
Dec,background,"c(-72.2592489432118, 40.4427091207822)"
Dec,background,"c(-69.4622806185367, 41.9234570573749)"
Dec,background,"c(-69.0509617472609, 41.1830830890786)"
Dec,background,"c(-68.55737910173, 41.1008193148234)"
Dec,background,"c(-69.2154892957712, 41.1830830890786)"
Dec,background,"c(-69.2977530700264, 43.3219412197125)"
Dec,background,"c(-69.0509617472609, 41.9234570573749)"
Dec,background,"c(-68.0637964561991, 43.6509963167331)"
Dec,background,"c(-68.8041704244955, 42.499303477161)"
Dec,background,"c(-69.4622806185367, 43.2396774454574)"
Dec,background,"c(-69.1332255215161, 42.5815672514161)"
Dec,background,"c(-69.0509617472609, 41.8411932831198)"
Dec,background,"c(-69.2977530700264, 42.6638310256713)"
Dec,background,"c(-69.7090719413021, 41.6766657346095)"
Dec,background,"c(-67.5702138106682, 44.144578962264)"
Dec,background,"c(-69.7913357155573, 43.6509963167331)"
Dec,background,"c(-72.341512717467, 39.7023351524859)"
Dec,background,"c(-68.55737910173, 41.8411932831198)"
Dec,background,"c(-68.3928515532197, 43.6509963167331)"
Dec,background,"c(-69.626808167047, 43.2396774454574)"
Dec,background,"c(-70.3671821353433, 41.1008193148234)"
Dec,background,"c(-66.3362571968409, 44.7204253820501)"
Dec,background,"c(-70.202654586833, 43.2396774454574)"
Dec,background,"c(-71.7656662976809, 39.4555438297204)"
Dec,background,"c(-68.3928515532197, 42.499303477161)"
Dec,background,"c(-69.2977530700264, 41.7589295088646)"
Dec,background,"c(-67.4879500364131, 42.1702483801404)"
Dec,background,"c(-67.4879500364131, 42.9106223484367)"
Dec,background,"c(-67.6524775849234, 43.4042049939677)"
Dec,background,"c(-69.2154892957712, 41.429874411844)"
Dec,background,"c(-67.6524775849234, 42.1702483801404)"
Dec,background,"c(-68.2283240047094, 42.3347759286507)"
Dec,background,"c(-68.9686979730058, 42.4170397029058)"
Dec,background,"c(-68.9686979730058, 39.8668627009962)"
Dec,background,"c(-68.8864341987506, 42.8283585741816)"
Dec,background,"c(-68.3928515532197, 42.9106223484367)"
Dec,background,"c(-72.9996229115082, 39.3732800554653)"
Dec,background,"c(-65.5136194542894, 42.9928861226919)"
Dec,background,"c(-69.2977530700264, 42.0057208316301)"
Dec,background,"c(-69.7913357155573, 42.7460947999264)"
Dec,background,"c(-69.0509617472609, 42.2525121543955)"
Dec,background,"c(-69.7090719413021, 41.7589295088646)"
Dec,background,"c(-68.6396428759852, 41.9234570573749)"
Dec,background,"c(-68.8864341987506, 41.3476106375889)"
Dec,background,"c(-69.626808167047, 41.7589295088646)"
Dec,background,"c(-70.7785010066191, 40.3604453465271)"
Dec,background,"c(-68.4751153274749, 41.8411932831198)"
Dec,background,"c(-68.9686979730058, 42.0057208316301)"
Dec,background,"c(-69.7913357155573, 42.4170397029058)"
Dec,background,"c(-73.2464142342736, 39.1264887326998)"
Dec,background,"c(-69.0509617472609, 41.5121381860992)"
Dec,background,"c(-71.4366112006603, 40.3604453465271)"
Dec,background,"c(-71.6834025234258, 39.7023351524859)"
Dec,background,"c(-69.5445443927918, 41.7589295088646)"
Dec,background,"c(-69.3800168442815, 43.0751498969471)"
Dec,background,"c(-67.4056862621579, 44.0623151880089)"
Dec,background,"c(-67.6524775849234, 42.9928861226919)"
Dec,background,"c(-69.0509617472609, 42.3347759286507)"
Dec,background,"c(-70.1203908125779, 42.2525121543955)"
Dec,background,"c(-69.5445443927918, 41.9234570573749)"
Dec,background,"c(-68.7219066502403, 42.1702483801404)"
Dec,background,"c(-73.0818866857633, 38.8796974099344)"
Dec,background,"c(-69.2977530700264, 41.5121381860992)"
Dec,background,"c(-67.5702138106682, 44.0623151880089)"
Dec,background,"c(-69.4622806185367, 42.6638310256713)"
Dec,background,"c(-68.8041704244955, 42.0057208316301)"
Dec,background,"c(-69.8735994898124, 43.1574136712022)"
Dec,background,"c(-68.3928515532197, 42.2525121543955)"
Dec,background,"c(-67.6524775849234, 43.1574136712022)"
Dec,background,"c(-71.5188749749155, 40.3604453465271)"
Dec,background,"c(-72.341512717467, 39.2910162812101)"
Dec,background,"c(-68.55737910173, 42.499303477161)"
Dec,background,"c(-72.2592489432118, 39.8668627009962)"
Dec,background,"c(-69.4622806185367, 41.5944019603543)"
Dec,background,"c(-69.1332255215161, 41.3476106375889)"
Dec,background,"c(-72.8350953629979, 39.208752506955)"
Dec,background,"c(-67.7347413591785, 43.2396774454574)"
Dec,background,"c(-68.9686979730058, 41.2653468633337)"
Dec,background,"c(-68.55737910173, 42.2525121543955)"
Dec,background,"c(-69.4622806185367, 42.8283585741816)"
Dec,background,"c(-71.27208365215, 40.4427091207822)"
Dec,background,"c(-68.8041704244955, 41.429874411844)"
Dec,background,"c(-70.6962372323639, 39.9491264752513)"
Dec,background,"c(-69.7913357155573, 41.9234570573749)"
Dec,background,"c(-69.8735994898124, 43.3219412197125)"
Dec,background,"c(-72.0124576204464, 39.6200713782307)"
Dec,background,"c(-70.0381270383227, 42.9106223484367)"
Dec,background,"c(-70.0381270383227, 42.5815672514161)"
Dec,background,"c(-72.0124576204464, 40.1136540237616)"
Dec,background,"c(-71.6834025234258, 40.7717642178028)"
Dec,background,"c(-69.2977530700264, 42.3347759286507)"
Dec,background,"c(-69.3800168442815, 41.5944019603543)"
Dec,background,"c(-72.2592489432118, 39.784598926741)"
Dec,background,"c(-68.7219066502403, 41.5121381860992)"
Dec,background,"c(-69.626808167047, 42.9928861226919)"
Dec,background,"c(-69.626808167047, 41.5944019603543)"
Dec,background,"c(-69.0509617472609, 42.0057208316301)"
Dec,background,"c(-70.202654586833, 42.5815672514161)"
Dec,background,"c(-69.1332255215161, 42.7460947999264)"
Dec,background,"c(-71.27208365215, 40.7717642178028)"
Dec,background,"c(-71.8479300719361, 39.5378076039756)"
Dec,background,"c(-67.3234224879028, 42.0879846058852)"
Dec,background,"c(-69.5445443927918, 41.5944019603543)"
Dec,background,"c(-70.3671821353433, 41.9234570573749)"
Dec,background,"c(-67.8170051334337, 42.0879846058852)"
Dec,background,"c(-69.2977530700264, 41.5944019603543)"
Dec,background,"c(-68.8041704244955, 42.4170397029058)"
Dec,background,"c(-70.5317096838536, 40.9362917663131)"
Dec,background,"c(-71.6011387491706, 39.8668627009962)"
Dec,background,"c(-68.4751153274749, 43.3219412197125)"
Dec,background,"c(-68.8864341987506, 41.1830830890786)"
Dec,background,"c(-69.2977530700264, 42.0879846058852)"
Dec,background,"c(-67.7347413591785, 43.568732542478)"
Dec,background,"c(-68.6396428759852, 42.9928861226919)"
Dec,background,"c(-68.9686979730058, 41.3476106375889)"
Dec,background,"c(-68.8864341987506, 41.429874411844)"
Dec,background,"c(-71.4366112006603, 41.1830830890786)"
Dec,background,"c(-67.8992689076888, 42.9106223484367)"
Dec,background,"c(-68.7219066502403, 41.9234570573749)"
Dec,background,"c(-68.6396428759852, 41.7589295088646)"
Dec,background,"c(-68.4751153274749, 42.3347759286507)"
Dec,background,"c(-70.9430285551294, 41.0185555405683)"
Dec,background,"c(-70.2849183610882, 42.0879846058852)"
Dec,background,"c(-69.2154892957712, 41.5121381860992)"
Dec,background,"c(-68.3928515532197, 43.2396774454574)"
Dec,background,"c(-69.4622806185367, 41.8411932831198)"
Dec,background,"c(-71.7656662976809, 40.2781815722719)"
Dec,background,"c(-72.7528315887427, 40.6895004435477)"
Dec,background,"c(-68.3928515532197, 42.0879846058852)"
Dec,background,"c(-71.4366112006603, 39.8668627009962)"
Dec,background,"c(-67.6524775849234, 42.0879846058852)"
Dec,background,"c(-66.5830485196064, 43.2396774454574)"
Dec,background,"c(-70.0381270383227, 40.7717642178028)"
Dec,background,"c(-68.7219066502403, 42.0057208316301)"
Dec,background,"c(-71.4366112006603, 40.4427091207822)"
Dec,background,"c(-70.3671821353433, 40.6072366692925)"
Dec,background,"c(-68.8864341987506, 41.7589295088646)"
Dec,background,"c(-68.8864341987506, 42.5815672514161)"
Dec,background,"c(-68.6396428759852, 42.3347759286507)"
Dec,background,"c(-70.2849183610882, 40.9362917663131)"
Dec,background,"c(-68.1460602304543, 41.9234570573749)"
Dec,background,"c(-68.55737910173, 43.4042049939677)"
Dec,background,"c(-69.9558632640676, 43.0751498969471)"
Dec,background,"c(-70.6139734581088, 42.2525121543955)"
Dec,background,"c(-69.0509617472609, 42.7460947999264)"
Dec,background,"c(-67.8170051334337, 43.8977876394986)"
Dec,background,"c(-68.3105877789646, 41.5121381860992)"
Dec,background,"c(-68.1460602304543, 43.4042049939677)"
Dec,background,"c(-68.3105877789646, 41.8411932831198)"
Dec,background,"c(-69.626808167047, 42.8283585741816)"
Dec,background,"c(-69.1332255215161, 42.1702483801404)"
Dec,background,"c(-68.6396428759852, 42.2525121543955)"
Dec,background,"c(-68.55737910173, 42.1702483801404)"
Dec,background,"c(-69.0509617472609, 41.2653468633337)"
Dec,background,"c(-70.1203908125779, 42.9928861226919)"
Dec,background,"c(-68.3105877789646, 41.7589295088646)"
Dec,background,"c(-70.0381270383227, 43.4864687682228)"
Dec,background,"c(-69.2154892957712, 41.1008193148234)"
Dec,background,"c(-68.55737910173, 42.0879846058852)"
Dec,background,"c(-69.8735994898124, 42.4170397029058)"
Dec,background,"c(-67.0766311651373, 40.6072366692925)"
Dec,background,"c(-69.0509617472609, 41.1008193148234)"
Dec,background,"c(-71.9301938461912, 40.1136540237616)"
Dec,background,"c(-68.9686979730058, 41.6766657346095)"
Dec,background,"c(-72.0124576204464, 39.784598926741)"
Dec,background,"c(-68.9686979730058, 42.2525121543955)"
Dec,background,"c(-67.1588949393925, 43.9800514137537)"
Dec,background,"c(-68.55737910173, 43.3219412197125)"
Dec,background,"c(-67.7347413591785, 41.5121381860992)"
Dec,background,"c(-70.8607647808742, 41.2653468633337)"
Dec,background,"c(-68.6396428759852, 42.1702483801404)"
Dec,background,"c(-68.8864341987506, 42.3347759286507)"
Dec,background,"c(-72.7528315887427, 39.208752506955)"
Dec,background,"c(-69.1332255215161, 41.8411932831198)"
Dec,background,"c(-71.0252923293846, 40.9362917663131)"
Dec,background,"c(-71.8479300719361, 40.2781815722719)"
Dec,background,"c(-72.6705678144876, 39.4555438297204)"
Dec,background,"c(-72.6705678144876, 38.9619611841895)"
Dec,background,"c(-68.8041704244955, 42.5815672514161)"
Dec,background,"c(-69.2154892957712, 41.2653468633337)"
Dec,background,"c(-71.7656662976809, 39.784598926741)"
Dec,background,"c(-69.7913357155573, 42.3347759286507)"
Dec,background,"c(-71.9301938461912, 40.5249728950374)"
Dec,background,"c(-68.8041704244955, 43.2396774454574)"
Dec,background,"c(-71.8479300719361, 39.6200713782307)"
Dec,background,"c(-70.1203908125779, 43.1574136712022)"
Dec,background,"c(-68.3928515532197, 42.1702483801404)"
Dec,background,"c(-66.7475760681167, 44.144578962264)"
Dec,background,"c(-70.3671821353433, 42.4170397029058)"
Dec,background,"c(-68.3928515532197, 41.8411932831198)"
Dec,background,"c(-69.626808167047, 41.8411932831198)"
Dec,background,"c(-67.8170051334337, 44.0623151880089)"
Dec,background,"c(-68.4751153274749, 41.9234570573749)"
Dec,background,"c(-68.9686979730058, 42.9928861226919)"
Dec,background,"c(-68.8041704244955, 41.9234570573749)"
Dec,background,"c(-69.2977530700264, 41.1830830890786)"
Dec,background,"c(-70.202654586833, 40.6895004435477)"
Dec,background,"c(-69.1332255215161, 42.499303477161)"
Dec,background,"c(-72.341512717467, 39.6200713782307)"
Dec,background,"c(-66.4185209710961, 42.2525121543955)"
Dec,background,"c(-69.1332255215161, 42.3347759286507)"
Dec,background,"c(-68.4751153274749, 42.2525121543955)"
Dec,background,"c(-68.9686979730058, 42.8283585741816)"
Dec,background,"c(-66.6653122938615, 42.2525121543955)"
Dec,background,"c(-69.2977530700264, 42.1702483801404)"
Dec,background,"c(-70.1203908125779, 42.4170397029058)"
Dec,background,"c(-71.6011387491706, 39.7023351524859)"
Dec,background,"c(-66.8298398423719, 43.9800514137537)"
Dec,background,"c(-66.5830485196064, 42.2525121543955)"
Dec,background,"c(-69.2977530700264, 41.9234570573749)"
Dec,background,"c(-68.8041704244955, 41.8411932831198)"
Dec,background,"c(-71.0252923293846, 39.7023351524859)"
Dec,background,"c(-71.0252923293846, 40.1959177980168)"
Dec,background,"c(-69.8735994898124, 42.6638310256713)"
Dec,background,"c(-68.6396428759852, 41.8411932831198)"
Dec,background,"c(-69.2154892957712, 41.3476106375889)"
Dec,background,"c(-67.6524775849234, 44.2268427365192)"
Dec,background,"c(-68.3105877789646, 43.6509963167331)"
Dec,background,"c(-71.5188749749155, 41.1008193148234)"
Dec,background,"c(-68.4751153274749, 41.5944019603543)"
Dec,background,"c(-68.7219066502403, 41.5944019603543)"
Dec,background,"c(-69.8735994898124, 43.0751498969471)"
Dec,background,"c(-66.8298398423719, 42.2525121543955)"
Dec,background,"c(-68.0637964561991, 42.0879846058852)"
Dec,background,"c(-68.55737910173, 40.9362917663131)"
Dec,background,"c(-69.3800168442815, 41.7589295088646)"
Dec,background,"c(-68.6396428759852, 41.6766657346095)"
Dec,background,"c(-69.4622806185367, 41.429874411844)"
Dec,background,"c(-70.6139734581088, 40.7717642178028)"
Dec,background,"c(-72.9996229115082, 39.8668627009962)"
Dec,background,"c(-68.4751153274749, 41.7589295088646)"
Dec,background,"c(-71.1075561036397, 39.8668627009962)"
Dec,background,"c(-69.2977530700264, 41.429874411844)"
Dec,background,"c(-69.3800168442815, 41.6766657346095)"
Dec,background,"c(-70.202654586833, 41.2653468633337)"
Dec,background,"c(-68.0637964561991, 43.9800514137537)"
Dec,background,"c(-69.7090719413021, 41.8411932831198)"
Dec,background,"c(-72.341512717467, 39.3732800554653)"
Dec,background,"c(-70.0381270383227, 42.2525121543955)"
Dec,background,"c(-69.1332255215161, 41.7589295088646)"
Dec,background,"c(-69.8735994898124, 42.3347759286507)"
Dec,background,"c(-68.1460602304543, 43.6509963167331)"
Dec,background,"c(-69.1332255215161, 41.5121381860992)"
Dec,background,"c(-68.9686979730058, 42.3347759286507)"
Dec,background,"c(-72.8350953629979, 38.8796974099344)"
Dec,background,"c(-71.7656662976809, 40.1136540237616)"
Dec,background,"c(-67.3234224879028, 42.2525121543955)"
Dec,background,"c(-68.8864341987506, 42.0057208316301)"
Dec,background,"c(-71.3543474264052, 39.784598926741)"
Dec,background,"c(-72.1769851689567, 39.5378076039756)"
Dec,background,"c(-68.6396428759852, 41.5944019603543)"
Dec,background,"c(-66.5007847453512, 42.4170397029058)"
Dec,background,"c(-70.5317096838536, 41.1008193148234)"
Dec,background,"c(-69.5445443927918, 41.3476106375889)"
Dec,background,"c(-69.2154892957712, 42.4170397029058)"
Dec,background,"c(-68.2283240047094, 43.8155238652434)"
Dec,background,"c(-69.2977530700264, 41.1008193148234)"
Dec,background,"c(-67.4056862621579, 44.144578962264)"
Dec,background,"c(-69.3800168442815, 42.2525121543955)"
Dec,background,"c(-70.4494459095985, 42.6638310256713)"
Dec,background,"c(-68.2283240047094, 43.4042049939677)"
Dec,background,"c(-71.1075561036397, 39.784598926741)"
Dec,background,"c(-70.1203908125779, 42.6638310256713)"
Dec,background,"c(-67.0766311651373, 41.8411932831198)"
Dec,background,"c(-69.626808167047, 42.3347759286507)"
Dec,background,"c(-68.7219066502403, 41.7589295088646)"
Dec,background,"c(-68.4751153274749, 42.4170397029058)"
Dec,background,"c(-68.9686979730058, 42.1702483801404)"
Dec,background,"c(-68.7219066502403, 42.2525121543955)"
Dec,background,"c(-69.7090719413021, 43.1574136712022)"
Dec,background,"c(-69.1332255215161, 43.1574136712022)"
Dec,background,"c(-68.7219066502403, 43.4864687682228)"
Dec,background,"c(-72.2592489432118, 39.3732800554653)"
Dec,background,"c(-69.0509617472609, 41.3476106375889)"
Dec,background,"c(-67.1588949393925, 44.3091065107743)"
Dec,background,"c(-69.7913357155573, 43.3219412197125)"
Dec,background,"c(-68.3105877789646, 42.0057208316301)"
Dec,background,"c(-68.9686979730058, 41.9234570573749)"
Dec,background,"c(-68.7219066502403, 41.429874411844)"
Dec,background,"c(-69.0509617472609, 43.6509963167331)"
Dec,background,"c(-72.2592489432118, 39.4555438297204)"
Dec,background,"c(-72.6705678144876, 39.0442249584447)"
Dec,background,"c(-72.4237764917221, 39.6200713782307)"
Dec,background,"c(-70.1203908125779, 40.4427091207822)"
Dec,background,"c(-67.7347413591785, 43.3219412197125)"
Dec,background,"c(-70.2849183610882, 42.6638310256713)"
Dec,background,"c(-73.2464142342736, 39.208752506955)"
Dec,background,"c(-67.5702138106682, 43.8155238652434)"
Dec,background,"c(-68.2283240047094, 43.8977876394986)"
Dec,background,"c(-72.1769851689567, 39.3732800554653)"
Dec,background,"c(-69.2154892957712, 43.1574136712022)"
Dec,background,"c(-68.6396428759852, 43.4042049939677)"
Dec,background,"c(-69.0509617472609, 43.1574136712022)"
Dec,background,"c(-69.7913357155573, 42.9106223484367)"
Dec,background,"c(-69.2977530700264, 41.8411932831198)"
Dec,background,"c(-70.6962372323639, 40.6895004435477)"
Dec,background,"c(-66.0894658740755, 45.0494804790707)"
Dec,background,"c(-69.1332255215161, 41.1830830890786)"
Dec,background,"c(-68.3105877789646, 42.8283585741816)"
Dec,background,"c(-69.7090719413021, 42.0057208316301)"
Dec,background,"c(-69.9558632640676, 42.0879846058852)"
Dec,background,"c(-68.7219066502403, 41.6766657346095)"
Dec,background,"c(-68.55737910173, 43.6509963167331)"
Dec,background,"c(-69.5445443927918, 41.6766657346095)"
Dec,background,"c(-68.6396428759852, 41.5121381860992)"
Dec,background,"c(-66.5830485196064, 41.3476106375889)"
Dec,background,"c(-72.4237764917221, 39.1264887326998)"
Dec,background,"c(-71.6011387491706, 39.6200713782307)"
Dec,background,"c(-69.2154892957712, 41.7589295088646)"
Dec,background,"c(-66.8298398423719, 44.9672167048155)"
Dec,background,"c(-68.4751153274749, 43.4042049939677)"
Dec,background,"c(-72.7528315887427, 39.1264887326998)"
Dec,background,"c(-69.7090719413021, 43.2396774454574)"
Dec,background,"c(-69.7913357155573, 41.8411932831198)"
Dec,background,"c(-68.4751153274749, 43.568732542478)"
Dec,background,"c(-70.2849183610882, 42.2525121543955)"
Dec,background,"c(-69.1332255215161, 41.1008193148234)"
Dec,background,"c(-67.6524775849234, 40.2781815722719)"
Dec,background,"c(-69.626808167047, 42.0879846058852)"
Dec,background,"c(-69.626808167047, 42.6638310256713)"
Dec,background,"c(-68.4751153274749, 41.6766657346095)"
Dec,background,"c(-68.6396428759852, 42.0057208316301)"
Dec,background,"c(-68.8864341987506, 42.0879846058852)"
Dec,background,"c(-67.3234224879028, 42.3347759286507)"
Dec,background,"c(-71.27208365215, 40.0313902495065)"
Dec,background,"c(-68.8041704244955, 41.1830830890786)"
Dec,background,"c(-69.2977530700264, 42.9106223484367)"
Dec,background,"c(-69.2154892957712, 42.3347759286507)"
Dec,background,"c(-69.2977530700264, 42.5815672514161)"
Dec,background,"c(-69.5445443927918, 43.1574136712022)"
Dec,background,"c(-68.6396428759852, 43.3219412197125)"
Dec,background,"c(-69.1332255215161, 41.2653468633337)"
Dec,background,"c(-69.9558632640676, 42.0057208316301)"
Dec,background,"c(-67.981532681944, 42.8283585741816)"
Dec,background,"c(-68.7219066502403, 43.2396774454574)"
Dec,background,"c(-68.6396428759852, 43.7332600909883)"
Dec,background,"c(-68.8041704244955, 42.3347759286507)"
Dec,background,"c(-71.1898198778948, 40.6072366692925)"
Dec,background,"c(-71.1075561036397, 40.7717642178028)"
Dec,background,"c(-68.55737910173, 41.9234570573749)"
Dec,background,"c(-69.5445443927918, 43.2396774454574)"
Dec,background,"c(-69.5445443927918, 41.1830830890786)"
Dec,background,"c(-72.4237764917221, 39.5378076039756)"
Dec,background,"c(-68.7219066502403, 43.6509963167331)"
Dec,background,"c(-67.7347413591785, 40.3604453465271)"
Dec,background,"c(-69.1332255215161, 43.0751498969471)"
Dec,background,"c(-72.7528315887427, 39.7023351524859)"
Dec,background,"c(-69.2977530700264, 41.6766657346095)"
Dec,background,"c(-69.4622806185367, 42.9106223484367)"
Dec,background,"c(-67.8170051334337, 42.0057208316301)"
Dec,background,"c(-66.5007847453512, 45.0494804790707)"
Dec,background,"c(-69.7090719413021, 40.1959177980168)"
Dec,background,"c(-68.2283240047094, 42.499303477161)"
Dec,background,"c(-70.4494459095985, 40.7717642178028)"
Dec,background,"c(-69.7090719413021, 42.1702483801404)"
Dec,background,"c(-69.8735994898124, 41.8411932831198)"
Dec,background,"c(-69.7913357155573, 41.7589295088646)"
Dec,background,"c(-69.7090719413021, 41.9234570573749)"
Dec,background,"c(-71.3543474264052, 39.6200713782307)"
Dec,background,"c(-72.341512717467, 39.5378076039756)"
Dec,background,"c(-67.8170051334337, 42.9928861226919)"
Dec,background,"c(-68.3105877789646, 42.4170397029058)"
Dec,background,"c(-68.9686979730058, 41.5944019603543)"
Dec,background,"c(-66.1717296483306, 44.8849529305604)"
Dec,background,"c(-66.9943673908821, 42.3347759286507)"
Dec,background,"c(-68.55737910173, 42.4170397029058)"
Dec,background,"c(-69.2154892957712, 42.5815672514161)"
Dec,background,"c(-70.1203908125779, 42.0879846058852)"
Dec,background,"c(-68.1460602304543, 43.568732542478)"
Dec,background,"c(-69.7913357155573, 43.2396774454574)"
Dec,background,"c(-70.3671821353433, 40.4427091207822)"
Dec,background,"c(-70.9430285551294, 41.1830830890786)"
Dec,background,"c(-73.0818866857633, 39.1264887326998)"
Dec,background,"c(-67.8170051334337, 42.7460947999264)"
Dec,background,"c(-68.4751153274749, 42.0057208316301)"
Dec,background,"c(-68.9686979730058, 42.0879846058852)"
Dec,background,"c(-69.626808167047, 42.9106223484367)"
Dec,background,"c(-67.981532681944, 43.8977876394986)"
Dec,background,"c(-70.0381270383227, 42.0879846058852)"
Dec,background,"c(-71.4366112006603, 39.7023351524859)"
Dec,background,"c(-68.2283240047094, 42.0879846058852)"
Dec,background,"c(-67.7347413591785, 43.8155238652434)"
Dec,background,"c(-69.1332255215161, 41.429874411844)"
Dec,background,"c(-66.1717296483306, 44.8026891563052)"
Dec,background,"c(-69.3800168442815, 41.1830830890786)"
Dec,background,"c(-66.2539934225858, 44.6381616077949)"
Dec,background,"c(-68.0637964561991, 42.0057208316301)"
Dec,background,"c(-69.5445443927918, 43.4864687682228)"
Dec,background,"c(-67.6524775849234, 42.6638310256713)"
Dec,background,"c(-69.9558632640676, 42.9928861226919)"
Dec,background,"c(-71.9301938461912, 39.6200713782307)"
Dec,background,"c(-66.2539934225858, 41.1008193148234)"
Dec,background,"c(-68.9686979730058, 42.5815672514161)"
Dec,background,"c(-69.4622806185367, 41.5121381860992)"
Dec,background,"c(-72.0124576204464, 40.0313902495065)"
Dec,background,"c(-70.3671821353433, 42.0057208316301)"
Dec,background,"c(-67.2411587136476, 42.2525121543955)"
Dec,background,"c(-69.3800168442815, 42.0057208316301)"
Dec,background,"c(-67.8170051334337, 43.8155238652434)"
Dec,background,"c(-71.4366112006603, 40.2781815722719)"
Dec,background,"c(-66.912103616627, 43.9800514137537)"
Dec,background,"c(-67.4879500364131, 43.6509963167331)"
Dec,background,"c(-72.0124576204464, 40.1959177980168)"
Dec,background,"c(-70.202654586833, 43.4042049939677)"
Dec,background,"c(-68.6396428759852, 43.0751498969471)"
Dec,background,"c(-68.9686979730058, 41.8411932831198)"
Dec,background,"c(-71.3543474264052, 40.7717642178028)"
Dec,background,"c(-72.0947213947015, 40.2781815722719)"
Dec,background,"c(-71.5188749749155, 40.2781815722719)"
Dec,background,"c(-69.7913357155573, 40.7717642178028)"
Dec,background,"c(-71.7656662976809, 40.6895004435477)"
Dec,background,"c(-71.6011387491706, 40.2781815722719)"
Dec,background,"c(-68.8864341987506, 41.9234570573749)"
Dec,background,"c(-68.3105877789646, 41.9234570573749)"
Dec,background,"c(-69.2977530700264, 43.1574136712022)"
Dec,background,"c(-71.8479300719361, 40.6895004435477)"
Dec,background,"c(-67.6524775849234, 40.6072366692925)"
Dec,background,"c(-72.5883040402324, 39.2910162812101)"
Dec,background,"c(-68.55737910173, 43.4864687682228)"
Dec,background,"c(-72.1769851689567, 40.7717642178028)"
Dec,background,"c(-70.1203908125779, 43.0751498969471)"
Dec,background,"c(-69.2154892957712, 43.0751498969471)"
Dec,background,"c(-71.6011387491706, 39.784598926741)"
Dec,background,"c(-72.5060402659773, 39.3732800554653)"
Dec,background,"c(-68.3928515532197, 43.568732542478)"
Dec,background,"c(-70.1203908125779, 42.3347759286507)"
Dec,background,"c(-70.9430285551294, 40.1136540237616)"
Dec,background,"c(-67.1588949393925, 42.2525121543955)"
Dec,background,"c(-68.7219066502403, 42.0879846058852)"
Dec,background,"c(-68.3928515532197, 41.429874411844)"
Dec,background,"c(-67.7347413591785, 42.8283585741816)"
Dec,background,"c(-67.7347413591785, 43.7332600909883)"
Dec,background,"c(-67.8992689076888, 42.0057208316301)"
Dec,background,"c(-67.7347413591785, 42.0879846058852)"
Dec,background,"c(-71.4366112006603, 40.9362917663131)"
Dec,background,"c(-69.1332255215161, 41.9234570573749)"
Dec,background,"c(-69.8735994898124, 42.8283585741816)"
Dec,background,"c(-68.9686979730058, 42.499303477161)"
Dec,background,"c(-70.3671821353433, 42.0879846058852)"
Dec,background,"c(-71.3543474264052, 41.0185555405683)"
Dec,background,"c(-69.7090719413021, 42.8283585741816)"
Dec,background,"c(-69.1332255215161, 42.2525121543955)"
Dec,background,"c(-67.7347413591785, 42.4170397029058)"
Dec,background,"c(-65.1845643572688, 43.0751498969471)"
Dec,background,"c(-67.5702138106682, 43.1574136712022)"
Dec,background,"c(-68.8864341987506, 42.499303477161)"
Dec,background,"c(-69.626808167047, 43.0751498969471)"
Dec,background,"c(-71.7656662976809, 40.0313902495065)"
Dec,background,"c(-70.2849183610882, 41.9234570573749)"
Dec,background,"c(-66.3362571968409, 42.3347759286507)"
Dec,background,"c(-72.9996229115082, 39.1264887326998)"
Dec,background,"c(-72.0947213947015, 40.7717642178028)"
Dec,background,"c(-72.1769851689567, 39.8668627009962)"
Dec,background,"c(-69.8735994898124, 42.7460947999264)"
Dec,background,"c(-70.0381270383227, 40.6072366692925)"
Dec,background,"c(-72.917359137253, 39.0442249584447)"
Dec,background,"c(-69.5445443927918, 43.0751498969471)"
Dec,background,"c(-71.0252923293846, 40.5249728950374)"
Dec,background,"c(-68.2283240047094, 42.2525121543955)"
Dec,background,"c(-69.7090719413021, 42.2525121543955)"
Dec,background,"c(-69.4622806185367, 41.7589295088646)"
Dec,background,"c(-69.8735994898124, 42.499303477161)"
Dec,background,"c(-69.4622806185367, 42.1702483801404)"
Dec,background,"c(-68.2283240047094, 41.1008193148234)"
Dec,background,"c(-69.2154892957712, 42.0879846058852)"
Dec,background,"c(-68.7219066502403, 41.3476106375889)"
Dec,background,"c(-69.2154892957712, 42.1702483801404)"
Dec,background,"c(-72.1769851689567, 39.4555438297204)"
Dec,background,"c(-71.3543474264052, 40.3604453465271)"
Dec,background,"c(-70.1203908125779, 40.6895004435477)"
Dec,background,"c(-68.4751153274749, 41.5121381860992)"
Dec,background,"c(-67.4879500364131, 43.9800514137537)"
Dec,background,"c(-69.8735994898124, 42.0879846058852)"
Dec,background,"c(-69.2154892957712, 40.1136540237616)"
Dec,background,"c(-71.6834025234258, 39.4555438297204)"
Dec,background,"c(-72.4237764917221, 39.3732800554653)"
Dec,background,"c(-67.8170051334337, 42.1702483801404)"
Dec,background,"c(-66.5830485196064, 44.9672167048155)"
Dec,background,"c(-72.0124576204464, 40.7717642178028)"
Dec,background,"c(-70.1203908125779, 42.8283585741816)"
Dec,background,"c(-67.5702138106682, 42.1702483801404)"
Dec,background,"c(-69.626808167047, 41.9234570573749)"
Dec,background,"c(-69.5445443927918, 42.9928861226919)"
Dec,background,"c(-69.1332255215161, 42.4170397029058)"
Dec,background,"c(-70.1203908125779, 41.1008193148234)"
Dec,background,"c(-71.6834025234258, 40.2781815722719)"
Dec,background,"c(-66.5007847453512, 42.2525121543955)"
Dec,background,"c(-69.0509617472609, 41.7589295088646)"
Dec,background,"c(-71.1898198778948, 40.9362917663131)"
Dec,background,"c(-73.2464142342736, 39.0442249584447)"
Dec,background,"c(-68.8864341987506, 41.2653468633337)"
Dec,background,"c(-72.0124576204464, 40.5249728950374)"
Dec,background,"c(-68.2283240047094, 42.4170397029058)"
Dec,background,"c(-71.3543474264052, 39.8668627009962)"
Dec,background,"c(-68.1460602304543, 43.8155238652434)"
Dec,background,"c(-68.7219066502403, 43.4042049939677)"
Dec,background,"c(-70.2849183610882, 42.9106223484367)"
Dec,background,"c(-68.8041704244955, 41.6766657346095)"
Dec,background,"c(-67.981532681944, 42.0057208316301)"
Dec,background,"c(-70.6139734581088, 40.6895004435477)"
Dec,background,"c(-68.9686979730058, 42.9106223484367)"
Dec,background,"c(-67.8170051334337, 43.7332600909883)"
Dec,background,"c(-69.0509617472609, 41.6766657346095)"
Dec,background,"c(-69.5445443927918, 42.0879846058852)"
Dec,background,"c(-69.1332255215161, 41.6766657346095)"
Dec,background,"c(-73.2464142342736, 39.8668627009962)"
Dec,background,"c(-67.7347413591785, 42.5815672514161)"
Dec,background,"c(-67.3234224879028, 40.3604453465271)"
Dec,background,"c(-69.4622806185367, 42.499303477161)"
Dec,background,"c(-71.8479300719361, 40.4427091207822)"
Dec,background,"c(-68.9686979730058, 43.4042049939677)"
Dec,background,"c(-70.3671821353433, 42.1702483801404)"
Dec,background,"c(-71.0252923293846, 40.854027992058)"
Dec,background,"c(-68.3928515532197, 41.5944019603543)"
Dec,background,"c(-69.3800168442815, 43.3219412197125)"
Dec,background,"c(-69.2154892957712, 41.6766657346095)"
Dec,background,"c(-68.8864341987506, 42.2525121543955)"
Dec,background,"c(-69.3800168442815, 42.5815672514161)"
Dec,background,"c(-72.1769851689567, 40.6895004435477)"
Dec,background,"c(-72.1769851689567, 39.784598926741)"
Dec,background,"c(-70.0381270383227, 42.1702483801404)"
Dec,background,"c(-67.7347413591785, 43.4042049939677)"
Dec,background,"c(-70.8607647808742, 40.7717642178028)"
Dec,background,"c(-68.3928515532197, 41.7589295088646)"
Dec,background,"c(-69.7913357155573, 42.5815672514161)"
Dec,background,"c(-69.2977530700264, 42.2525121543955)"
Dec,background,"c(-71.9301938461912, 39.9491264752513)"
Dec,background,"c(-69.1332255215161, 40.3604453465271)"
Dec,background,"c(-71.7656662976809, 39.9491264752513)"
Dec,background,"c(-69.3800168442815, 41.8411932831198)"
Dec,background,"c(-67.4879500364131, 42.2525121543955)"
Dec,background,"c(-67.8992689076888, 43.2396774454574)"
Dec,background,"c(-70.3671821353433, 42.2525121543955)"
Dec,background,"c(-67.8992689076888, 42.1702483801404)"
Dec,background,"c(-69.3800168442815, 42.7460947999264)"
Dec,background,"c(-66.6653122938615, 40.854027992058)"
Dec,background,"c(-67.0766311651373, 45.0494804790707)"
Dec,background,"c(-69.5445443927918, 42.5815672514161)"
Dec,background,"c(-69.7913357155573, 43.0751498969471)"
Dec,background,"c(-68.3105877789646, 43.7332600909883)"
Dec,background,"c(-68.55737910173, 41.5121381860992)"
Dec,background,"c(-69.9558632640676, 42.6638310256713)"
Dec,background,"c(-68.7219066502403, 41.2653468633337)"
Dec,background,"c(-69.2977530700264, 43.568732542478)"
Dec,background,"c(-67.3234224879028, 44.144578962264)"
Dec,background,"c(-68.8041704244955, 42.6638310256713)"
Dec,background,"c(-69.1332255215161, 40.6072366692925)"
Dec,background,"c(-71.5188749749155, 39.784598926741)"
Dec,background,"c(-69.626808167047, 39.6200713782307)"
Dec,background,"c(-72.6705678144876, 39.208752506955)"
Dec,background,"c(-68.9686979730058, 41.429874411844)"
Dec,background,"c(-68.55737910173, 41.7589295088646)"
Dec,background,"c(-72.5883040402324, 40.6072366692925)"
Dec,background,"c(-71.4366112006603, 39.9491264752513)"
Dec,background,"c(-69.7913357155573, 42.499303477161)"
Dec,background,"c(-69.3800168442815, 42.0879846058852)"
Dec,background,"c(-71.1898198778948, 41.2653468633337)"
Dec,background,"c(-72.341512717467, 39.784598926741)"
Dec,background,"c(-72.4237764917221, 40.1959177980168)"
Dec,background,"c(-70.0381270383227, 42.9928861226919)"
Dec,background,"c(-72.5883040402324, 40.5249728950374)"
Dec,background,"c(-71.9301938461912, 40.7717642178028)"
Dec,background,"c(-70.3671821353433, 40.9362917663131)"
Dec,background,"c(-67.6524775849234, 43.0751498969471)"
Dec,background,"c(-69.0509617472609, 41.429874411844)"
Dec,background,"c(-69.8735994898124, 41.6766657346095)"
Dec,background,"c(-69.626808167047, 43.568732542478)"
Dec,background,"c(-66.6653122938615, 44.8849529305604)"
Dec,background,"c(-69.4622806185367, 42.0057208316301)"
Dec,background,"c(-68.7219066502403, 42.4170397029058)"
Dec,background,"c(-68.3105877789646, 41.5944019603543)"
Dec,background,"c(-70.9430285551294, 40.5249728950374)"
Dec,background,"c(-69.1332255215161, 41.5944019603543)"
Dec,background,"c(-69.626808167047, 42.1702483801404)"
Dec,background,"c(-67.2411587136476, 44.2268427365192)"
Dec,background,"c(-68.8864341987506, 42.7460947999264)"
Dec,background,"c(-67.2411587136476, 42.3347759286507)"
Dec,background,"c(-70.6962372323639, 41.2653468633337)"
Dec,background,"c(-69.5445443927918, 41.8411932831198)"
Dec,background,"c(-69.4622806185367, 42.7460947999264)"
Dec,background,"c(-72.2592489432118, 40.6072366692925)"
Dec,background,"c(-72.5883040402324, 39.4555438297204)"
Dec,background,"c(-68.2283240047094, 41.9234570573749)"
Dec,background,"c(-71.9301938461912, 40.1959177980168)"
Dec,background,"c(-71.5188749749155, 39.9491264752513)"
Dec,background,"c(-69.2977530700264, 41.3476106375889)"
Dec,background,"c(-68.9686979730058, 43.0751498969471)"
Dec,background,"c(-69.7913357155573, 42.2525121543955)"
Dec,background,"c(-68.4751153274749, 43.1574136712022)"
Dec,background,"c(-71.8479300719361, 39.7023351524859)"
Dec,background,"c(-72.0124576204464, 40.2781815722719)"
Dec,background,"c(-70.202654586833, 42.2525121543955)"
Dec,background,"c(-68.3928515532197, 43.4042049939677)"
Dec,background,"c(-67.4056862621579, 42.4170397029058)"
Dec,background,"c(-70.1203908125779, 40.9362917663131)"
Dec,background,"c(-67.4879500364131, 44.3091065107743)"
Dec,background,"c(-71.4366112006603, 41.0185555405683)"
Dec,background,"c(-70.4494459095985, 42.4170397029058)"
Dec,background,"c(-70.3671821353433, 42.9928861226919)"
Dec,background,"c(-70.0381270383227, 40.5249728950374)"
Dec,background,"c(-72.0947213947015, 40.854027992058)"
Dec,background,"c(-72.4237764917221, 40.2781815722719)"
Dec,background,"c(-71.3543474264052, 41.1008193148234)"
Dec,background,"c(-70.2849183610882, 42.0057208316301)"
Dec,background,"c(-71.1075561036397, 40.9362917663131)"
Dec,background,"c(-67.8992689076888, 43.8155238652434)"
Dec,background,"c(-69.1332255215161, 42.9928861226919)"
Dec,background,"c(-66.7475760681167, 40.5249728950374)"
Dec,background,"c(-68.8864341987506, 43.0751498969471)"
Dec,background,"c(-72.5060402659773, 39.6200713782307)"
